buyer_id,seller_id,priority_score,conversion_probability,priority_tier,why_prioritize,recommended_action,urgency,buyer_company_size,inquiry_value,quantity
2077,606,44.6,0.44620596269842167,High,"['Critical urgency', 'Repeat buyer with 2 previous orders', 'Large buyer', 'High inquiry value (₹24,578)']",Respond within 15 minutes,Critical,Large,24577.57,11
1697,961,43.9,0.4393821141462637,High,"['Critical urgency', 'Repeat buyer with 4 previous orders', 'Large buyer', 'Large quantity (10 units)']",Respond within 15 minutes,Critical,Large,13717.86,10
1726,480,43.5,0.4348512374127331,High,"['Critical urgency', 'Repeat buyer with 2 previous orders', 'Large buyer', 'Large quantity (15 units)']",Respond within 15 minutes,Critical,Large,16227.37,15
3396,97,43.1,0.4314408113745687,High,"['Critical urgency', 'Repeat buyer with 6 previous orders', 'Enterprise buyer', 'High inquiry value (₹44,976)']",Respond within 15 minutes,Critical,Enterprise,44975.75,17
503,125,42.8,0.42762037034877987,High,"['Critical urgency', 'Repeat buyer with 2 previous orders', 'Large buyer']",Respond within 15 minutes,Critical,Large,6707.18,8
367,343,42.5,0.4254217542180898,High,"['Critical urgency', 'Repeat buyer with 2 previous orders', 'Enterprise buyer', 'Large quantity (14 units)']",Respond within 15 minutes,Critical,Enterprise,16754.57,14
4710,874,42.4,0.42368674206372664,High,"['Critical urgency', 'Repeat buyer with 4 previous orders', 'Large buyer', 'Strong seller rating (4.6)']",Respond within 15 minutes,Critical,Large,14756.26,8
4900,59,42.3,0.4234606330565855,High,"['Critical urgency', 'Repeat buyer with 4 previous orders', 'Enterprise buyer', 'High inquiry value (₹28,117)']",Respond within 15 minutes,Critical,Enterprise,28116.81,12
1714,167,42.0,0.4198755187183639,High,"['Critical urgency', 'Repeat buyer with 2 previous orders', 'Enterprise buyer', 'High inquiry value (₹25,141)']",Respond within 15 minutes,Critical,Enterprise,25140.6,16
2104,535,41.9,0.41869162481515826,High,"['Critical urgency', 'Repeat buyer with 3 previous orders', 'Enterprise buyer', 'High inquiry value (₹29,393)']",Respond within 15 minutes,Critical,Enterprise,29392.79,13
782,181,41.8,0.4180324807833045,High,"['Critical urgency', 'Repeat buyer with 3 previous orders', 'Large buyer', 'Strong seller rating (4.6)']",Respond within 15 minutes,Critical,Large,8939.13,9
4235,184,41.8,0.4179592203015374,High,"['Critical urgency', 'Repeat buyer with 3 previous orders', 'Enterprise buyer', 'High inquiry value (₹20,936)']",Respond within 15 minutes,Critical,Enterprise,20935.92,12
2175,233,41.8,0.41752517440652875,High,"['Critical urgency', 'Repeat buyer with 6 previous orders', 'Enterprise buyer', 'High inquiry value (₹30,127)']",Respond within 15 minutes,Critical,Enterprise,30127.02,15
1580,61,41.5,0.41481930218104,High,"['Critical urgency', 'Repeat buyer with 2 previous orders', 'Enterprise buyer', 'High inquiry value (₹28,409)']",Respond within 15 minutes,Critical,Enterprise,28408.57,24
1774,77,41.4,0.4136407564716098,High,"['Critical urgency', 'Repeat buyer with 2 previous orders', 'Large buyer', 'Large quantity (12 units)']",Respond within 15 minutes,Critical,Large,12239.07,12
3355,120,41.3,0.41256559122338676,High,"['Critical urgency', 'Repeat buyer with 2 previous orders', 'Enterprise buyer', 'High inquiry value (₹21,599)']",Respond within 15 minutes,Critical,Enterprise,21599.06,14
4510,150,41.1,0.4105561835356686,High,"['Critical urgency', 'Repeat buyer with 3 previous orders', 'Enterprise buyer', 'Large quantity (11 units)']",Respond within 15 minutes,Critical,Enterprise,12303.49,11
4405,621,41.1,0.4105042549236505,High,"['Critical urgency', 'Repeat buyer with 2 previous orders', 'Strong seller rating (4.7)']",Respond within 15 minutes,Critical,Medium,17321.28,8
793,606,41.1,0.4111393845692559,High,"['Critical urgency', 'Repeat buyer with 2 previous orders', 'Large quantity (10 units)']",Respond within 15 minutes,Critical,Medium,15126.31,10
4205,226,41.0,0.4101706992805207,High,"['Critical urgency', 'Repeat buyer with 2 previous orders', 'Large buyer', 'Large quantity (16 units)']",Respond within 15 minutes,Critical,Large,19987.61,16
828,584,40.9,0.4088143366548445,High,"['Critical urgency', 'Repeat buyer with 2 previous orders', 'Large buyer', 'Large quantity (11 units)']",Respond within 15 minutes,Critical,Large,16612.97,11
3507,435,40.9,0.4090068886881256,High,"['Critical urgency', 'Repeat buyer with 2 previous orders', 'Large buyer', 'High inquiry value (₹24,909)']",Respond within 15 minutes,Critical,Large,24909.4,20
3619,395,40.9,0.4088878649448147,High,"['Critical urgency', 'Repeat buyer with 3 previous orders', 'Large quantity (13 units)']",Respond within 15 minutes,Critical,Micro,17081.59,13
3055,203,40.8,0.4083053317679503,High,"['Critical urgency', 'Repeat buyer with 2 previous orders', 'Enterprise buyer', 'High inquiry value (₹38,195)']",Respond within 15 minutes,Critical,Enterprise,38194.88,16
4743,483,40.8,0.40761626811155954,High,"['Critical urgency', 'Repeat buyer with 1 previous orders', 'Enterprise buyer', 'Large quantity (13 units)']",Respond within 15 minutes,Critical,Enterprise,19040.67,13
1996,637,40.6,0.4062664505939551,High,"['Critical urgency', 'Repeat buyer with 3 previous orders', 'Large buyer']",Respond within 15 minutes,Critical,Large,7178.25,6
2551,386,40.5,0.4050178644196309,High,"['High urgency', 'Repeat buyer with 3 previous orders', 'Enterprise buyer', 'Large quantity (14 units)']",Respond within 30 minutes,High,Enterprise,16198.3,14
1205,163,40.4,0.4041763899509467,High,"['Critical urgency', 'Repeat buyer with 1 previous orders', 'Large buyer']",Respond within 15 minutes,Critical,Large,8182.78,8
3058,809,40.2,0.40221968613059905,High,"['Critical urgency', 'Repeat buyer with 3 previous orders', 'Enterprise buyer', 'Large quantity (16 units)']",Respond within 15 minutes,Critical,Enterprise,16292.72,16
2503,46,40.2,0.4019463470011914,High,"['Critical urgency', 'Repeat buyer with 3 previous orders', 'Large quantity (17 units)']",Respond within 15 minutes,Critical,Medium,12593.06,17
928,868,40.2,0.4022669246291251,High,"['High urgency', 'Repeat buyer with 3 previous orders', 'Enterprise buyer', 'Large quantity (11 units)']",Respond within 30 minutes,High,Enterprise,17887.13,11
3869,80,40.2,0.4022669246291251,High,"['High urgency', 'Repeat buyer with 4 previous orders', 'Enterprise buyer', 'Large quantity (18 units)']",Respond within 30 minutes,High,Enterprise,18071.12,18
830,999,40.2,0.40221968613059905,High,"['Critical urgency', 'Repeat buyer with 3 previous orders', 'Enterprise buyer', 'Large quantity (11 units)']",Respond within 15 minutes,Critical,Enterprise,11399.34,11
569,459,40.2,0.4019463470011914,High,"['Critical urgency', 'Repeat buyer with 4 previous orders', 'Large quantity (12 units)', 'Strong seller rating (4.8)']",Respond within 15 minutes,Critical,Medium,14292.55,12
1355,515,40.1,0.4010491428001534,High,"['Critical urgency', 'Repeat buyer with 2 previous orders', 'Large quantity (13 units)']",Respond within 15 minutes,Critical,Small,17770.85,13
1884,985,40.0,0.4001083125396091,High,"['Critical urgency', 'Repeat buyer with 3 previous orders', 'Large buyer', 'Large quantity (17 units)']",Respond within 15 minutes,Critical,Large,12928.45,17
702,926,39.8,0.3984856018155477,High,"['Critical urgency', 'Repeat buyer with 4 previous orders', 'High inquiry value (₹23,021)', 'Large quantity (13 units)']",Respond within 15 minutes,Critical,Micro,23020.98,13
3851,869,39.8,0.3982217929145024,High,"['Critical urgency', 'Repeat buyer with 2 previous orders', 'Large quantity (11 units)', 'Strong seller rating (4.8)']",Respond within 15 minutes,Critical,Small,5901.16,11
2334,502,39.8,0.3975776018496539,High,"['High urgency', 'Repeat buyer with 3 previous orders', 'Enterprise buyer', 'Strong seller rating (4.5)']",Respond within 30 minutes,High,Enterprise,8793.25,9
1671,910,39.7,0.3970060724739933,High,"['Critical urgency', 'Repeat buyer with 2 previous orders', 'High inquiry value (₹36,218)', 'Large quantity (14 units)']",Respond within 15 minutes,Critical,Medium,36218.05,14
40,635,39.5,0.3954163220965174,High,"['Critical urgency', 'Repeat buyer with 2 previous orders', 'Large buyer']",Respond within 15 minutes,Critical,Large,11627.03,7
1459,224,39.4,0.39448546381357014,High,"['Critical urgency', 'Repeat buyer with 1 previous orders', 'Enterprise buyer', 'Large quantity (13 units)']",Respond within 15 minutes,Critical,Enterprise,9654.94,13
3991,58,39.4,0.39387914075598485,High,"['Critical urgency', 'Repeat buyer with 3 previous orders', 'Enterprise buyer', 'Large quantity (14 units)']",Respond within 15 minutes,Critical,Enterprise,18707.61,14
77,278,39.4,0.3944519906949144,High,"['High urgency', 'Repeat buyer with 4 previous orders', 'Enterprise buyer', 'Large quantity (10 units)']",Respond within 30 minutes,High,Enterprise,8573.22,10
173,603,39.3,0.3930285424195661,High,"['Critical urgency', 'Repeat buyer with 2 previous orders', 'Strong seller rating (4.9)']",Respond within 15 minutes,Critical,Micro,10649.09,8
3677,513,39.3,0.3928256219350768,High,"['Critical urgency', 'Repeat buyer with 2 previous orders', 'High inquiry value (₹37,109)', 'Large quantity (13 units)']",Respond within 15 minutes,Critical,Medium,37108.63,13
4725,28,39.3,0.3931041450025732,High,"['Critical urgency', 'Repeat buyer with 2 previous orders', 'Large quantity (13 units)']",Respond within 15 minutes,Critical,Small,19693.22,13
61,167,39.3,0.3930655528098449,High,"['Critical urgency', 'Repeat buyer with 1 previous orders', 'Enterprise buyer']",Respond within 15 minutes,Critical,Enterprise,14968.82,9
3278,386,39.3,0.3930285424195661,High,"['Critical urgency', 'Repeat buyer with 2 previous orders', 'Large quantity (14 units)', 'Strong seller rating (4.5)']",Respond within 15 minutes,Critical,Small,8233.34,14
1974,836,39.2,0.3915272644511834,High,"['Critical urgency', 'Repeat buyer with 2 previous orders', 'High inquiry value (₹20,284)', 'Large quantity (11 units)']",Respond within 15 minutes,Critical,Medium,20283.8,11
2044,38,39.2,0.3915272644511834,High,"['Critical urgency', 'Repeat buyer with 2 previous orders', 'High inquiry value (₹22,244)', 'Large quantity (11 units)']",Respond within 15 minutes,Critical,Medium,22243.73,11
2690,316,39.1,0.3912915154230041,High,"['High urgency', 'Repeat buyer with 3 previous orders', 'Enterprise buyer', 'High inquiry value (₹20,761)']",Respond within 30 minutes,High,Enterprise,20760.75,9
2643,560,39.1,0.39143527205132295,High,"['Critical urgency', 'Repeat buyer with 5 previous orders', 'Large quantity (16 units)']",Respond within 15 minutes,Critical,Micro,13361.92,16
4924,754,39.1,0.39102092114302484,High,"['Critical urgency', 'Repeat buyer with 2 previous orders', 'Large buyer', 'High inquiry value (₹30,252)']",Respond within 15 minutes,Critical,Large,30252.05,15
4228,963,39.1,0.3907128031490775,High,"['Critical urgency', 'Repeat buyer with 2 previous orders', 'Large quantity (11 units)']",Respond within 15 minutes,Critical,Medium,9841.18,11
4854,48,39.1,0.39063254800519526,High,"['Critical urgency', 'Repeat buyer with 2 previous orders', 'High inquiry value (₹31,567)', 'Large quantity (13 units)']",Respond within 15 minutes,Critical,Medium,31566.73,13
1856,716,39.0,0.3897888043124102,High,"['High urgency', 'Repeat buyer with 2 previous orders', 'Enterprise buyer', 'Large quantity (16 units)']",Respond within 30 minutes,High,Enterprise,15103.57,16
4056,558,39.0,0.38988452948544,High,"['Critical urgency', 'Repeat buyer with 2 previous orders', 'High inquiry value (₹53,422)', 'Large quantity (18 units)']",Respond within 15 minutes,Critical,Small,53421.71,18
1403,286,39.0,0.3899059304747809,High,"['Critical urgency', 'Repeat buyer with 3 previous orders', 'High inquiry value (₹29,714)', 'Large quantity (15 units)']",Respond within 15 minutes,Critical,Medium,29713.8,15
180,201,38.9,0.38911276722730925,High,"['Critical urgency', 'Repeat buyer with 1 previous orders', 'Enterprise buyer', 'Large quantity (10 units)']",Respond within 15 minutes,Critical,Enterprise,14984.33,10
4575,824,38.9,0.3893524151750743,High,"['Critical urgency', 'Repeat buyer with 2 previous orders', 'Large buyer']",Respond within 15 minutes,Critical,Large,19929.8,7
1665,914,38.8,0.3883790343907509,High,"['High urgency', 'Repeat buyer with 4 previous orders', 'Enterprise buyer', 'Large quantity (12 units)']",Respond within 30 minutes,High,Enterprise,14473.61,12
885,300,38.8,0.38750270021898253,High,"['Critical urgency', 'Repeat buyer with 1 previous orders', 'Enterprise buyer', 'High inquiry value (₹20,969)']",Respond within 15 minutes,Critical,Enterprise,20968.88,14
4744,979,38.8,0.3877444688071889,High,"['Critical urgency', 'Repeat buyer with 2 previous orders', 'High inquiry value (₹23,216)', 'Large quantity (17 units)']",Respond within 15 minutes,Critical,Medium,23215.56,17
1249,865,38.8,0.3877444688071889,High,"['Critical urgency', 'Repeat buyer with 2 previous orders', 'High inquiry value (₹25,912)', 'Large quantity (14 units)']",Respond within 15 minutes,Critical,Medium,25912.07,14
1534,269,38.7,0.3865722752832774,High,"['Critical urgency', 'Repeat buyer with 1 previous orders', 'Enterprise buyer', 'Large quantity (13 units)']",Respond within 15 minutes,Critical,Enterprise,16303.95,13
3409,741,38.7,0.38721796185469004,High,"['Critical urgency', 'Repeat buyer with 2 previous orders', 'Large quantity (10 units)']",Respond within 15 minutes,Critical,Micro,8398.34,10
4594,22,38.7,0.386995322954391,High,"['Critical urgency', 'Repeat buyer with 3 previous orders', 'High inquiry value (₹33,112)', 'Large quantity (14 units)']",Respond within 15 minutes,Critical,Small,33112.5,14
3785,338,38.6,0.3858377243670462,High,"['High urgency', 'Repeat buyer with 3 previous orders', 'Enterprise buyer', 'High inquiry value (₹33,616)']",Respond within 30 minutes,High,Enterprise,33616.43,15
1965,794,38.6,0.3857903696170843,High,"['Critical urgency', 'Repeat buyer with 3 previous orders', 'Large quantity (15 units)']",Respond within 15 minutes,Critical,Micro,19971.43,15
2815,439,38.5,0.38518715412153515,High,"['High urgency', 'Repeat buyer with 3 previous orders', 'Enterprise buyer']",Respond within 30 minutes,High,Enterprise,7179.07,8
1497,51,38.5,0.3846784946699574,High,"['Critical urgency', 'Repeat buyer with 2 previous orders', 'High inquiry value (₹23,303)', 'Large quantity (10 units)']",Respond within 15 minutes,Critical,Small,23303.25,10
3290,841,38.4,0.38400473059577533,High,"['Critical urgency', 'Repeat buyer with 1 previous orders', 'Enterprise buyer', 'High inquiry value (₹23,636)']",Respond within 15 minutes,Critical,Enterprise,23636.4,11
835,435,38.4,0.38392533317632904,High,"['High urgency', 'Repeat buyer with 2 previous orders', 'Large buyer', 'High inquiry value (₹42,793)']",Respond within 30 minutes,High,Large,42792.89,16
720,483,38.4,0.3842924876079174,High,"['Critical urgency', 'Repeat buyer with 3 previous orders', 'Large quantity (10 units)', 'Strong seller rating (4.6)']",Respond within 15 minutes,Critical,Micro,12451.37,10
934,930,38.3,0.3833471404697709,High,"['Critical urgency', 'Repeat buyer with 2 previous orders', 'Large quantity (14 units)']",Respond within 15 minutes,Critical,Medium,17694.03,14
110,964,38.2,0.3822773669262872,High,"['High urgency', 'Repeat buyer with 2 previous orders', 'Enterprise buyer', 'High inquiry value (₹21,650)']",Respond within 30 minutes,High,Enterprise,21649.62,12
4191,350,38.2,0.3821948095778383,High,"['High urgency', 'Repeat buyer with 2 previous orders', 'Enterprise buyer', 'Large quantity (17 units)']",Respond within 30 minutes,High,Enterprise,18299.39,17
4284,829,38.1,0.380999691824324,High,"['Critical urgency', 'Repeat buyer with 2 previous orders', 'Large quantity (16 units)']",Respond within 15 minutes,Critical,Small,14200.4,16
4185,719,38.1,0.3813686851069831,High,"['Critical urgency', 'Repeat buyer with 2 previous orders']",Respond within 15 minutes,Critical,Small,10508.65,7
3278,719,38.1,0.38134797561879685,High,"['High urgency', 'Repeat buyer with 2 previous orders', 'Enterprise buyer', 'High inquiry value (₹29,024)']",Respond within 30 minutes,High,Enterprise,29023.98,10
2046,929,38.1,0.38089952588162546,High,"['High urgency', 'Repeat buyer with 2 previous orders', 'Enterprise buyer', 'Large quantity (11 units)']",Respond within 30 minutes,High,Enterprise,7052.98,11
4920,945,38.0,0.3796823646241217,High,"['High urgency', 'Repeat buyer with 2 previous orders', 'Large buyer', 'Strong seller rating (4.6)']",Respond within 30 minutes,High,Large,6237.96,8
2863,506,38.0,0.38033245515317554,High,"['Critical urgency', 'Repeat buyer with 3 previous orders', 'High inquiry value (₹40,502)', 'Large quantity (22 units)']",Respond within 15 minutes,Critical,Small,40502.05,22
1468,928,38.0,0.37998290202958274,High,"['Critical urgency', 'Repeat buyer with 1 previous orders', 'Enterprise buyer', 'High inquiry value (₹26,306)']",Respond within 15 minutes,Critical,Enterprise,26306.13,14
3407,490,38.0,0.38032650956142644,High,"['Critical urgency', 'Repeat buyer with 2 previous orders', 'High inquiry value (₹36,031)', 'Large quantity (15 units)']",Respond within 15 minutes,Critical,Medium,36031.16,15
3979,441,38.0,0.37970929824929844,High,"['Critical urgency', 'Repeat buyer with 5 previous orders', 'High inquiry value (₹34,677)', 'Large quantity (12 units)']",Respond within 15 minutes,Critical,Medium,34676.97,12
1663,151,37.9,0.37851624320140864,High,"['Critical urgency', 'Repeat buyer with 1 previous orders', 'Enterprise buyer', 'High inquiry value (₹20,385)']",Respond within 15 minutes,Critical,Enterprise,20384.76,17
4723,668,37.8,0.3782691412577119,High,"['Critical urgency', 'Repeat buyer with 1 previous orders', 'Enterprise buyer', 'Large quantity (10 units)']",Respond within 15 minutes,Critical,Enterprise,14914.29,10
4855,213,37.8,0.37779953513742365,High,"['High urgency', 'Repeat buyer with 2 previous orders', 'Large buyer', 'High inquiry value (₹24,715)']",Respond within 30 minutes,High,Large,24714.87,15
922,773,37.8,0.3778504415166426,High,"['Critical urgency', 'Repeat buyer with 3 previous orders', 'High inquiry value (₹48,268)', 'Large quantity (20 units)']",Respond within 15 minutes,Critical,Medium,48267.86,20
625,668,37.8,0.37779953513742365,High,"['High urgency', 'Repeat buyer with 2 previous orders', 'Large buyer', 'Large quantity (12 units)']",Respond within 30 minutes,High,Large,8989.36,12
1753,675,37.7,0.37726875980235625,High,"['High urgency', 'Repeat buyer with 2 previous orders', 'Large buyer', 'High inquiry value (₹35,732)']",Respond within 30 minutes,High,Large,35731.86,14
3550,400,37.7,0.37726875980235625,High,"['High urgency', 'Repeat buyer with 3 previous orders', 'Large buyer', 'High inquiry value (₹26,872)']",Respond within 30 minutes,High,Large,26871.51,15
2601,642,37.7,0.3770678611653458,High,"['High urgency', 'Repeat buyer with 2 previous orders', 'Large buyer', 'Large quantity (16 units)']",Respond within 30 minutes,High,Large,18962.98,16
1854,416,37.7,0.37706511090276673,High,"['High urgency', 'Repeat buyer with 4 previous orders', 'Large buyer', 'Large quantity (15 units)']",Respond within 30 minutes,High,Large,19970.25,15
46,989,37.7,0.37732776218759145,High,"['High urgency', 'Repeat buyer with 1 previous orders', 'Enterprise buyer', 'Large quantity (14 units)']",Respond within 30 minutes,High,Enterprise,11793.11,14
395,931,37.7,0.3768753988138226,High,"['High urgency', 'Repeat buyer with 2 previous orders', 'Enterprise buyer', 'High inquiry value (₹28,436)']",Respond within 30 minutes,High,Enterprise,28435.65,16
3993,447,37.6,0.3764708181665428,High,"['High urgency', 'Repeat buyer with 2 previous orders', 'Enterprise buyer', 'Large quantity (12 units)']",Respond within 30 minutes,High,Enterprise,14836.15,12
4946,989,37.5,0.37536614377042843,High,"['High urgency', 'Repeat buyer with 3 previous orders', 'Enterprise buyer', 'Large quantity (14 units)']",Respond within 30 minutes,High,Enterprise,7629.07,14
2928,602,37.4,0.3737981376139914,High,"['High urgency', 'Repeat buyer with 1 previous orders', 'Enterprise buyer', 'Large quantity (12 units)']",Respond within 30 minutes,High,Enterprise,13429.52,12
2328,820,37.4,0.3736774715070352,High,"['Critical urgency', 'Repeat buyer with 1 previous orders', 'Large buyer', 'Large quantity (13 units)']",Respond within 15 minutes,Critical,Large,17226.76,13
3314,185,37.4,0.37448437866029183,High,"['Critical urgency', 'Repeat buyer with 2 previous orders', 'High inquiry value (₹20,305)']",Respond within 15 minutes,Critical,Micro,20304.67,8
3581,51,37.4,0.37427605537477787,High,"['High urgency', 'Repeat buyer with 2 previous orders', 'Enterprise buyer', 'High inquiry value (₹46,414)']",Respond within 30 minutes,High,Enterprise,46414.01,18
3175,827,37.3,0.3728280330140777,High,"['Critical urgency', 'Repeat buyer with 1 previous orders', 'Enterprise buyer']",Respond within 15 minutes,Critical,Enterprise,14290.64,7
4811,559,37.3,0.3726171083211719,High,"['High urgency', 'Repeat buyer with 2 previous orders', 'Enterprise buyer', 'Large quantity (11 units)']",Respond within 30 minutes,High,Enterprise,11138.21,11
1697,504,37.3,0.37276054878077197,High,"['Critical urgency', 'Repeat buyer with 3 previous orders']",Respond within 15 minutes,Critical,Medium,13762.39,7
1336,194,37.2,0.3715485496177668,High,"['High urgency', 'Repeat buyer with 2 previous orders', 'Large buyer', 'High inquiry value (₹32,032)']",Respond within 30 minutes,High,Large,32032.3,13
4046,64,37.2,0.37227289415916953,High,"['High urgency', 'Repeat buyer with 2 previous orders', 'Enterprise buyer', 'High inquiry value (₹20,544)']",Respond within 30 minutes,High,Enterprise,20543.92,12
2918,280,37.2,0.37207608567751277,High,"['High urgency', 'Repeat buyer with 2 previous orders', 'Large buyer', 'High inquiry value (₹20,770)']",Respond within 30 minutes,High,Large,20769.69,8
1198,609,37.1,0.3705697251223287,High,"['Critical urgency', 'Repeat buyer with 2 previous orders', 'Large quantity (17 units)']",Respond within 15 minutes,Critical,Micro,7185.85,17
1389,341,37.1,0.3713886167640683,High,"['High urgency', 'Repeat buyer with 2 previous orders', 'Enterprise buyer']",Respond within 30 minutes,High,Enterprise,6080.45,6
4474,278,37.1,0.370753983069533,High,"['High urgency', 'Repeat buyer with 2 previous orders', 'Large buyer', 'Large quantity (10 units)']",Respond within 30 minutes,High,Large,14764.28,10
3061,514,37.0,0.3695136893615654,High,"['Critical urgency', 'Repeat buyer with 5 previous orders', 'Large quantity (17 units)']",Respond within 15 minutes,Critical,Small,15926.92,17
1341,765,37.0,0.37042087240861704,High,"['High urgency', 'Repeat buyer with 2 previous orders', 'Enterprise buyer', 'Large quantity (11 units)']",Respond within 30 minutes,High,Enterprise,10508.38,11
4686,781,37.0,0.3701620366240038,High,"['High urgency', 'Repeat buyer with 2 previous orders', 'Enterprise buyer', 'High inquiry value (₹40,138)']",Respond within 30 minutes,High,Enterprise,40138.45,14
3163,514,37.0,0.37040801087116415,High,"['High urgency', 'Repeat buyer with 2 previous orders', 'Large buyer', 'Large quantity (11 units)']",Respond within 30 minutes,High,Large,15596.4,11
2138,822,37.0,0.369593129487992,High,"['Critical urgency', 'Repeat buyer with 2 previous orders', 'Large quantity (13 units)', 'Strong seller rating (4.7)']",Respond within 15 minutes,Critical,Micro,17383.89,13
2870,165,37.0,0.37044127309237807,High,"['High urgency', 'Repeat buyer with 2 previous orders', 'Enterprise buyer', 'High inquiry value (₹28,702)']",Respond within 30 minutes,High,Enterprise,28702.06,10
238,20,36.9,0.36946357748680164,High,"['Critical urgency', 'Repeat buyer with 1 previous orders', 'Enterprise buyer', 'High inquiry value (₹25,881)']",Respond within 15 minutes,Critical,Enterprise,25880.6,13
1597,859,36.9,0.3692356789317792,High,"['High urgency', 'Repeat buyer with 1 previous orders', 'Enterprise buyer', 'Large quantity (10 units)']",Respond within 30 minutes,High,Enterprise,7500.92,10
2401,744,36.9,0.3689288030906198,High,"['High urgency', 'Repeat buyer with 1 previous orders', 'Enterprise buyer', 'High inquiry value (₹30,126)']",Respond within 30 minutes,High,Enterprise,30125.91,18
3343,933,36.9,0.3690883515016104,High,"['High urgency', 'Repeat buyer with 3 previous orders', 'Large buyer', 'High inquiry value (₹26,577)']",Respond within 30 minutes,High,Large,26576.63,15
3254,972,36.9,0.3692162967838388,High,"['High urgency', 'Repeat buyer with 3 previous orders', 'Enterprise buyer', 'High inquiry value (₹41,428)']",Respond within 30 minutes,High,Enterprise,41428.12,16
1608,101,36.9,0.36897532261580707,High,"['High urgency', 'Repeat buyer with 7 previous orders', 'Large buyer']",Respond within 30 minutes,High,Large,10177.74,5
3061,338,36.8,0.3678394220130671,High,"['High urgency', 'Repeat buyer with 5 previous orders', 'Large buyer', 'Large quantity (10 units)']",Respond within 30 minutes,High,Large,18700.87,10
1653,202,36.8,0.3681778964865696,High,"['Critical urgency', 'Repeat buyer with 1 previous orders', 'High inquiry value (₹23,961)', 'Large quantity (12 units)']",Respond within 15 minutes,Critical,Medium,23960.51,12
3915,620,36.7,0.3667800752760785,High,"['Critical urgency', 'Repeat buyer with 4 previous orders', 'High inquiry value (₹30,919)', 'Large quantity (11 units)']",Respond within 15 minutes,Critical,Small,30919.17,11
1667,137,36.7,0.36652358635894516,High,"['High urgency', 'Repeat buyer with 3 previous orders', 'Large buyer', 'Large quantity (12 units)']",Respond within 30 minutes,High,Large,16952.55,12
3978,25,36.6,0.3655030712993351,High,"['High urgency', 'Repeat buyer with 2 previous orders', 'Large buyer', 'Large quantity (16 units)']",Respond within 30 minutes,High,Large,15500.68,16
2786,526,36.6,0.3661882227970549,High,"['Critical urgency', 'Repeat buyer with 3 previous orders', 'Large quantity (16 units)']",Respond within 15 minutes,Critical,Small,12023.5,16
347,874,36.6,0.36572835740146264,High,"['Critical urgency', 'Repeat buyer with 1 previous orders', 'Enterprise buyer', 'Large quantity (12 units)']",Respond within 15 minutes,Critical,Enterprise,17694.43,12
1747,27,36.6,0.36600691720552475,High,"['High urgency', 'Repeat buyer with 3 previous orders', 'Large buyer']",Respond within 30 minutes,High,Large,6729.9,6
463,649,36.5,0.3650475206504196,High,"['Critical urgency', 'Repeat buyer with 1 previous orders', 'Large buyer', 'High inquiry value (₹26,998)']",Respond within 15 minutes,Critical,Large,26997.97,15
4923,238,36.5,0.3654304773690376,High,"['High urgency', 'Repeat buyer with 5 previous orders', 'Large buyer', 'High inquiry value (₹30,356)']",Respond within 30 minutes,High,Large,30355.67,12
4633,735,36.4,0.36384738934092115,High,"['High urgency', 'Repeat buyer with 2 previous orders', 'Large buyer', 'High inquiry value (₹24,410)']",Respond within 30 minutes,High,Large,24409.82,14
109,750,36.4,0.3636470007248773,High,"['Critical urgency', 'Repeat buyer with 1 previous orders', 'Enterprise buyer', 'Large quantity (11 units)']",Respond within 15 minutes,Critical,Enterprise,11904.41,11
3065,35,36.4,0.3639657845313086,High,"['High urgency', 'Repeat buyer with 1 previous orders', 'Enterprise buyer', 'High inquiry value (₹23,338)']",Respond within 30 minutes,High,Enterprise,23337.95,13
137,485,36.3,0.36313707898377295,High,"['High urgency', 'Repeat buyer with 2 previous orders', 'Large quantity (10 units)']",Respond within 30 minutes,High,Small,11200.3,10
2999,913,36.3,0.3625093400019776,High,"['High urgency', 'Repeat buyer with 2 previous orders', 'Large buyer', 'High inquiry value (₹37,004)']",Respond within 30 minutes,High,Large,37003.67,15
4678,214,36.3,0.3626188407180649,High,"['Critical urgency', 'Repeat buyer with 1 previous orders', 'Large buyer']",Respond within 15 minutes,Critical,Large,16700.32,9
1255,829,36.3,0.362583523506085,High,"['High urgency', 'Repeat buyer with 2 previous orders', 'Large buyer', 'High inquiry value (₹38,602)']",Respond within 30 minutes,High,Large,38601.7,14
1677,975,36.3,0.3627038194623205,High,"['High urgency', 'Repeat buyer with 1 previous orders', 'Enterprise buyer', 'Large quantity (16 units)']",Respond within 30 minutes,High,Enterprise,9054.54,16
649,713,36.3,0.362583523506085,High,"['High urgency', 'Repeat buyer with 2 previous orders', 'Large buyer', 'Large quantity (11 units)']",Respond within 30 minutes,High,Large,16061.37,11
13,666,36.2,0.36239420299161396,High,"['Critical urgency', 'Repeat buyer with 1 previous orders', 'Large buyer', 'Strong seller rating (4.6)']",Respond within 15 minutes,Critical,Large,19289.74,9
3715,486,36.2,0.36201759350071533,High,"['High urgency', 'Repeat buyer with 2 previous orders', 'Enterprise buyer', 'Large quantity (16 units)']",Respond within 30 minutes,High,Enterprise,12445.7,16
3248,259,36.1,0.36139625136372,High,"['Critical urgency', 'Repeat buyer with 1 previous orders']",Respond within 15 minutes,Critical,Medium,7312.85,7
3524,394,36.1,0.3605250033720077,High,"['High urgency', 'Repeat buyer with 3 previous orders', 'Enterprise buyer']",Respond within 30 minutes,High,Enterprise,5709.19,8
1962,548,36.1,0.3611323825602354,High,"['High urgency', 'Repeat buyer with 3 previous orders', 'Enterprise buyer', 'High inquiry value (₹28,139)']",Respond within 30 minutes,High,Enterprise,28138.99,15
3374,68,36.1,0.3605210532759593,High,"['High urgency', 'Repeat buyer with 2 previous orders', 'Enterprise buyer', 'High inquiry value (₹21,477)']",Respond within 30 minutes,High,Enterprise,21476.81,13
4002,182,36.1,0.3608718842888057,High,"['High urgency', 'Repeat buyer with 3 previous orders', 'Large buyer', 'High inquiry value (₹33,213)']",Respond within 30 minutes,High,Large,33212.96,16
2262,945,36.0,0.360175129617256,High,"['High urgency', 'Repeat buyer with 4 previous orders', 'Large buyer', 'High inquiry value (₹20,152)']",Respond within 30 minutes,High,Large,20151.5,9
1381,623,36.0,0.3601490625070252,High,"['High urgency', 'Repeat buyer with 2 previous orders']",Respond within 30 minutes,High,Medium,12548.4,6
3847,107,36.0,0.36022747938711736,High,"['Critical urgency', 'Repeat buyer with 1 previous orders', 'Enterprise buyer', 'High inquiry value (₹26,548)']",Respond within 15 minutes,Critical,Enterprise,26548.11,11
82,445,36.0,0.36042877334759266,High,"['High urgency', 'Repeat buyer with 1 previous orders', 'Enterprise buyer', 'Strong seller rating (5.0)']",Respond within 30 minutes,High,Enterprise,17741.39,9
2686,839,36.0,0.3600969143965188,High,"['High urgency', 'Repeat buyer with 3 previous orders', 'Enterprise buyer']",Respond within 30 minutes,High,Enterprise,6900.27,5
351,84,36.0,0.3601490625070252,High,"['High urgency', 'Repeat buyer with 2 previous orders', 'High inquiry value (₹24,062)', 'Large quantity (14 units)']",Respond within 30 minutes,High,Small,24062.4,14
2097,302,36.0,0.3595215848527079,High,"['High urgency', 'Repeat buyer with 1 previous orders', 'Enterprise buyer', 'Large quantity (11 units)']",Respond within 30 minutes,High,Enterprise,14857.83,11
1761,298,35.9,0.3589322494907396,High,"['Critical urgency', 'Repeat buyer with 3 previous orders', 'High inquiry value (₹25,097)', 'Large quantity (13 units)']",Respond within 15 minutes,Critical,Medium,25097.27,13
4592,471,35.9,0.3594228118805407,High,"['Critical urgency', 'Repeat buyer with 1 previous orders', 'Large buyer', 'Large quantity (18 units)']",Respond within 15 minutes,Critical,Large,12495.4,18
2442,631,35.9,0.3592533327800583,High,"['Critical urgency', 'Repeat buyer with 1 previous orders', 'Large buyer', 'Strong seller rating (4.6)']",Respond within 15 minutes,Critical,Large,8041.76,8
105,431,35.9,0.35903021778501765,High,"['High urgency', 'Repeat buyer with 2 previous orders', 'Large buyer', 'High inquiry value (₹29,045)']",Respond within 30 minutes,High,Large,29045.22,10
3374,21,35.9,0.35914534078014193,High,"['High urgency', 'Repeat buyer with 1 previous orders', 'Enterprise buyer', 'Large quantity (14 units)']",Respond within 30 minutes,High,Enterprise,17105.75,14
2712,337,35.9,0.35921600009438065,High,"['High urgency', 'Repeat buyer with 2 previous orders', 'Enterprise buyer', 'High inquiry value (₹23,774)']",Respond within 30 minutes,High,Enterprise,23774.48,18
1217,940,35.8,0.35770010507489325,High,"['Critical urgency', 'Repeat buyer with 2 previous orders', 'Enterprise buyer']",Respond within 15 minutes,Critical,Enterprise,8414.32,7
2179,192,35.8,0.3584438265712076,High,"['Critical urgency', 'Repeat buyer with 1 previous orders', 'Large quantity (15 units)', 'Strong seller rating (5.0)']",Respond within 15 minutes,Critical,Small,13755.73,15
899,164,35.7,0.35668808094166027,High,"['High urgency', 'Repeat buyer with 3 previous orders', 'Large quantity (12 units)']",Respond within 30 minutes,High,Small,14384.47,12
2711,289,35.7,0.35668808094166027,High,"['High urgency', 'Repeat buyer with 3 previous orders', 'High inquiry value (₹28,885)', 'Large quantity (14 units)']",Respond within 30 minutes,High,Small,28884.57,14
2919,92,35.7,0.35668808094166027,High,"['High urgency', 'Repeat buyer with 3 previous orders', 'Large quantity (10 units)']",Respond within 30 minutes,High,Small,8115.35,10
3582,610,35.7,0.357041645699799,High,"['Critical urgency', 'Repeat buyer with 1 previous orders', 'Enterprise buyer', 'High inquiry value (₹32,865)']",Respond within 15 minutes,Critical,Enterprise,32864.8,18
2118,806,35.7,0.35668808094166027,High,"['High urgency', 'Repeat buyer with 2 previous orders', 'Large quantity (13 units)', 'Strong seller rating (4.9)']",Respond within 30 minutes,High,Small,16454.95,13
4130,973,35.7,0.35668808094166027,High,"['High urgency', 'Repeat buyer with 2 previous orders', 'Large quantity (11 units)']",Respond within 30 minutes,High,Small,15102.01,11
2386,458,35.6,0.3556595306919702,High,"['High urgency', 'Repeat buyer with 2 previous orders', 'Large buyer']",Respond within 30 minutes,High,Large,8480.53,7
1367,434,35.6,0.3556595306919702,High,"['High urgency', 'Repeat buyer with 2 previous orders', 'Large buyer', 'Large quantity (11 units)']",Respond within 30 minutes,High,Large,14111.92,11
4805,31,35.6,0.35627126945174425,High,"['Critical urgency', 'Repeat buyer with 3 previous orders', 'High inquiry value (₹25,125)', 'Large quantity (16 units)']",Respond within 15 minutes,Critical,Small,25124.99,16
4424,661,35.6,0.35567648667342133,High,"['Critical urgency', 'Repeat buyer with 1 previous orders', 'Enterprise buyer', 'High inquiry value (₹27,541)']",Respond within 15 minutes,Critical,Enterprise,27541.49,14
1318,744,35.5,0.35488076169504856,High,"['High urgency', 'Repeat buyer with 3 previous orders', 'Large buyer', 'High inquiry value (₹28,519)']",Respond within 30 minutes,High,Large,28518.68,16
1155,80,35.5,0.3549893292539742,High,"['High urgency', 'Repeat buyer with 3 previous orders', 'Large buyer']",Respond within 30 minutes,High,Large,7452.92,8
3981,5,35.5,0.35479532830619076,High,"['High urgency', 'Repeat buyer with 3 previous orders', 'Large buyer', 'Large quantity (14 units)']",Respond within 30 minutes,High,Large,13954.6,14
2770,457,35.5,0.3547129307333344,High,"['Critical urgency', 'Repeat buyer with 1 previous orders', 'Enterprise buyer', 'High inquiry value (₹27,610)']",Respond within 15 minutes,Critical,Enterprise,27610.47,13
62,143,35.4,0.35421040582929353,High,"['High urgency', 'Repeat buyer with 4 previous orders', 'Large buyer', 'High inquiry value (₹34,600)']",Respond within 30 minutes,High,Large,34600.13,12
2878,399,35.4,0.35362204128459945,High,"['High urgency', 'Repeat buyer with 2 previous orders', 'Large quantity (12 units)']",Respond within 30 minutes,High,Micro,9386.19,12
3216,26,35.4,0.35418620076183166,High,"['High urgency', 'Repeat buyer with 1 previous orders', 'Enterprise buyer', 'High inquiry value (₹28,226)']",Respond within 30 minutes,High,Enterprise,28226.28,18
215,51,35.4,0.354425346036821,High,"['High urgency', 'Repeat buyer with 2 previous orders', 'Large buyer', 'High inquiry value (₹32,100)']",Respond within 30 minutes,High,Large,32100.27,13
4623,393,35.4,0.35421040582929353,High,"['High urgency', 'Repeat buyer with 2 previous orders', 'Large buyer', 'High inquiry value (₹29,484)']",Respond within 30 minutes,High,Large,29483.55,11
2864,960,35.3,0.353043965215837,High,"['High urgency', 'Repeat buyer with 3 previous orders']",Respond within 30 minutes,High,Small,4819.6,9
4857,927,35.3,0.353043965215837,High,"['High urgency', 'Repeat buyer with 3 previous orders', 'High inquiry value (₹22,989)', 'Large quantity (10 units)']",Respond within 30 minutes,High,Medium,22988.56,10
120,605,35.3,0.353043965215837,High,"['High urgency', 'Repeat buyer with 3 previous orders', 'Large quantity (14 units)']",Respond within 30 minutes,High,Medium,14979.22,14
471,126,35.3,0.353043965215837,High,"['High urgency', 'Repeat buyer with 3 previous orders', 'High inquiry value (₹25,862)', 'Large quantity (10 units)']",Respond within 30 minutes,High,Small,25862.43,10
3259,240,35.3,0.353043965215837,High,"['High urgency', 'Repeat buyer with 3 previous orders', 'High inquiry value (₹23,083)', 'Large quantity (14 units)']",Respond within 30 minutes,High,Medium,23083.39,14
1814,130,35.3,0.353043965215837,High,"['High urgency', 'Repeat buyer with 3 previous orders', 'Large quantity (13 units)']",Respond within 30 minutes,High,Medium,11125.05,13
326,631,35.3,0.353043965215837,High,"['High urgency', 'Repeat buyer with 3 previous orders', 'High inquiry value (₹36,279)', 'Large quantity (13 units)']",Respond within 30 minutes,High,Small,36279.16,13
3360,192,35.3,0.353043965215837,High,"['High urgency', 'Repeat buyer with 4 previous orders', 'High inquiry value (₹26,906)', 'Large quantity (10 units)']",Respond within 30 minutes,High,Small,26905.77,10
4611,540,35.3,0.35274199779717297,High,"['Critical urgency', 'Repeat buyer with 1 previous orders', 'Large quantity (10 units)', 'Strong seller rating (4.5)']",Respond within 15 minutes,Critical,Small,18480.28,10
3579,266,35.2,0.35225162434414786,High,"['High urgency', 'Repeat buyer with 2 previous orders', 'Large quantity (16 units)']",Respond within 30 minutes,High,Small,7035.81,16
3594,457,35.2,0.35219860981959794,High,"['High urgency', 'Repeat buyer with 2 previous orders', 'High inquiry value (₹45,021)', 'Large quantity (19 units)']",Respond within 30 minutes,High,Small,45021.31,19
4554,717,35.2,0.35225162434414786,High,"['High urgency', 'Repeat buyer with 3 previous orders', 'Large quantity (15 units)']",Respond within 30 minutes,High,Small,17573.44,15
4138,606,35.2,0.35151355443932136,High,"['High urgency', 'Repeat buyer with 1 previous orders', 'Enterprise buyer', 'Large quantity (14 units)']",Respond within 30 minutes,High,Enterprise,7009.37,14
3135,656,35.2,0.35241165454475626,High,"['High urgency', 'Repeat buyer with 1 previous orders', 'Enterprise buyer', 'Large quantity (10 units)']",Respond within 30 minutes,High,Enterprise,15016.15,10
2334,800,35.2,0.35156996730149787,High,"['Critical urgency', 'Repeat buyer with 3 previous orders', 'Large quantity (11 units)']",Respond within 15 minutes,Critical,Small,16653.1,11
4693,333,35.1,0.35117636260415347,High,"['High urgency', 'Repeat buyer with 2 previous orders', 'Enterprise buyer']",Respond within 30 minutes,High,Enterprise,5751.58,7
1698,282,35.1,0.35110398185442093,High,"['High urgency', 'Repeat buyer with 2 previous orders', 'High inquiry value (₹30,198)', 'Large quantity (14 units)']",Respond within 30 minutes,High,Medium,30197.56,14
2219,568,35.1,0.3507511097156666,High,"['High urgency', 'Repeat buyer with 1 previous orders', 'Enterprise buyer', 'High inquiry value (₹24,134)']",Respond within 30 minutes,High,Enterprise,24133.52,10
749,215,35.1,0.3507511097156666,High,"['High urgency', 'Repeat buyer with 1 previous orders', 'Enterprise buyer', 'High inquiry value (₹35,089)']",Respond within 30 minutes,High,Enterprise,35089.11,14
44,340,35.1,0.35110398185442093,High,"['High urgency', 'Repeat buyer with 2 previous orders', 'High inquiry value (₹33,195)', 'Large quantity (23 units)']",Respond within 30 minutes,High,Medium,33194.78,23
3209,408,35.1,0.3507511097156666,High,"['High urgency', 'Repeat buyer with 1 previous orders', 'Enterprise buyer', 'High inquiry value (₹37,459)']",Respond within 30 minutes,High,Enterprise,37459.05,14
712,704,35.0,0.34961773509243776,High,"['High urgency', 'Repeat buyer with 3 previous orders']",Respond within 30 minutes,High,Medium,6464.74,7
1290,417,35.0,0.3498549552104573,High,"['High urgency', 'Repeat buyer with 1 previous orders', 'Enterprise buyer', 'High inquiry value (₹25,404)']",Respond within 30 minutes,High,Enterprise,25404.26,13
4202,566,35.0,0.34961773509243776,High,"['High urgency', 'Repeat buyer with 3 previous orders', 'High inquiry value (₹27,738)', 'Large quantity (11 units)']",Respond within 30 minutes,High,Medium,27738.5,11
4869,247,35.0,0.35043024805079287,High,"['High urgency', 'Repeat buyer with 2 previous orders', 'Large buyer', 'Large quantity (18 units)']",Respond within 30 minutes,High,Large,15329.82,18
3425,476,35.0,0.35000591402566805,High,"['Critical urgency', 'Repeat buyer with 1 previous orders', 'Large buyer']",Respond within 15 minutes,Critical,Large,11143.65,7
1274,821,35.0,0.35009357936974433,High,"['High urgency', 'Repeat buyer with 4 previous orders', 'Enterprise buyer', 'High inquiry value (₹42,838)']",Respond within 30 minutes,High,Enterprise,42837.98,17
1535,707,34.9,0.3486183867032126,High,"['High urgency', 'Repeat buyer with 2 previous orders', 'High inquiry value (₹30,316)', 'Large quantity (13 units)']",Respond within 30 minutes,High,Medium,30316.18,13
3832,177,34.9,0.3487788601567495,High,"['Critical urgency', 'Repeat buyer with 1 previous orders', 'Large quantity (12 units)', 'Strong seller rating (4.9)']",Respond within 15 minutes,Critical,Small,9998.44,12
1240,836,34.9,0.3486183867032126,High,"['High urgency', 'Repeat buyer with 2 previous orders', 'High inquiry value (₹29,336)', 'Large quantity (11 units)']",Respond within 30 minutes,High,Medium,29335.71,11
3879,866,34.9,0.3485938078737504,High,"['High urgency', 'Repeat buyer with 4 previous orders', 'High inquiry value (₹20,040)', 'Large quantity (18 units)']",Respond within 30 minutes,High,Small,20040.28,18
852,95,34.9,0.3493655352832506,High,"['High urgency', 'Repeat buyer with 3 previous orders', 'Large buyer', 'Large quantity (11 units)']",Respond within 30 minutes,High,Large,11419.29,11
974,438,34.9,0.3486282708599107,High,"['High urgency', 'Repeat buyer with 4 previous orders']",Respond within 30 minutes,High,Small,15148.88,7
4271,805,34.9,0.3493655352832506,High,"['High urgency', 'Repeat buyer with 4 previous orders', 'Large buyer', 'High inquiry value (₹30,439)']",Respond within 30 minutes,High,Large,30439.03,15
3436,837,34.9,0.3486183867032126,High,"['High urgency', 'Repeat buyer with 2 previous orders']",Respond within 30 minutes,High,Medium,4199.98,7
1716,932,34.8,0.3480967255994715,High,"['High urgency', 'Repeat buyer with 1 previous orders', 'Enterprise buyer', 'Large quantity (15 units)']",Respond within 30 minutes,High,Enterprise,15948.72,15
4546,779,34.8,0.3484510254579593,High,"['Critical urgency', 'Repeat buyer with 2 previous orders', 'Large quantity (12 units)']",Respond within 15 minutes,Critical,Medium,17608.97,12
2082,806,34.8,0.34792215579566393,High,"['High urgency', 'Repeat buyer with 3 previous orders', 'Large quantity (13 units)']",Respond within 30 minutes,High,Medium,18595.67,13
427,142,34.6,0.3462031994889789,High,"['High urgency', 'Repeat buyer with 2 previous orders', 'Large quantity (10 units)']",Respond within 30 minutes,High,Small,10036.48,10
1367,809,34.6,0.3462031994889789,High,"['High urgency', 'Repeat buyer with 2 previous orders']",Respond within 30 minutes,High,Medium,12899.91,8
2394,90,34.6,0.3462031994889789,High,"['High urgency', 'Repeat buyer with 2 previous orders']",Respond within 30 minutes,High,Small,12614.91,9
201,796,34.6,0.3462031994889789,High,"['High urgency', 'Repeat buyer with 3 previous orders', 'High inquiry value (₹20,610)', 'Large quantity (14 units)']",Respond within 30 minutes,High,Small,20610.44,14
4235,980,34.6,0.3462031994889789,High,"['High urgency', 'Repeat buyer with 5 previous orders', 'High inquiry value (₹37,832)', 'Large quantity (12 units)']",Respond within 30 minutes,High,Medium,37831.99,12
1868,624,34.6,0.3460367952607957,High,"['High urgency', 'Repeat buyer with 1 previous orders', 'Enterprise buyer', 'Large quantity (13 units)']",Respond within 30 minutes,High,Enterprise,6407.67,13
1172,779,34.6,0.34609093201749763,High,"['Critical urgency', 'Repeat buyer with 1 previous orders', 'Large buyer', 'High inquiry value (₹28,906)']",Respond within 15 minutes,Critical,Large,28906.0,16
4357,743,34.6,0.3456995430534486,High,"['High urgency', 'Repeat buyer with 3 previous orders', 'High inquiry value (₹28,607)', 'Large quantity (15 units)']",Respond within 30 minutes,High,Small,28606.71,15
401,75,34.6,0.3462031994889789,High,"['High urgency', 'Repeat buyer with 3 previous orders', 'Large quantity (16 units)', 'Strong seller rating (4.7)']",Respond within 30 minutes,High,Small,6971.0,16
514,965,34.5,0.3452084307647591,High,"['High urgency', 'Repeat buyer with 2 previous orders', 'Large quantity (12 units)']",Respond within 30 minutes,High,Micro,11153.82,12
220,215,34.5,0.3453234411168494,High,"['High urgency', 'Repeat buyer with 4 previous orders', 'High inquiry value (₹40,115)', 'Large quantity (17 units)']",Respond within 30 minutes,High,Small,40114.92,17
4796,106,34.5,0.3452084307647591,High,"['High urgency', 'Repeat buyer with 5 previous orders', 'High inquiry value (₹26,242)', 'Large quantity (10 units)']",Respond within 30 minutes,High,Small,26241.64,10
1200,329,34.5,0.3452084307647591,High,"['High urgency', 'Repeat buyer with 2 previous orders', 'Large quantity (15 units)', 'Strong seller rating (4.6)']",Respond within 30 minutes,High,Small,7151.2,15
4486,62,34.5,0.3452084307647591,High,"['High urgency', 'Repeat buyer with 2 previous orders', 'Strong seller rating (4.6)']",Respond within 30 minutes,High,Medium,14396.03,9
323,410,34.5,0.34533418299098295,High,"['Critical urgency', 'Repeat buyer with 1 previous orders', 'High inquiry value (₹22,488)', 'Large quantity (13 units)']",Respond within 15 minutes,Critical,Micro,22487.58,13
305,352,34.5,0.3452084307647591,High,"['High urgency', 'Repeat buyer with 2 previous orders', 'High inquiry value (₹38,788)', 'Large quantity (18 units)']",Respond within 30 minutes,High,Micro,38787.5,18
4114,508,34.4,0.34392802869414907,High,"['High urgency', 'Repeat buyer with 1 previous orders', 'Enterprise buyer', 'Large quantity (18 units)']",Respond within 30 minutes,High,Enterprise,15902.38,18
4433,691,34.4,0.34359489753491346,High,"['High urgency', 'Repeat buyer with 2 previous orders', 'Large quantity (14 units)']",Respond within 30 minutes,High,Medium,16759.96,14
4385,782,34.4,0.3438011071818205,High,"['Critical urgency', 'Repeat buyer with 1 previous orders', 'High inquiry value (₹23,041)', 'Large quantity (16 units)']",Respond within 15 minutes,Critical,Micro,23040.63,16
1873,67,34.4,0.3438462500974735,High,"['High urgency', 'Repeat buyer with 3 previous orders']",Respond within 30 minutes,High,Micro,16867.64,8
3918,21,34.4,0.3439311532246708,High,"['High urgency', 'Repeat buyer with 1 previous orders', 'Enterprise buyer', 'High inquiry value (₹21,945)']",Respond within 30 minutes,High,Enterprise,21944.78,13
103,192,34.4,0.34359489753491346,High,"['High urgency', 'Repeat buyer with 2 previous orders', 'High inquiry value (₹35,645)', 'Large quantity (13 units)']",Respond within 30 minutes,High,Small,35645.39,13
2754,625,34.4,0.3438462500974735,High,"['High urgency', 'Repeat buyer with 2 previous orders', 'Large quantity (12 units)']",Respond within 30 minutes,High,Micro,12029.55,12
4694,436,34.4,0.34359489753491346,High,"['High urgency', 'Repeat buyer with 3 previous orders', 'Strong seller rating (5.0)']",Respond within 30 minutes,High,Small,13065.54,9
2170,491,34.4,0.3439311532246708,High,"['High urgency', 'Repeat buyer with 1 previous orders', 'Enterprise buyer', 'High inquiry value (₹32,357)']",Respond within 30 minutes,High,Enterprise,32357.0,17
3326,132,34.3,0.34270737569952414,High,"['High urgency', 'Repeat buyer with 2 previous orders', 'High inquiry value (₹20,211)', 'Strong seller rating (4.8)']",Respond within 30 minutes,High,Medium,20211.04,9
3030,517,34.3,0.3426382312807983,High,"['Critical urgency', 'Repeat buyer with 1 previous orders', 'Large buyer']",Respond within 15 minutes,Critical,Large,10563.41,6
3785,407,34.3,0.34320747929385115,High,"['High urgency', 'Repeat buyer with 2 previous orders', 'Enterprise buyer', 'High inquiry value (₹20,924)']",Respond within 30 minutes,High,Enterprise,20924.16,10
2742,422,34.3,0.34270737569952414,High,"['High urgency', 'Repeat buyer with 3 previous orders', 'High inquiry value (₹20,952)', 'Large quantity (16 units)']",Respond within 30 minutes,High,Small,20952.42,16
2286,960,34.3,0.34285001118343467,High,"['Critical urgency', 'Repeat buyer with 1 previous orders', 'High inquiry value (₹20,805)', 'Large quantity (10 units)']",Respond within 15 minutes,Critical,Small,20805.1,10
4616,631,34.3,0.34270737569952414,High,"['High urgency', 'Repeat buyer with 2 previous orders', 'Large quantity (13 units)']",Respond within 30 minutes,High,Medium,19671.68,13
750,33,34.3,0.3432495359850857,High,"['Critical urgency', 'Repeat buyer with 1 previous orders', 'Large quantity (17 units)']",Respond within 15 minutes,Critical,Micro,16417.27,17
4071,757,34.3,0.34317920774334437,High,"['High urgency', 'Repeat buyer with 2 previous orders', 'High inquiry value (₹57,329)', 'Large quantity (18 units)']",Respond within 30 minutes,High,Micro,57329.35,18
1515,363,34.3,0.34270737569952414,High,"['High urgency', 'Repeat buyer with 2 previous orders', 'Large quantity (16 units)']",Respond within 30 minutes,High,Medium,9863.93,16
3745,369,34.2,0.3416631439847619,High,"['Critical urgency', 'Repeat buyer with 1 previous orders', 'High inquiry value (₹20,905)', 'Large quantity (15 units)']",Respond within 15 minutes,Critical,Micro,20905.07,15
312,989,34.2,0.3417937152615211,High,"['High urgency', 'Repeat buyer with 2 previous orders']",Respond within 30 minutes,High,Medium,17240.36,8
4906,530,34.2,0.3421213303234865,High,"['High urgency', 'Repeat buyer with 3 previous orders', 'Large buyer', 'High inquiry value (₹40,163)']",Respond within 30 minutes,High,Large,40162.64,19
2944,877,34.2,0.3419287962529275,High,"['High urgency', 'Repeat buyer with 3 previous orders', 'High inquiry value (₹24,871)', 'Large quantity (12 units)']",Respond within 30 minutes,High,Medium,24870.78,12
3653,545,34.2,0.3423635205640966,High,"['High urgency', 'Repeat buyer with 4 previous orders', 'High inquiry value (₹20,435)']",Respond within 30 minutes,High,Medium,20435.04,9
2501,625,34.2,0.34174985403818464,High,"['High urgency', 'Repeat buyer with 2 previous orders', 'Enterprise buyer', 'High inquiry value (₹36,056)']",Respond within 30 minutes,High,Enterprise,36056.26,20
2802,182,34.1,0.3406963147062472,High,"['High urgency', 'Repeat buyer with 2 previous orders', 'Large quantity (14 units)']",Respond within 30 minutes,High,Medium,17343.46,14
1524,439,34.1,0.3407574920759903,High,"['High urgency', 'Repeat buyer with 1 previous orders', 'Enterprise buyer', 'High inquiry value (₹27,743)']",Respond within 30 minutes,High,Enterprise,27742.73,20
861,166,34.1,0.341447163884518,High,"['High urgency', 'Repeat buyer with 1 previous orders', 'Enterprise buyer']",Respond within 30 minutes,High,Enterprise,9753.9,8
1335,923,34.0,0.33970914758370113,High,"['High urgency', 'Repeat buyer with 2 previous orders', 'High inquiry value (₹31,855)', 'Large quantity (14 units)']",Respond within 30 minutes,High,Small,31855.23,14
1050,561,34.0,0.3402639389010522,High,"['High urgency', 'Repeat buyer with 5 previous orders', 'High inquiry value (₹27,070)', 'Large quantity (12 units)']",Respond within 30 minutes,High,Micro,27069.65,12
1266,626,34.0,0.3402639389010522,High,"['High urgency', 'Repeat buyer with 4 previous orders', 'Large quantity (12 units)']",Respond within 30 minutes,High,Micro,10963.17,12
695,365,34.0,0.33977686221670195,High,"['High urgency', 'Repeat buyer with 4 previous orders', 'Enterprise buyer', 'High inquiry value (₹34,713)']",Respond within 30 minutes,High,Enterprise,34713.16,14
1274,405,34.0,0.3402121462413289,High,"['High urgency', 'Repeat buyer with 2 previous orders', 'High inquiry value (₹26,312)', 'Large quantity (13 units)']",Respond within 30 minutes,High,Medium,26311.81,13
2485,44,34.0,0.33977686221670195,High,"['High urgency', 'Repeat buyer with 5 previous orders', 'Enterprise buyer', 'High inquiry value (₹34,025)']",Respond within 30 minutes,High,Enterprise,34024.88,18
467,159,34.0,0.3395861529359437,High,"['High urgency', 'Repeat buyer with 2 previous orders', 'High inquiry value (₹33,707)', 'Large quantity (13 units)']",Respond within 30 minutes,High,Micro,33706.94,13
1450,606,33.9,0.33906508119157514,High,"['High urgency', 'Repeat buyer with 2 previous orders', 'Strong seller rating (4.6)']",Respond within 30 minutes,High,Micro,8407.71,7
2720,961,33.9,0.3386010264772894,High,"['Critical urgency', 'Repeat buyer with 1 previous orders']",Respond within 15 minutes,Critical,Medium,8649.31,9
3482,732,33.9,0.3389866316595675,High,"['High urgency', 'Repeat buyer with 2 previous orders', 'High inquiry value (₹27,596)', 'Large quantity (15 units)']",Respond within 30 minutes,High,Medium,27596.29,15
1312,460,33.9,0.33886670604363595,High,"['High urgency', 'Repeat buyer with 1 previous orders', 'Enterprise buyer', 'Large quantity (14 units)']",Respond within 30 minutes,High,Enterprise,10162.29,14
2932,584,33.8,0.33778522220080776,High,"['High urgency', 'Repeat buyer with 3 previous orders', 'High inquiry value (₹29,789)', 'Large quantity (11 units)']",Respond within 30 minutes,High,Medium,29789.2,11
2816,845,33.8,0.3382214859744568,High,"['High urgency', 'Repeat buyer with 3 previous orders', 'High inquiry value (₹26,493)', 'Large quantity (12 units)']",Respond within 30 minutes,High,Small,26492.7,12
3076,590,33.8,0.3382214859744568,High,"['High urgency', 'Repeat buyer with 3 previous orders', 'Large quantity (16 units)']",Respond within 30 minutes,High,Small,16632.55,16
3988,562,33.8,0.3377230362394388,High,"['Critical urgency', 'Repeat buyer with 2 previous orders', 'Large quantity (12 units)']",Respond within 15 minutes,Critical,Small,13474.64,12
4054,969,33.8,0.338004737285065,High,"['Critical urgency', 'Repeat buyer with 1 previous orders', 'Large quantity (13 units)']",Respond within 15 minutes,Critical,Small,9900.77,13
4780,271,33.8,0.3384400665153683,High,"['High urgency', 'Repeat buyer with 2 previous orders', 'Large quantity (11 units)', 'Strong seller rating (4.6)']",Respond within 30 minutes,High,Medium,9306.54,11
1287,963,33.8,0.3383016931672726,High,"['High urgency', 'Repeat buyer with 3 previous orders']",Respond within 30 minutes,High,Medium,12553.8,9
2682,820,33.8,0.3380771100977521,High,"['High urgency', 'Repeat buyer with 2 previous orders', 'High inquiry value (₹22,278)', 'Large quantity (13 units)']",Respond within 30 minutes,High,Small,22278.01,13
974,508,33.8,0.33818323181055854,High,"['High urgency', 'Repeat buyer with 2 previous orders', 'Large quantity (10 units)']",Respond within 30 minutes,High,Micro,7957.43,10
1179,511,33.8,0.3384400665153683,High,"['High urgency', 'Repeat buyer with 2 previous orders', 'High inquiry value (₹21,108)', 'Large quantity (14 units)']",Respond within 30 minutes,High,Micro,21108.26,14
2067,543,33.8,0.3379596284941048,High,"['High urgency', 'Repeat buyer with 2 previous orders', 'Large quantity (22 units)']",Respond within 30 minutes,High,Small,17137.18,22
1535,632,33.8,0.3383016931672726,High,"['High urgency', 'Repeat buyer with 3 previous orders', 'Large quantity (18 units)', 'Strong seller rating (4.9)']",Respond within 30 minutes,High,Medium,13974.58,18
3785,576,33.8,0.33818323181055854,High,"['High urgency', 'Repeat buyer with 4 previous orders', 'Large quantity (10 units)']",Respond within 30 minutes,High,Small,9513.47,10
1108,489,33.8,0.3382214859744568,High,"['High urgency', 'Repeat buyer with 4 previous orders']",Respond within 30 minutes,High,Medium,13804.15,8
3591,624,33.7,0.3368418948535578,High,"['High urgency', 'Repeat buyer with 2 previous orders', 'High inquiry value (₹29,660)', 'Large quantity (15 units)']",Respond within 30 minutes,High,Small,29660.13,15
991,478,33.7,0.3372274155978743,High,"['High urgency', 'Repeat buyer with 3 previous orders', 'High inquiry value (₹20,357)', 'Large quantity (11 units)']",Respond within 30 minutes,High,Small,20357.41,11
3175,136,33.7,0.33741486892181743,High,"['Critical urgency', 'Repeat buyer with 1 previous orders', 'High inquiry value (₹26,588)', 'Large quantity (13 units)']",Respond within 15 minutes,Critical,Medium,26588.0,13
3343,350,33.7,0.3368418948535578,High,"['High urgency', 'Repeat buyer with 2 previous orders', 'High inquiry value (₹24,881)', 'Large quantity (10 units)']",Respond within 30 minutes,High,Medium,24881.34,10
273,584,33.6,0.3359628884570928,High,"['High urgency', 'Repeat buyer with 2 previous orders', 'High inquiry value (₹23,746)', 'Large quantity (13 units)']",Respond within 30 minutes,High,Medium,23746.18,13
3452,797,33.6,0.33627903672408643,High,"['Critical urgency', 'Repeat buyer with 1 previous orders', 'Large quantity (11 units)']",Respond within 15 minutes,Critical,Micro,16118.79,11
537,580,33.6,0.33573692173863057,High,"['Critical urgency', 'Repeat buyer with 1 previous orders', 'Large quantity (11 units)']",Respond within 15 minutes,Critical,Medium,14692.61,11
3980,952,33.6,0.33621894274578784,High,"['High urgency', 'Repeat buyer with 2 previous orders', 'High inquiry value (₹39,821)', 'Large quantity (16 units)']",Respond within 30 minutes,High,Medium,39820.61,16
1115,172,33.6,0.3356730486400683,High,"['High urgency', 'Repeat buyer with 1 previous orders', 'Enterprise buyer', 'Large quantity (13 units)']",Respond within 30 minutes,High,Enterprise,19880.74,13
3431,1000,33.6,0.3361605432990411,Medium,"['Critical urgency', 'Repeat buyer with 1 previous orders', 'Large buyer', 'High inquiry value (₹40,708)']",Respond within 2 hours,Critical,Large,40707.77,15
1050,559,33.6,0.3359628884570928,Medium,"['High urgency', 'Repeat buyer with 4 previous orders', 'High inquiry value (₹28,417)', 'Large quantity (14 units)']",Respond within 2 hours,High,Medium,28417.06,14
1600,416,33.6,0.3355920359790945,Medium,"['Critical urgency', 'Repeat buyer with 1 previous orders', 'Large buyer', 'Large quantity (11 units)']",Respond within 2 hours,Critical,Large,6614.23,11
2387,704,33.6,0.33620815393955933,Medium,"['High urgency', 'Repeat buyer with 3 previous orders', 'Large buyer']",Respond within 2 hours,High,Large,12977.67,9
4680,119,33.6,0.3363908528184963,Medium,"['Critical urgency', 'Repeat buyer with 2 previous orders', 'Large buyer', 'High inquiry value (₹35,076)']",Respond within 2 hours,Critical,Large,35075.63,18
3361,16,33.6,0.3359628884570928,Medium,"['High urgency', 'Repeat buyer with 2 previous orders', 'Large quantity (12 units)', 'Strong seller rating (4.5)']",Respond within 2 hours,High,Small,12763.37,12
1610,646,33.6,0.3359628884570928,Medium,"['High urgency', 'Repeat buyer with 2 previous orders', 'High inquiry value (₹23,276)', 'Large quantity (13 units)']",Respond within 2 hours,High,Small,23275.94,13
3327,641,33.6,0.33573692173863057,Medium,"['Critical urgency', 'Repeat buyer with 1 previous orders', 'Large quantity (14 units)']",Respond within 2 hours,Critical,Medium,13361.96,14
4279,867,33.6,0.3359628884570928,Medium,"['High urgency', 'Repeat buyer with 2 previous orders', 'Strong seller rating (4.6)']",Respond within 2 hours,High,Medium,18748.95,9
4983,506,33.5,0.3350092483555732,Medium,"['Critical urgency', 'Repeat buyer with 1 previous orders', 'High inquiry value (₹25,125)', 'Large quantity (15 units)']",Respond within 2 hours,Critical,Micro,25125.39,15
3128,39,33.5,0.33480314834608327,Medium,"['High urgency', 'Repeat buyer with 3 previous orders', 'High inquiry value (₹31,992)', 'Large quantity (15 units)']",Respond within 2 hours,High,Micro,31992.39,15
1410,37,33.5,0.3351883104170931,Medium,"['Critical urgency', 'Repeat buyer with 1 previous orders', 'Large buyer', 'Large quantity (10 units)']",Respond within 2 hours,Critical,Large,10540.54,10
3330,449,33.5,0.33480314834608327,Medium,"['High urgency', 'Repeat buyer with 3 previous orders', 'High inquiry value (₹21,041)', 'Large quantity (15 units)']",Respond within 2 hours,High,Micro,21040.91,15
2784,910,33.5,0.3345764166696695,Medium,"['Critical urgency', 'Repeat buyer with 3 previous orders', 'High inquiry value (₹32,157)', 'Large quantity (20 units)']",Respond within 2 hours,Critical,Medium,32157.0,20
1107,279,33.4,0.33424195280556385,Medium,"['High urgency', 'Repeat buyer with 2 previous orders', 'Strong seller rating (4.7)']",Respond within 2 hours,High,Medium,19475.55,9
203,83,33.4,0.334426906807594,Medium,"['High urgency', 'Repeat buyer with 2 previous orders', 'Large quantity (11 units)', 'Strong seller rating (4.7)']",Respond within 2 hours,High,Medium,9944.97,11
4800,391,33.4,0.3336746790794196,Medium,"['Critical urgency', 'Repeat buyer with 1 previous orders', 'Large buyer', 'Large quantity (17 units)']",Respond within 2 hours,Critical,Large,16406.84,17
4907,455,33.4,0.3338609801834838,Medium,"['Critical urgency', 'Repeat buyer with 1 previous orders', 'Large buyer', 'Large quantity (17 units)']",Respond within 2 hours,Critical,Large,18246.27,17
2485,196,33.4,0.3342125148401215,Medium,"['High urgency', 'Repeat buyer with 3 previous orders']",Respond within 2 hours,High,Micro,17811.57,9
2225,296,33.4,0.3338609801834838,Medium,"['Critical urgency', 'Repeat buyer with 1 previous orders', 'Large buyer', 'High inquiry value (₹22,301)']",Respond within 2 hours,Critical,Large,22301.03,16
4442,266,33.4,0.3342125148401215,Medium,"['High urgency', 'Repeat buyer with 2 previous orders']",Respond within 2 hours,High,Small,15973.27,9
2191,979,33.4,0.3342125148401215,Medium,"['High urgency', 'Repeat buyer with 2 previous orders', 'High inquiry value (₹37,735)', 'Large quantity (16 units)']",Respond within 2 hours,High,Micro,37734.67,16
4498,888,33.4,0.3336733079509318,Medium,"['Critical urgency', 'Repeat buyer with 1 previous orders']",Respond within 2 hours,Critical,Medium,19447.56,9
2006,450,33.4,0.33410210330658846,Medium,"['High urgency', 'Repeat buyer with 2 previous orders', 'High inquiry value (₹28,426)', 'Large quantity (18 units)']",Respond within 2 hours,High,Small,28426.22,18
598,740,33.4,0.3338609801834838,Medium,"['Critical urgency', 'Repeat buyer with 1 previous orders', 'Large buyer', 'High inquiry value (₹20,320)']",Respond within 2 hours,Critical,Large,20320.42,12
571,35,33.3,0.33287198365314896,Medium,"['High urgency', 'Repeat buyer with 2 previous orders', 'Strong seller rating (4.5)']",Respond within 2 hours,High,Small,10272.71,8
116,815,33.3,0.3325797426773572,Medium,"['Critical urgency', 'Repeat buyer with 1 previous orders', 'High inquiry value (₹46,920)', 'Large quantity (17 units)']",Respond within 2 hours,Critical,Medium,46920.02,17
4083,248,33.3,0.33277694023877014,Medium,"['High urgency', 'Repeat buyer with 3 previous orders']",Respond within 2 hours,High,Medium,4603.01,6
928,654,33.3,0.33287166606986235,Medium,"['High urgency', 'Repeat buyer with 3 previous orders', 'Large quantity (12 units)', 'Strong seller rating (4.5)']",Respond within 2 hours,High,Micro,19759.14,12
505,945,33.3,0.33349828910867796,Medium,"['Critical urgency', 'Repeat buyer with 1 previous orders', 'High inquiry value (₹28,712)', 'Large quantity (14 units)']",Respond within 2 hours,Critical,Medium,28712.13,14
3673,857,33.3,0.3327741985032512,Medium,"['High urgency', 'Repeat buyer with 1 previous orders', 'Enterprise buyer', 'High inquiry value (₹37,228)']",Respond within 2 hours,High,Enterprise,37227.99,21
1365,390,33.3,0.33315748467278994,Medium,"['High urgency', 'Repeat buyer with 4 previous orders']",Respond within 2 hours,High,Small,6327.93,9
1424,292,33.2,0.33162584861945105,Medium,"['High urgency', 'Repeat buyer with 3 previous orders', 'Large quantity (13 units)']",Respond within 2 hours,High,Small,10368.1,13
3613,292,33.2,0.3319981505542382,Medium,"['High urgency', 'Repeat buyer with 2 previous orders', 'High inquiry value (₹22,426)', 'Large quantity (10 units)']",Respond within 2 hours,High,Medium,22426.39,10
4940,547,33.2,0.33164287688208843,Medium,"['High urgency', 'Repeat buyer with 2 previous orders', 'High inquiry value (₹23,898)', 'Large quantity (11 units)']",Respond within 2 hours,High,Medium,23897.63,11
1112,774,33.2,0.3320315462540343,Medium,"['Critical urgency', 'Repeat buyer with 1 previous orders', 'High inquiry value (₹26,679)', 'Large quantity (10 units)']",Respond within 2 hours,Critical,Medium,26678.96,10
110,825,33.2,0.3316001682349597,Medium,"['High urgency', 'Repeat buyer with 3 previous orders', 'Large quantity (10 units)']",Respond within 2 hours,High,Micro,14593.66,10
1935,272,33.2,0.332155651142691,Medium,"['High urgency', 'Repeat buyer with 2 previous orders', 'Large quantity (12 units)']",Respond within 2 hours,High,Medium,11447.51,12
4240,250,33.2,0.3317505445217084,Medium,"['High urgency', 'Repeat buyer with 3 previous orders', 'High inquiry value (₹24,001)', 'Large quantity (12 units)']",Respond within 2 hours,High,Small,24000.88,12
4867,952,33.2,0.3322508184642888,Medium,"['High urgency', 'Repeat buyer with 2 previous orders', 'Large quantity (13 units)']",Respond within 2 hours,High,Medium,8445.45,13
2282,29,33.2,0.33237925204842567,Medium,"['Critical urgency', 'Repeat buyer with 1 previous orders', 'Large quantity (11 units)']",Respond within 2 hours,Critical,Small,16894.57,11
1752,353,33.1,0.3312207459783821,Medium,"['High urgency', 'Repeat buyer with 2 previous orders', 'High inquiry value (₹27,663)', 'Large quantity (13 units)']",Respond within 2 hours,High,Medium,27663.23,13
3299,394,33.1,0.3309102615203958,Medium,"['High urgency', 'Repeat buyer with 1 previous orders', 'Enterprise buyer', 'High inquiry value (₹34,747)']",Respond within 2 hours,High,Enterprise,34746.79,12
1983,256,33.1,0.33079794839414406,Medium,"['High urgency', 'Repeat buyer with 2 previous orders', 'Enterprise buyer', 'Large quantity (12 units)']",Respond within 2 hours,High,Enterprise,19948.1,12
2015,685,33.1,0.3312207459783821,Medium,"['High urgency', 'Repeat buyer with 2 previous orders', 'High inquiry value (₹35,269)', 'Large quantity (14 units)']",Respond within 2 hours,High,Medium,35269.34,14
4793,770,33.1,0.33076431077177226,Medium,"['High urgency', 'Repeat buyer with 1 previous orders', 'Enterprise buyer', 'High inquiry value (₹21,367)']",Respond within 2 hours,High,Enterprise,21366.84,15
84,204,33.1,0.33111875472869734,Medium,"['High urgency', 'Repeat buyer with 1 previous orders', 'Enterprise buyer', 'Large quantity (15 units)']",Respond within 2 hours,High,Enterprise,16302.54,15
969,152,33.1,0.33074753809040597,Medium,"['Critical urgency', 'Repeat buyer with 1 previous orders', 'High inquiry value (₹21,127)', 'Large quantity (13 units)']",Respond within 2 hours,Critical,Small,21126.86,13
4720,179,33.1,0.33074753809040597,Medium,"['Critical urgency', 'Repeat buyer with 1 previous orders', 'Large quantity (14 units)']",Respond within 2 hours,Critical,Medium,10072.35,14
3700,665,33.1,0.33097275751029365,Medium,"['High urgency', 'Repeat buyer with 1 previous orders', 'Enterprise buyer', 'Large quantity (10 units)']",Respond within 2 hours,High,Enterprise,9507.02,10
1672,35,33.1,0.33141235820046683,Medium,"['High urgency', 'Repeat buyer with 4 previous orders', 'High inquiry value (₹21,627)', 'Large quantity (11 units)']",Respond within 2 hours,High,Medium,21626.78,11
2962,510,33.1,0.33074753809040597,Medium,"['Critical urgency', 'Repeat buyer with 1 previous orders', 'Large quantity (11 units)']",Respond within 2 hours,Critical,Micro,18576.9,11
237,409,33.0,0.32950161094721536,Medium,"['High urgency', 'Repeat buyer with 3 previous orders', 'Large quantity (15 units)']",Respond within 2 hours,High,Small,6781.03,15
1789,428,33.0,0.330104863019653,Medium,"['Critical urgency', 'Repeat buyer with 1 previous orders', 'High inquiry value (₹35,839)', 'Large quantity (17 units)']",Respond within 2 hours,Critical,Medium,35838.72,17
1337,297,33.0,0.32950161094721536,Medium,"['High urgency', 'Repeat buyer with 2 previous orders', 'High inquiry value (₹31,957)', 'Large quantity (17 units)']",Respond within 2 hours,High,Small,31957.19,17
4531,134,33.0,0.3298608805680447,Medium,"['High urgency', 'Repeat buyer with 2 previous orders', 'High inquiry value (₹33,150)', 'Large quantity (19 units)']",Respond within 2 hours,High,Small,33149.53,19
4677,394,33.0,0.33008286385686675,Medium,"['Critical urgency', 'Repeat buyer with 1 previous orders', 'Large quantity (10 units)']",Respond within 2 hours,Critical,Small,12484.87,10
2128,685,33.0,0.3302478893555768,Medium,"['High urgency', 'Repeat buyer with 2 previous orders', 'Enterprise buyer', 'Large quantity (15 units)']",Respond within 2 hours,High,Enterprise,19658.32,15
1556,562,33.0,0.33045196282393674,Medium,"['Critical urgency', 'Repeat buyer with 5 previous orders', 'Enterprise buyer', 'High inquiry value (₹30,727)']",Respond within 2 hours,Critical,Enterprise,30727.05,12
736,454,33.0,0.33008286385686675,Medium,"['Critical urgency', 'Repeat buyer with 1 previous orders', 'Large quantity (14 units)']",Respond within 2 hours,Critical,Medium,12204.32,14
4041,684,33.0,0.32950161094721536,Medium,"['High urgency', 'Repeat buyer with 2 previous orders', 'High inquiry value (₹30,785)', 'Large quantity (16 units)']",Respond within 2 hours,High,Medium,30784.55,16
2261,481,33.0,0.33008286385686675,Medium,"['Critical urgency', 'Repeat buyer with 1 previous orders', 'Large quantity (16 units)', 'Strong seller rating (4.6)']",Respond within 2 hours,Critical,Medium,19224.46,16
1052,680,33.0,0.33008286385686675,Medium,"['Critical urgency', 'Repeat buyer with 1 previous orders', 'Large quantity (10 units)', 'Strong seller rating (4.5)']",Respond within 2 hours,Critical,Medium,14844.57,10
3451,43,32.9,0.3290710961933015,Medium,"['High urgency', 'Repeat buyer with 3 previous orders', 'High inquiry value (₹39,509)', 'Large quantity (15 units)']",Respond within 2 hours,High,Micro,39509.11,15
1050,810,32.9,0.3289667575589236,Medium,"['High urgency', 'Repeat buyer with 5 previous orders', 'Large buyer', 'High inquiry value (₹27,152)']",Respond within 2 hours,High,Large,27151.54,14
1273,930,32.9,0.32919980999424103,Medium,"['Critical urgency', 'Repeat buyer with 1 previous orders', 'Large quantity (16 units)', 'Strong seller rating (4.7)']",Respond within 2 hours,Critical,Medium,18565.85,16
518,212,32.9,0.3289667575589236,Medium,"['High urgency', 'Repeat buyer with 2 previous orders', 'Large buyer']",Respond within 2 hours,High,Large,5947.96,9
1496,882,32.9,0.3288254341246277,Medium,"['High urgency', 'Repeat buyer with 2 previous orders', 'Large quantity (18 units)']",Respond within 2 hours,High,Medium,9529.22,18
1854,884,32.9,0.3288254341246277,Medium,"['High urgency', 'Repeat buyer with 2 previous orders', 'High inquiry value (₹34,556)', 'Large quantity (14 units)']",Respond within 2 hours,High,Micro,34556.03,14
1276,566,32.9,0.32926815898875245,Medium,"['Critical urgency', 'Repeat buyer with 1 previous orders', 'High inquiry value (₹31,105)', 'Large quantity (15 units)']",Respond within 2 hours,Critical,Medium,31105.1,15
1573,164,32.9,0.3286687355141372,Medium,"['High urgency', 'Repeat buyer with 2 previous orders', 'Large quantity (10 units)']",Respond within 2 hours,High,Small,12936.34,10
4319,828,32.9,0.3288254341246277,Medium,"['High urgency', 'Repeat buyer with 2 previous orders']",Respond within 2 hours,High,Small,14838.32,8
1523,86,32.8,0.32821648809483855,Medium,"['Critical urgency', 'Repeat buyer with 1 previous orders', 'High inquiry value (₹29,649)', 'Large quantity (12 units)']",Respond within 2 hours,Critical,Micro,29649.01,12
363,318,32.8,0.3275518954632872,Medium,"['High urgency', 'Repeat buyer with 3 previous orders', 'High inquiry value (₹22,133)', 'Large quantity (17 units)']",Respond within 2 hours,High,Small,22132.59,17
1759,500,32.8,0.3281029206222612,Medium,"['High urgency', 'Repeat buyer with 1 previous orders', 'Enterprise buyer', 'Large quantity (16 units)']",Respond within 2 hours,High,Enterprise,16941.15,16
1337,342,32.8,0.32789563752645773,Medium,"['High urgency', 'Repeat buyer with 2 previous orders', 'Large buyer', 'Large quantity (13 units)']",Respond within 2 hours,High,Large,8387.17,13
4823,717,32.8,0.32794740298939623,Medium,"['High urgency', 'Repeat buyer with 2 previous orders', 'High inquiry value (₹22,253)', 'Strong seller rating (4.6)']",Respond within 2 hours,High,Micro,22253.36,9
360,272,32.8,0.328442188085752,Medium,"['High urgency', 'Repeat buyer with 3 previous orders', 'High inquiry value (₹20,042)', 'Large quantity (15 units)']",Respond within 2 hours,High,Medium,20041.62,15
3997,563,32.8,0.328442188085752,Medium,"['High urgency', 'Repeat buyer with 3 previous orders', 'Large quantity (11 units)']",Respond within 2 hours,High,Small,10458.92,11
2643,957,32.7,0.3266274130870647,Medium,"['Critical urgency', 'Repeat buyer with 3 previous orders', 'High inquiry value (₹29,018)', 'Large quantity (14 units)']",Respond within 2 hours,Critical,Medium,29017.54,14
1747,548,32.7,0.32670715536065903,Medium,"['Critical urgency', 'Repeat buyer with 1 previous orders', 'Large quantity (12 units)']",Respond within 2 hours,Critical,Small,11414.71,12
476,6,32.7,0.32703170012152855,Medium,"['Critical urgency', 'Repeat buyer with 3 previous orders']",Respond within 2 hours,Critical,Small,5897.63,6
1426,226,32.7,0.32674729951687576,Medium,"['High urgency', 'Repeat buyer with 2 previous orders', 'Large quantity (16 units)', 'Strong seller rating (4.6)']",Respond within 2 hours,High,Micro,18145.25,16
2025,786,32.7,0.32677584462283793,Medium,"['Critical urgency', 'Repeat buyer with 1 previous orders', 'High inquiry value (₹47,992)', 'Large quantity (18 units)']",Respond within 2 hours,Critical,Micro,47991.73,18
3061,583,32.6,0.3258816906195588,Medium,"['High urgency', 'Repeat buyer with 2 previous orders', 'High inquiry value (₹35,448)', 'Large quantity (15 units)']",Respond within 2 hours,High,Medium,35447.77,15
458,46,32.6,0.3258816906195588,Medium,"['High urgency', 'Repeat buyer with 2 previous orders', 'Large quantity (11 units)', 'Strong seller rating (4.8)']",Respond within 2 hours,High,Medium,11761.67,11
4935,98,32.6,0.3262096697808932,Medium,"['High urgency', 'Repeat buyer with 3 previous orders', 'Large quantity (15 units)', 'Strong seller rating (4.9)']",Respond within 2 hours,High,Small,16564.49,15
2175,954,32.6,0.326095308742106,Medium,"['High urgency', 'Repeat buyer with 5 previous orders', 'Large buyer', 'High inquiry value (₹23,724)']",Respond within 2 hours,High,Large,23724.02,15
1592,580,32.6,0.3260500070375647,Medium,"['High urgency', 'Repeat buyer with 3 previous orders', 'High inquiry value (₹24,828)', 'Large quantity (13 units)']",Respond within 2 hours,High,Micro,24827.87,13
619,95,32.6,0.326095308742106,Medium,"['High urgency', 'Repeat buyer with 4 previous orders', 'Large buyer', 'High inquiry value (₹27,305)']",Respond within 2 hours,High,Large,27305.46,14
3645,228,32.6,0.3256709074106168,Medium,"['High urgency', 'Repeat buyer with 2 previous orders']",Respond within 2 hours,High,Medium,7509.68,8
1391,989,32.6,0.3256709074106168,Medium,"['High urgency', 'Repeat buyer with 4 previous orders', 'Large quantity (13 units)']",Respond within 2 hours,High,Micro,13586.72,13
714,4,32.5,0.3249673936166609,Medium,"['High urgency', 'Repeat buyer with 1 previous orders', 'Enterprise buyer', 'High inquiry value (₹21,476)']",Respond within 2 hours,High,Enterprise,21475.85,15
2445,614,32.5,0.3250492612409628,Medium,"['High urgency', 'Repeat buyer with 2 previous orders', 'Large quantity (11 units)']",Respond within 2 hours,High,Small,9833.03,11
3185,810,32.5,0.3249673936166609,Medium,"['High urgency', 'Repeat buyer with 1 previous orders', 'Enterprise buyer', 'High inquiry value (₹27,401)']",Respond within 2 hours,High,Enterprise,27400.75,18
3954,508,32.5,0.3250492612409628,Medium,"['High urgency', 'Repeat buyer with 2 previous orders', 'Large quantity (15 units)']",Respond within 2 hours,High,Small,19858.59,15
4871,844,32.5,0.32465336526544464,Medium,"['High urgency', 'Repeat buyer with 1 previous orders', 'Enterprise buyer', 'Large quantity (10 units)']",Respond within 2 hours,High,Enterprise,14170.73,10
2278,675,32.4,0.3237593206401194,Medium,"['High urgency', 'Repeat buyer with 2 previous orders', 'High inquiry value (₹22,529)', 'Large quantity (17 units)']",Respond within 2 hours,High,Small,22528.64,17
3825,737,32.4,0.3239399525897363,Medium,"['High urgency', 'Repeat buyer with 2 previous orders', 'High inquiry value (₹24,310)', 'Large quantity (13 units)']",Respond within 2 hours,High,Micro,24310.38,13
1356,193,32.4,0.3241775519566716,Medium,"['Critical urgency', 'Repeat buyer with 1 previous orders', 'High inquiry value (₹32,184)', 'Large quantity (15 units)']",Respond within 2 hours,Critical,Medium,32183.85,15
2375,312,32.4,0.3236603473907723,Medium,"['High urgency', 'Repeat buyer with 1 previous orders', 'Enterprise buyer']",Respond within 2 hours,High,Enterprise,8136.33,7
1419,991,32.4,0.32370179978932145,Medium,"['High urgency', 'Repeat buyer with 4 previous orders', 'Large quantity (10 units)']",Respond within 2 hours,High,Micro,8012.16,10
2932,893,32.4,0.323843233653291,Medium,"['Critical urgency', 'Repeat buyer with 1 previous orders', 'High inquiry value (₹24,578)', 'Large quantity (12 units)']",Respond within 2 hours,Critical,Small,24578.21,12
4200,448,32.4,0.323843233653291,Medium,"['Critical urgency', 'Repeat buyer with 1 previous orders', 'High inquiry value (₹23,006)', 'Large quantity (12 units)']",Respond within 2 hours,Critical,Micro,23006.39,12
4775,700,32.3,0.32251674276795494,Medium,"['High urgency', 'Repeat buyer with 3 previous orders', 'High inquiry value (₹31,164)', 'Large quantity (15 units)']",Respond within 2 hours,High,Micro,31163.61,15
2890,113,32.3,0.3226060583351237,Medium,"['High urgency', 'Repeat buyer with 2 previous orders', 'Large quantity (15 units)']",Respond within 2 hours,High,Small,12415.18,15
1589,352,32.2,0.3221256244786532,Medium,"['Critical urgency', 'Repeat buyer with 1 previous orders', 'Large quantity (14 units)']",Respond within 2 hours,Critical,Small,17567.39,14
3744,158,32.2,0.32161990825391285,Medium,"['Critical urgency', 'Repeat buyer with 1 previous orders']",Respond within 2 hours,Critical,Micro,7275.88,7
4496,960,32.1,0.32112198089246796,Medium,"['High urgency', 'Repeat buyer with 3 previous orders', 'High inquiry value (₹20,904)', 'Large quantity (16 units)']",Respond within 2 hours,High,Small,20904.25,16
905,545,32.1,0.3210162354868124,Medium,"['Critical urgency', 'Repeat buyer with 1 previous orders', 'High inquiry value (₹31,392)', 'Large quantity (16 units)']",Respond within 2 hours,Critical,Micro,31392.25,16
217,906,32.1,0.3206781562946195,Medium,"['High urgency', 'Repeat buyer with 1 previous orders', 'Enterprise buyer', 'High inquiry value (₹52,233)']",Respond within 2 hours,High,Enterprise,52233.46,19
4038,568,32.1,0.3205470213741418,Medium,"['High urgency', 'Repeat buyer with 1 previous orders', 'Enterprise buyer', 'High inquiry value (₹37,535)']",Respond within 2 hours,High,Enterprise,37534.99,15
3185,985,32.1,0.3205470213741418,Medium,"['High urgency', 'Repeat buyer with 1 previous orders', 'Enterprise buyer', 'High inquiry value (₹22,824)']",Respond within 2 hours,High,Enterprise,22823.73,12
4439,916,32.1,0.32112198089246796,Medium,"['High urgency', 'Repeat buyer with 3 previous orders']",Respond within 2 hours,High,Medium,16431.69,7
4189,991,32.0,0.32012419306100354,Medium,"['Critical urgency', 'Repeat buyer with 1 previous orders', 'Large quantity (12 units)']",Respond within 2 hours,Critical,Medium,15821.93,12
2027,426,32.0,0.3196290426596556,Medium,"['Critical urgency', 'Repeat buyer with 1 previous orders', 'Large quantity (12 units)']",Respond within 2 hours,Critical,Small,18117.75,12
2024,633,31.9,0.3193258063729519,Medium,"['High urgency', 'Repeat buyer with 2 previous orders', 'Large quantity (11 units)']",Respond within 2 hours,High,Medium,10904.67,11
1336,646,31.9,0.3193258063729519,Medium,"['High urgency', 'Repeat buyer with 2 previous orders', 'Large quantity (14 units)']",Respond within 2 hours,High,Small,16898.73,14
2749,625,31.9,0.31934760710420196,Medium,"['High urgency', 'Repeat buyer with 2 previous orders', 'High inquiry value (₹22,147)', 'Large quantity (12 units)']",Respond within 2 hours,High,Medium,22146.67,12
3346,99,31.9,0.31886049381811377,Medium,"['High urgency', 'Repeat buyer with 1 previous orders', 'Enterprise buyer', 'High inquiry value (₹42,542)']",Respond within 2 hours,High,Enterprise,42542.44,15
2147,288,31.8,0.3184839028890208,Medium,"['High urgency', 'Repeat buyer with 2 previous orders', 'High inquiry value (₹41,262)', 'Large quantity (15 units)']",Respond within 2 hours,High,Small,41262.15,15
4684,860,31.8,0.3181672554528261,Medium,"['High urgency', 'Repeat buyer with 1 previous orders', 'Enterprise buyer', 'Large quantity (14 units)']",Respond within 2 hours,High,Enterprise,17210.19,14
4860,691,31.8,0.3181672554528261,Medium,"['High urgency', 'Repeat buyer with 1 previous orders', 'Enterprise buyer', 'Large quantity (10 units)']",Respond within 2 hours,High,Enterprise,7523.93,10
1051,130,31.7,0.31705913758177495,Medium,"['High urgency', 'Repeat buyer with 2 previous orders', 'Large quantity (12 units)']",Respond within 2 hours,High,Small,12389.18,12
1800,671,31.7,0.31705913758177495,Medium,"['High urgency', 'Repeat buyer with 3 previous orders', 'High inquiry value (₹22,743)']",Respond within 2 hours,High,Small,22743.21,9
2841,557,31.7,0.31682296117934705,Medium,"['Critical urgency', 'Repeat buyer with 1 previous orders', 'Large quantity (11 units)']",Respond within 2 hours,Critical,Medium,18889.51,11
3138,207,31.6,0.31579968649182705,Medium,"['Critical urgency', 'Repeat buyer with 1 previous orders']",Respond within 2 hours,Critical,Medium,5199.48,7
3405,791,31.6,0.3160850270434124,Medium,"['High urgency', 'Repeat buyer with 2 previous orders', 'Large quantity (14 units)']",Respond within 2 hours,High,Small,7295.51,14
4952,398,31.6,0.3160850270434124,Medium,"['High urgency', 'Repeat buyer with 2 previous orders']",Respond within 2 hours,High,Medium,10071.73,9
4631,397,31.5,0.31452236763812313,Medium,"['High urgency', 'Repeat buyer with 1 previous orders', 'Enterprise buyer', 'High inquiry value (₹31,042)']",Respond within 2 hours,High,Enterprise,31041.8,23
1369,622,31.5,0.3150498626665904,Medium,"['High urgency', 'Repeat buyer with 2 previous orders', 'Large buyer', 'Large quantity (18 units)']",Respond within 2 hours,High,Large,13388.91,18
1293,966,31.5,0.3153165035457737,Medium,"['Critical urgency', 'Repeat buyer with 1 previous orders', 'High inquiry value (₹35,447)', 'Large quantity (12 units)']",Respond within 2 hours,Critical,Small,35446.85,12
2966,101,31.5,0.31484865014814833,Medium,"['High urgency', 'Repeat buyer with 1 previous orders', 'Large buyer', 'Large quantity (10 units)']",Respond within 2 hours,High,Large,13744.97,10
2144,425,31.5,0.31479647273085903,Medium,"['High urgency', 'Repeat buyer with 2 previous orders', 'High inquiry value (₹26,051)', 'Large quantity (14 units)']",Respond within 2 hours,High,Small,26051.45,14
765,635,31.5,0.31515018958469254,Medium,"['High urgency', 'Repeat buyer with 4 previous orders', 'High inquiry value (₹20,047)']",Respond within 2 hours,High,Small,20047.11,9
4658,912,31.4,0.3143693392816891,Medium,"['Critical urgency', 'Repeat buyer with 1 previous orders', 'Large quantity (13 units)']",Respond within 2 hours,Critical,Medium,17869.95,13
1669,147,31.4,0.31448449044163534,Medium,"['High urgency', 'Repeat buyer with 1 previous orders', 'Enterprise buyer', 'High inquiry value (₹36,050)']",Respond within 2 hours,High,Enterprise,36050.11,17
2703,834,31.4,0.31448449044163534,Medium,"['High urgency', 'Repeat buyer with 1 previous orders', 'Enterprise buyer', 'High inquiry value (₹22,130)']",Respond within 2 hours,High,Enterprise,22129.69,14
1266,849,31.4,0.31427036711150663,Medium,"['High urgency', 'Repeat buyer with 4 previous orders', 'Large quantity (15 units)']",Respond within 2 hours,High,Medium,18572.67,15
54,30,31.4,0.31417719647952985,Medium,"['Critical urgency', 'Repeat buyer with 1 previous orders', 'Large quantity (18 units)']",Respond within 2 hours,Critical,Micro,19290.93,18
3203,258,31.4,0.31417699349457545,Medium,"['High urgency', 'Repeat buyer with 2 previous orders', 'Large quantity (11 units)']",Respond within 2 hours,High,Small,15388.96,11
4217,486,31.4,0.31395069523487074,Medium,"['Critical urgency', 'Repeat buyer with 1 previous orders', 'Large quantity (11 units)', 'Strong seller rating (4.6)']",Respond within 2 hours,Critical,Medium,14086.59,11
255,677,31.3,0.3127323757700859,Medium,"['High urgency', 'Repeat buyer with 2 previous orders', 'Large quantity (10 units)', 'Strong seller rating (4.5)']",Respond within 2 hours,High,Small,7848.4,10
4244,253,31.3,0.3130253656705862,Medium,"['High urgency', 'Repeat buyer with 1 previous orders', 'Enterprise buyer', 'Large quantity (15 units)']",Respond within 2 hours,High,Enterprise,14044.38,15
3675,934,31.3,0.31326926872685207,Medium,"['High urgency', 'Repeat buyer with 1 previous orders', 'Enterprise buyer', 'High inquiry value (₹27,193)']",Respond within 2 hours,High,Enterprise,27193.47,13
5000,802,31.2,0.31243906322624043,Medium,"['Critical urgency', 'Repeat buyer with 1 previous orders', 'Large quantity (21 units)']",Respond within 2 hours,Critical,Small,9604.86,21
1672,779,31.2,0.3122948449775001,Medium,"['Critical urgency', 'Repeat buyer with 0 previous orders', 'Large buyer', 'High inquiry value (₹20,671)']",Respond within 2 hours,Critical,Large,20670.88,15
2611,14,31.1,0.3105809022844748,Medium,"['High urgency', 'Repeat buyer with 3 previous orders']",Respond within 2 hours,High,Medium,8931.48,8
1967,611,31.1,0.3106921456988567,Medium,"['High urgency', 'Repeat buyer with 2 previous orders', 'High inquiry value (₹20,594)']",Respond within 2 hours,High,Micro,20593.75,8
1358,287,31.1,0.3106812689998596,Medium,"['High urgency', 'Repeat buyer with 1 previous orders', 'Large buyer', 'Large quantity (12 units)']",Respond within 2 hours,High,Large,9089.9,12
2389,218,31.1,0.3105247094236239,Medium,"['Critical urgency', 'Repeat buyer with 1 previous orders', 'High inquiry value (₹26,729)', 'Large quantity (17 units)']",Respond within 2 hours,Critical,Medium,26729.41,17
572,407,31.1,0.3111082086784931,Medium,"['Critical urgency', 'Repeat buyer with 1 previous orders', 'High inquiry value (₹25,636)', 'Large quantity (13 units)']",Respond within 2 hours,Critical,Medium,25635.55,13
31,556,31.1,0.3105247094236239,Medium,"['Critical urgency', 'Repeat buyer with 1 previous orders', 'High inquiry value (₹25,363)', 'Large quantity (12 units)']",Respond within 2 hours,Critical,Medium,25363.11,12
2379,354,31.0,0.30983297327178877,Medium,"['Critical urgency', 'Repeat buyer with 1 previous orders', 'High inquiry value (₹20,619)', 'Large quantity (12 units)']",Respond within 2 hours,Critical,Small,20618.66,12
4168,93,31.0,0.31042458176464566,Medium,"['Critical urgency', 'Repeat buyer with 1 previous orders', 'Large quantity (14 units)', 'Strong seller rating (4.7)']",Respond within 2 hours,Critical,Micro,13920.29,14
1724,401,31.0,0.3104092550993293,Medium,"['High urgency', 'Repeat buyer with 2 previous orders', 'High inquiry value (₹24,348)', 'Large quantity (13 units)']",Respond within 2 hours,High,Small,24348.25,13
1703,810,31.0,0.30955951214965666,Medium,"['High urgency', 'Repeat buyer with 3 previous orders']",Respond within 2 hours,High,Micro,6102.31,9
4060,237,30.8,0.30812841842143024,Medium,"['Critical urgency', 'Repeat buyer with 1 previous orders']",Respond within 2 hours,Critical,Medium,13068.51,9
96,1000,30.7,0.30738846157203886,Medium,"['Critical urgency', 'Repeat buyer with 1 previous orders', 'High inquiry value (₹22,731)', 'Large quantity (14 units)']",Respond within 2 hours,Critical,Small,22730.58,14
1996,348,30.7,0.3068395130539175,Medium,"['Critical urgency', 'Repeat buyer with 1 previous orders', 'Large buyer', 'High inquiry value (₹22,197)']",Respond within 2 hours,Critical,Large,22197.36,11
1950,5,30.7,0.30719315856508966,Medium,"['Critical urgency', 'Repeat buyer with 1 previous orders', 'Large quantity (10 units)']",Respond within 2 hours,Critical,Small,14209.59,10
3988,109,30.7,0.3068170020493363,Medium,"['Critical urgency', 'Repeat buyer with 1 previous orders', 'High inquiry value (₹31,248)', 'Large quantity (16 units)']",Respond within 2 hours,Critical,Small,31248.4,16
2561,744,30.7,0.3074946681896841,Medium,"['High urgency', 'Repeat buyer with 2 previous orders', 'High inquiry value (₹21,429)', 'Large quantity (15 units)']",Respond within 2 hours,High,Medium,21429.13,15
2308,48,30.6,0.30599352418375275,Medium,"['High urgency', 'Repeat buyer with 1 previous orders', 'Large buyer']",Respond within 2 hours,High,Large,18359.39,8
2265,928,30.6,0.30596126504153415,Medium,"['High urgency', 'Repeat buyer with 3 previous orders']",Respond within 2 hours,High,Micro,19583.46,9
2899,599,30.6,0.30639440842636,Medium,"['High urgency', 'Repeat buyer with 2 previous orders', 'High inquiry value (₹22,172)', 'Large quantity (13 units)']",Respond within 2 hours,High,Small,22172.48,13
2263,912,30.5,0.3051848573389089,Medium,"['High urgency', 'Repeat buyer with 2 previous orders', 'Large buyer', 'High inquiry value (₹46,614)']",Respond within 2 hours,High,Large,46613.8,23
376,842,30.5,0.30523169795421046,Medium,"['High urgency', 'Repeat buyer with 2 previous orders', 'High inquiry value (₹30,799)', 'Large quantity (15 units)']",Respond within 2 hours,High,Small,30798.89,15
402,349,30.5,0.30544809613264806,Medium,"['High urgency', 'Repeat buyer with 1 previous orders', 'Large buyer', 'Large quantity (11 units)']",Respond within 2 hours,High,Large,14491.04,11
2262,378,30.5,0.30548165486394435,Medium,"['High urgency', 'Repeat buyer with 4 previous orders', 'Large quantity (15 units)']",Respond within 2 hours,High,Small,10801.45,15
1376,346,30.4,0.30391954157386136,Medium,"['High urgency', 'Repeat buyer with 3 previous orders', 'High inquiry value (₹47,546)', 'Large quantity (16 units)']",Respond within 2 hours,High,Micro,47545.54,16
3429,656,30.4,0.30356497382581527,Medium,"['High urgency', 'Repeat buyer with 1 previous orders', 'Enterprise buyer', 'High inquiry value (₹22,675)']",Respond within 2 hours,High,Enterprise,22675.08,15
1279,807,30.4,0.30391954157386136,Medium,"['High urgency', 'Repeat buyer with 2 previous orders', 'Large quantity (12 units)']",Respond within 2 hours,High,Small,19375.44,12
4960,680,30.3,0.30349301559239894,Medium,"['High urgency', 'Repeat buyer with 2 previous orders', 'Large quantity (14 units)']",Respond within 2 hours,High,Medium,19976.46,14
1515,186,30.3,0.30295354972365385,Medium,"['Critical urgency', 'Repeat buyer with 1 previous orders', 'High inquiry value (₹25,899)', 'Large quantity (11 units)']",Respond within 2 hours,Critical,Small,25899.02,11
2598,145,30.3,0.30320521303587067,Medium,"['High urgency', 'Repeat buyer with 2 previous orders', 'Large quantity (11 units)']",Respond within 2 hours,High,Medium,9001.59,11
225,208,30.3,0.3025689483321531,Medium,"['High urgency', 'Repeat buyer with 1 previous orders', 'Large buyer', 'Large quantity (11 units)']",Respond within 2 hours,High,Large,7019.94,11
3534,320,30.3,0.30341194279649747,Medium,"['High urgency', 'Repeat buyer with 2 previous orders', 'High inquiry value (₹46,682)', 'Large quantity (18 units)']",Respond within 2 hours,High,Medium,46682.27,18
976,580,30.3,0.30320521303587067,Medium,"['High urgency', 'Repeat buyer with 2 previous orders']",Respond within 2 hours,High,Medium,14512.49,5
3070,753,30.3,0.30320521303587067,Medium,"['High urgency', 'Repeat buyer with 2 previous orders', 'Large quantity (12 units)']",Respond within 2 hours,High,Medium,17014.81,12
692,227,30.3,0.30349301559239894,Medium,"['High urgency', 'Repeat buyer with 2 previous orders']",Respond within 2 hours,High,Medium,12409.99,9
4177,190,30.3,0.3032144319371106,Medium,"['High urgency', 'Repeat buyer with 2 previous orders', 'Large quantity (14 units)']",Respond within 2 hours,High,Small,17362.87,14
4905,307,30.3,0.30334406802676117,Medium,"['High urgency', 'Repeat buyer with 1 previous orders', 'Enterprise buyer']",Respond within 2 hours,High,Enterprise,9835.36,9
529,778,30.3,0.3029845386386394,Medium,"['Critical urgency', 'Repeat buyer with 1 previous orders', 'High inquiry value (₹32,409)', 'Large quantity (19 units)']",Respond within 2 hours,Critical,Micro,32408.89,19
1800,446,30.3,0.30320521303587067,Medium,"['High urgency', 'Repeat buyer with 2 previous orders', 'Large quantity (14 units)']",Respond within 2 hours,High,Micro,15677.14,14
1720,70,30.2,0.301835452555635,Medium,"['High urgency', 'Repeat buyer with 3 previous orders', 'Large quantity (13 units)', 'Strong seller rating (4.7)']",Respond within 2 hours,High,Medium,12589.67,13
3550,125,30.2,0.3017386848823334,Medium,"['High urgency', 'Repeat buyer with 1 previous orders', 'Large buyer', 'High inquiry value (₹20,882)']",Respond within 2 hours,High,Large,20881.65,16
845,207,30.2,0.3017386848823334,Medium,"['High urgency', 'Repeat buyer with 1 previous orders', 'Large buyer', 'Large quantity (15 units)']",Respond within 2 hours,High,Large,8643.68,15
2896,808,30.2,0.3019045900882401,Medium,"['High urgency', 'Repeat buyer with 1 previous orders', 'Large buyer', 'High inquiry value (₹23,676)']",Respond within 2 hours,High,Large,23675.65,12
1966,130,30.2,0.3021694364266234,Medium,"['High urgency', 'Repeat buyer with 1 previous orders', 'Large buyer', 'Large quantity (10 units)']",Respond within 2 hours,High,Large,7737.51,10
3712,536,30.1,0.30075021516501993,Medium,"['High urgency', 'Repeat buyer with 3 previous orders', 'Large quantity (10 units)']",Respond within 2 hours,High,Medium,4564.32,10
2824,230,30.1,0.3012869894389677,Medium,"['Critical urgency', 'Repeat buyer with 1 previous orders', 'Large quantity (15 units)']",Respond within 2 hours,Critical,Micro,19653.86,15
3849,645,30.1,0.30094233373512774,Medium,"['High urgency', 'Repeat buyer with 3 previous orders', 'Enterprise buyer', 'Large quantity (16 units)']",Respond within 2 hours,High,Enterprise,18906.94,16
3130,754,30.0,0.29952005204965365,Medium,"['Critical urgency', 'Repeat buyer with 1 previous orders', 'High inquiry value (₹36,791)', 'Large quantity (13 units)']",Respond within 2 hours,Critical,Micro,36791.45,13
2554,668,30.0,0.30016235612650083,Medium,"['High urgency', 'Repeat buyer with 2 previous orders', 'High inquiry value (₹24,953)', 'Large quantity (14 units)']",Respond within 2 hours,High,Small,24952.74,14
1553,672,30.0,0.3001069846027971,Medium,"['High urgency', 'Repeat buyer with 2 previous orders', 'High inquiry value (₹21,602)', 'Large quantity (17 units)']",Respond within 2 hours,High,Medium,21602.18,17
1823,465,30.0,0.30034079232868066,Medium,"['High urgency', 'Repeat buyer with 3 previous orders', 'Large quantity (13 units)']",Respond within 2 hours,High,Medium,16620.51,13
418,761,30.0,0.3001069846027971,Medium,"['High urgency', 'Repeat buyer with 2 previous orders', 'High inquiry value (₹40,705)', 'Large quantity (13 units)']",Respond within 2 hours,High,Micro,40705.38,13
84,517,29.9,0.2988470321798119,Medium,"['High urgency', 'Repeat buyer with 1 previous orders']",Respond within 2 hours,High,Small,10463.33,9
3101,441,29.9,0.299377452512369,Medium,"['High urgency', 'Repeat buyer with 5 previous orders', 'Enterprise buyer', 'High inquiry value (₹22,483)']",Respond within 2 hours,High,Enterprise,22483.02,14
3835,491,29.9,0.29940587036910243,Medium,"['High urgency', 'Repeat buyer with 1 previous orders', 'Large buyer', 'Strong seller rating (4.5)']",Respond within 2 hours,High,Large,7552.35,7
2519,745,29.9,0.29857127119838417,Medium,"['Critical urgency', 'Repeat buyer with 1 previous orders', 'High inquiry value (₹28,581)', 'Large quantity (11 units)']",Respond within 2 hours,Critical,Medium,28581.13,11
2893,368,29.8,0.29846029780315525,Medium,"['Critical urgency', 'Repeat buyer with 0 previous orders', 'Enterprise buyer', 'Large quantity (12 units)']",Respond within 2 hours,Critical,Enterprise,18833.81,12
4808,761,29.8,0.2984459911683251,Medium,"['High urgency', 'Repeat buyer with 2 previous orders', 'High inquiry value (₹48,339)', 'Large quantity (16 units)']",Respond within 2 hours,High,Medium,48339.04,16
590,215,29.8,0.29776560886911135,Medium,"['Critical urgency', 'Repeat buyer with 1 previous orders', 'Large buyer', 'Large quantity (11 units)']",Respond within 2 hours,Critical,Large,12574.53,11
4425,502,29.8,0.2984459911683251,Medium,"['High urgency', 'Repeat buyer with 2 previous orders', 'High inquiry value (₹23,862)', 'Large quantity (17 units)']",Respond within 2 hours,High,Micro,23862.45,17
3577,98,29.8,0.29844464108232865,Medium,"['High urgency', 'Repeat buyer with 1 previous orders', 'Large buyer', 'High inquiry value (₹24,783)']",Respond within 2 hours,High,Large,24783.08,19
2320,589,29.7,0.29698910920475013,Medium,"['High urgency', 'Repeat buyer with 3 previous orders', 'High inquiry value (₹21,869)', 'Large quantity (18 units)']",Respond within 2 hours,High,Medium,21869.17,18
449,237,29.7,0.29665155865753007,Medium,"['High urgency', 'Repeat buyer with 1 previous orders', 'Large buyer', 'Large quantity (10 units)']",Respond within 2 hours,High,Large,11821.43,10
603,365,29.7,0.2966080862323763,Medium,"['Critical urgency', 'Repeat buyer with 1 previous orders', 'Large quantity (12 units)']",Respond within 2 hours,Critical,Medium,18981.77,12
4036,607,29.7,0.29678248119485523,Medium,"['High urgency', 'Repeat buyer with 1 previous orders', 'Large buyer', 'Strong seller rating (5.0)']",Respond within 2 hours,High,Large,6277.97,8
2080,369,29.7,0.29737580797280155,Medium,"['High urgency', 'Repeat buyer with 2 previous orders']",Respond within 2 hours,High,Medium,5894.7,9
296,442,29.7,0.2974403704373429,Medium,"['High urgency', 'Repeat buyer with 1 previous orders', 'Large buyer', 'Large quantity (11 units)']",Respond within 2 hours,High,Large,17372.31,11
1789,743,29.6,0.29626045304174864,Medium,"['Critical urgency', 'Repeat buyer with 0 previous orders', 'Enterprise buyer']",Respond within 2 hours,Critical,Enterprise,6207.3,9
4438,222,29.6,0.2964850994620912,Medium,"['High urgency', 'Repeat buyer with 2 previous orders', 'Large buyer', 'High inquiry value (₹33,187)']",Respond within 2 hours,High,Large,33186.72,16
234,883,29.6,0.29552679242781715,Medium,"['High urgency', 'Repeat buyer with 4 previous orders', 'Large quantity (13 units)']",Respond within 2 hours,High,Micro,11720.29,13
1126,544,29.6,0.29618142584006557,Medium,"['High urgency', 'Repeat buyer with 2 previous orders', 'Large buyer', 'High inquiry value (₹24,704)']",Respond within 2 hours,High,Large,24704.18,10
880,893,29.6,0.2963186523415494,Medium,"['Critical urgency', 'Repeat buyer with 1 previous orders', 'High inquiry value (₹24,561)', 'Large quantity (12 units)']",Respond within 2 hours,Critical,Medium,24560.74,12
2315,422,29.5,0.2945560787340271,Medium,"['Critical urgency', 'Repeat buyer with 0 previous orders', 'Enterprise buyer', 'High inquiry value (₹24,679)']",Respond within 2 hours,Critical,Enterprise,24679.16,11
3857,877,29.5,0.29469220917178207,Medium,"['High urgency', 'Repeat buyer with 1 previous orders', 'Large buyer', 'High inquiry value (₹22,308)']",Respond within 2 hours,High,Large,22307.76,12
1937,471,29.3,0.29333700452932565,Medium,"['High urgency', 'Repeat buyer with 1 previous orders', 'Large buyer', 'High inquiry value (₹31,246)']",Respond within 2 hours,High,Large,31246.49,12
700,501,29.3,0.2930144680196807,Medium,"['High urgency', 'Repeat buyer with 1 previous orders', 'Strong seller rating (4.5)']",Respond within 2 hours,High,Small,4115.48,5
2358,967,29.3,0.2933579025611402,Medium,"['High urgency', 'Repeat buyer with 2 previous orders', 'Large quantity (15 units)']",Respond within 2 hours,High,Small,13048.15,15
2644,318,29.3,0.29343790642180073,Medium,"['Critical urgency', 'Repeat buyer with 1 previous orders', 'Large quantity (14 units)']",Respond within 2 hours,Critical,Medium,19125.5,14
4838,368,29.3,0.2930102386139716,Medium,"['High urgency', 'Repeat buyer with 2 previous orders', 'High inquiry value (₹51,020)', 'Large quantity (19 units)']",Respond within 2 hours,High,Small,51019.51,19
4127,723,29.3,0.2926853007983547,Medium,"['Critical urgency', 'Repeat buyer with 0 previous orders', 'Enterprise buyer', 'High inquiry value (₹20,937)']",Respond within 2 hours,Critical,Enterprise,20937.18,9
3128,543,29.2,0.2915736155842682,Medium,"['High urgency', 'Repeat buyer with 1 previous orders', 'Large buyer', 'High inquiry value (₹20,188)']",Respond within 2 hours,High,Large,20187.79,17
110,854,29.2,0.29152200591321226,Medium,"['Critical urgency', 'Repeat buyer with 1 previous orders', 'Large quantity (10 units)']",Respond within 2 hours,Critical,Medium,6807.61,10
887,586,29.1,0.2914060858224895,Medium,"['High urgency', 'Repeat buyer with 2 previous orders', 'High inquiry value (₹21,479)', 'Large quantity (21 units)']",Respond within 2 hours,High,Medium,21478.87,21
1972,928,29.1,0.2914701806869035,Medium,"['High urgency', 'Repeat buyer with 2 previous orders']",Respond within 2 hours,High,Micro,3970.8,7
630,960,29.1,0.29084387135998396,Medium,"['High urgency', 'Repeat buyer with 1 previous orders', 'Large buyer', 'High inquiry value (₹29,442)']",Respond within 2 hours,High,Large,29442.16,10
2239,216,29.1,0.2911203309926255,Medium,"['High urgency', 'Repeat buyer with 1 previous orders', 'Large buyer', 'High inquiry value (₹25,035)']",Respond within 2 hours,High,Large,25034.92,15
4933,201,29.1,0.2914701806869035,Medium,"['High urgency', 'Repeat buyer with 2 previous orders', 'High inquiry value (₹21,576)', 'Large quantity (16 units)']",Respond within 2 hours,High,Micro,21576.03,16
2469,538,29.0,0.29027843447486645,Medium,"['Critical urgency', 'Repeat buyer with 1 previous orders', 'Large quantity (17 units)']",Respond within 2 hours,Critical,Medium,17027.84,17
490,197,29.0,0.29002671100043664,Medium,"['Critical urgency', 'Repeat buyer with 0 previous orders', 'Enterprise buyer', 'Strong seller rating (4.6)']",Respond within 2 hours,Critical,Enterprise,12778.55,9
2760,418,29.0,0.28969286188138665,Medium,"['Critical urgency', 'Repeat buyer with 0 previous orders', 'Enterprise buyer', 'High inquiry value (₹21,688)']",Respond within 2 hours,Critical,Enterprise,21688.36,13
831,351,28.9,0.28945047096794607,Medium,"['High urgency', 'Repeat buyer with 1 previous orders', 'Large buyer', 'Large quantity (11 units)']",Respond within 2 hours,High,Large,11761.11,11
2360,531,28.9,0.28878221254071235,Medium,"['Critical urgency', 'Repeat buyer with 1 previous orders', 'High inquiry value (₹24,480)', 'Large quantity (15 units)']",Respond within 2 hours,Critical,Medium,24480.43,15
4251,101,28.9,0.2894347798197395,Medium,"['Critical urgency', 'Repeat buyer with 0 previous orders', 'Large buyer', 'Strong seller rating (5.0)']",Respond within 2 hours,Critical,Large,11753.26,6
4711,509,28.8,0.28827701425732616,Medium,"['High urgency', 'Repeat buyer with 1 previous orders', 'High inquiry value (₹21,234)', 'Large quantity (11 units)']",Respond within 2 hours,High,Small,21233.5,11
1097,67,28.8,0.28847793859273735,Medium,"['High urgency', 'Repeat buyer with 1 previous orders', 'Large buyer', 'Large quantity (15 units)']",Respond within 2 hours,High,Large,15668.0,15
715,996,28.8,0.2882875374129224,Medium,"['High urgency', 'Repeat buyer with 2 previous orders', 'High inquiry value (₹20,439)', 'Large quantity (12 units)']",Respond within 2 hours,High,Small,20439.23,12
596,752,28.7,0.28733220408679894,Medium,"['High urgency', 'Repeat buyer with 1 previous orders', 'Large buyer', 'Large quantity (12 units)']",Respond within 2 hours,High,Large,12044.23,12
2975,662,28.7,0.28712931372010914,Medium,"['High urgency', 'Repeat buyer with 2 previous orders']",Respond within 2 hours,High,Medium,12039.56,8
4579,470,28.7,0.28675416347254096,Medium,"['High urgency', 'Repeat buyer with 2 previous orders', 'Large quantity (11 units)']",Respond within 2 hours,High,Micro,7506.49,11
1048,27,28.7,0.28733220408679894,Medium,"['High urgency', 'Repeat buyer with 1 previous orders', 'Large buyer', 'High inquiry value (₹21,184)']",Respond within 2 hours,High,Large,21184.37,10
2087,971,28.6,0.28646704537474216,Medium,"['Repeat buyer with 2 previous orders', 'Enterprise buyer', 'Large quantity (18 units)']",Respond within 2 hours,Medium,Enterprise,16741.42,18
3693,148,28.5,0.28542474092054343,Medium,"['Critical urgency', 'Repeat buyer with 0 previous orders', 'Enterprise buyer']",Respond within 2 hours,Critical,Enterprise,17910.68,6
2136,17,28.5,0.28519885806926953,Medium,"['High urgency', 'Repeat buyer with 1 previous orders', 'Large quantity (11 units)']",Respond within 2 hours,High,Medium,14368.77,11
242,802,28.5,0.28519885806926953,Medium,"['High urgency', 'Repeat buyer with 1 previous orders', 'High inquiry value (₹22,454)', 'Large quantity (17 units)']",Respond within 2 hours,High,Small,22453.77,17
44,589,28.5,0.28519885806926953,Medium,"['High urgency', 'Repeat buyer with 1 previous orders', 'High inquiry value (₹23,889)', 'Large quantity (12 units)']",Respond within 2 hours,High,Medium,23888.56,12
2886,333,28.5,0.28519885806926953,Medium,"['High urgency', 'Repeat buyer with 1 previous orders', 'High inquiry value (₹39,732)', 'Large quantity (14 units)']",Respond within 2 hours,High,Small,39731.76,14
3598,579,28.5,0.28514696685543506,Medium,"['High urgency', 'Repeat buyer with 1 previous orders', 'Strong seller rating (4.5)']",Respond within 2 hours,High,Small,17254.09,9
3258,360,28.5,0.28519885806926953,Medium,"['High urgency', 'Repeat buyer with 1 previous orders', 'High inquiry value (₹38,953)', 'Large quantity (14 units)']",Respond within 2 hours,High,Medium,38953.2,14
4798,247,28.4,0.28426348932305684,Medium,"['High urgency', 'Repeat buyer with 1 previous orders', 'Large buyer']",Respond within 2 hours,High,Large,5326.68,8
1043,166,28.4,0.2838793530240008,Medium,"['Critical urgency', 'Repeat buyer with 1 previous orders', 'Enterprise buyer', 'High inquiry value (₹32,964)']",Respond within 2 hours,Critical,Enterprise,32963.57,19
3649,172,28.4,0.2838247464722814,Medium,"['Critical urgency', 'Repeat buyer with 1 previous orders', 'Large quantity (11 units)']",Respond within 2 hours,Critical,Micro,15504.16,11
1784,727,28.3,0.2833043871757392,Medium,"['Critical urgency', 'Repeat buyer with 0 previous orders', 'Enterprise buyer', 'Strong seller rating (5.0)']",Respond within 2 hours,Critical,Enterprise,6002.15,8
1001,484,28.3,0.2834005200407766,Medium,"['Repeat buyer with 3 previous orders', 'Enterprise buyer', 'Large quantity (10 units)']",Respond within 2 hours,Medium,Enterprise,15224.2,10
1884,881,28.2,0.28198955170080975,Medium,"['High urgency', 'Repeat buyer with 2 previous orders', 'High inquiry value (₹47,856)', 'Large quantity (18 units)']",Respond within 2 hours,High,Micro,47855.73,18
2253,937,28.2,0.2824521247638845,Medium,"['High urgency', 'Repeat buyer with 2 previous orders', 'Large quantity (15 units)']",Respond within 2 hours,High,Medium,13852.71,15
29,655,28.2,0.2823802917355301,Medium,"['High urgency', 'Repeat buyer with 0 previous orders', 'Enterprise buyer', 'Large quantity (12 units)']",Respond within 2 hours,High,Enterprise,12648.4,12
3318,139,28.2,0.2823802917355301,Medium,"['High urgency', 'Repeat buyer with 0 previous orders', 'Enterprise buyer']",Respond within 2 hours,High,Enterprise,17416.98,9
3846,224,28.2,0.2823802917355301,Medium,"['High urgency', 'Repeat buyer with 0 previous orders', 'Enterprise buyer', 'Large quantity (10 units)']",Respond within 2 hours,High,Enterprise,15054.64,10
990,636,28.1,0.28119655646619707,Medium,"['Repeat buyer with 5 previous orders', 'Large buyer', 'Large quantity (11 units)']",Respond within 2 hours,Medium,Large,17424.6,11
3896,706,28.1,0.28124052235375085,Medium,"['High urgency', 'Repeat buyer with 1 previous orders', 'Strong seller rating (4.8)']",Respond within 2 hours,High,Medium,18782.39,9
1835,410,28.1,0.28124052235375085,Medium,"['High urgency', 'Repeat buyer with 1 previous orders', 'Strong seller rating (4.8)']",Respond within 2 hours,High,Small,8976.6,7
3425,245,28.1,0.28114898019417417,Medium,"['High urgency', 'Repeat buyer with 1 previous orders', 'Large buyer', 'Large quantity (10 units)']",Respond within 2 hours,High,Large,14240.75,10
2678,141,28.1,0.2810014621218891,Medium,"['High urgency', 'Repeat buyer with 1 previous orders', 'Large buyer', 'Large quantity (11 units)']",Respond within 2 hours,High,Large,11599.35,11
4874,82,28.1,0.28121585186901804,Medium,"['High urgency', 'Repeat buyer with 1 previous orders', 'High inquiry value (₹30,555)', 'Large quantity (20 units)']",Respond within 2 hours,High,Medium,30555.2,20
2699,915,28.1,0.28121585186901804,Medium,"['High urgency', 'Repeat buyer with 1 previous orders', 'High inquiry value (₹43,326)', 'Large quantity (19 units)']",Respond within 2 hours,High,Small,43325.88,19
564,411,28.1,0.2811123922386743,Medium,"['High urgency', 'Repeat buyer with 1 previous orders', 'Large buyer', 'Large quantity (13 units)']",Respond within 2 hours,High,Large,18509.53,13
349,72,28.0,0.28040420160249147,Medium,"['High urgency', 'Repeat buyer with 1 previous orders', 'Large buyer']",Respond within 2 hours,High,Large,14502.39,7
3599,297,28.0,0.27986699074317445,Medium,"['High urgency', 'Repeat buyer with 3 previous orders', 'High inquiry value (₹35,401)', 'Large quantity (16 units)']",Respond within 2 hours,High,Medium,35401.13,16
2673,945,28.0,0.2804415269599917,Medium,"['High urgency', 'Repeat buyer with 1 previous orders', 'Large quantity (12 units)']",Respond within 2 hours,High,Medium,15304.67,12
4106,111,28.0,0.2803079903416584,Medium,"['High urgency', 'Repeat buyer with 1 previous orders', 'Large buyer', 'Large quantity (14 units)']",Respond within 2 hours,High,Large,9129.61,14
3934,358,27.9,0.27899951797922146,Medium,"['High urgency', 'Repeat buyer with 1 previous orders', 'Large quantity (10 units)', 'Strong seller rating (4.9)']",Respond within 2 hours,High,Small,19611.07,10
4486,205,27.9,0.27944903777742053,Medium,"['Repeat buyer with 2 previous orders', 'Enterprise buyer', 'Large quantity (15 units)']",Respond within 2 hours,Medium,Enterprise,12508.13,15
1047,748,27.9,0.2790010113084753,Medium,"['High urgency', 'Repeat buyer with 0 previous orders', 'Enterprise buyer', 'Large quantity (16 units)']",Respond within 2 hours,High,Enterprise,10216.48,16
862,366,27.9,0.27870810238197,Medium,"['High urgency', 'Repeat buyer with 1 previous orders', 'Large buyer', 'High inquiry value (₹30,886)']",Respond within 2 hours,High,Large,30885.86,15
4212,757,27.9,0.27870810238197,Medium,"['High urgency', 'Repeat buyer with 1 previous orders', 'Large buyer', 'High inquiry value (₹27,589)']",Respond within 2 hours,High,Large,27588.64,10
2606,113,27.9,0.27899951797922146,Medium,"['High urgency', 'Repeat buyer with 1 previous orders', 'Large quantity (10 units)', 'Strong seller rating (5.0)']",Respond within 2 hours,High,Medium,14888.32,10
1691,84,27.9,0.27899951797922146,Medium,"['High urgency', 'Repeat buyer with 1 previous orders', 'Large quantity (13 units)', 'Strong seller rating (4.8)']",Respond within 2 hours,High,Small,7092.26,13
2767,359,27.8,0.27822009159691663,Medium,"['High urgency', 'Repeat buyer with 0 previous orders', 'Enterprise buyer', 'Large quantity (15 units)']",Respond within 2 hours,High,Enterprise,8651.03,15
4101,656,27.8,0.27820813078154166,Medium,"['High urgency', 'Repeat buyer with 1 previous orders', 'Large quantity (11 units)', 'Strong seller rating (4.9)']",Respond within 2 hours,High,Medium,7588.81,11
4778,554,27.8,0.2777443422880066,Medium,"['High urgency', 'Repeat buyer with 1 previous orders', 'Large buyer', 'High inquiry value (₹33,027)']",Respond within 2 hours,High,Large,33026.86,14
4733,948,27.8,0.27809432507767823,Medium,"['Critical urgency', 'Repeat buyer with 1 previous orders', 'Large quantity (11 units)']",Respond within 2 hours,Critical,Medium,11951.86,11
192,566,27.7,0.2766152551233973,Medium,"['High urgency', 'Repeat buyer with 1 previous orders', 'High inquiry value (₹23,012)', 'Large quantity (18 units)']",Respond within 2 hours,High,Small,23012.01,18
3389,604,27.7,0.27748704000416,Medium,"['High urgency', 'Repeat buyer with 1 previous orders', 'Enterprise buyer', 'High inquiry value (₹29,997)']",Respond within 2 hours,High,Enterprise,29997.03,13
4996,649,27.7,0.2770869335981411,Medium,"['High urgency', 'Repeat buyer with 1 previous orders', 'Large quantity (12 units)']",Respond within 2 hours,High,Small,12329.75,12
3281,250,27.7,0.2766152551233973,Medium,"['High urgency', 'Repeat buyer with 1 previous orders']",Respond within 2 hours,High,Medium,8869.21,6
2282,457,27.7,0.2766152551233973,Medium,"['High urgency', 'Repeat buyer with 1 previous orders', 'Large quantity (17 units)', 'Strong seller rating (4.7)']",Respond within 2 hours,High,Medium,9953.33,17
2565,719,27.7,0.27719712261561674,Medium,"['High urgency', 'Repeat buyer with 1 previous orders', 'Large buyer', 'High inquiry value (₹22,408)']",Respond within 2 hours,High,Large,22408.32,11
2708,161,27.7,0.27682532126127624,Medium,"['High urgency', 'Repeat buyer with 1 previous orders', 'Large buyer']",Respond within 2 hours,High,Large,14108.63,9
4195,374,27.6,0.2755620295642923,Medium,"['High urgency', 'Repeat buyer with 1 previous orders', 'High inquiry value (₹31,203)', 'Large quantity (12 units)']",Respond within 2 hours,High,Medium,31203.49,12
3967,437,27.6,0.2759141126196003,Medium,"['High urgency', 'Repeat buyer with 1 previous orders', 'High inquiry value (₹28,828)', 'Large quantity (15 units)']",Respond within 2 hours,High,Small,28827.91,15
2660,439,27.6,0.27639610119909047,Medium,"['High urgency', 'Repeat buyer with 1 previous orders', 'Large buyer', 'Large quantity (11 units)']",Respond within 2 hours,High,Large,10303.64,11
1529,495,27.6,0.2759141126196003,Medium,"['High urgency', 'Repeat buyer with 1 previous orders', 'Large quantity (16 units)']",Respond within 2 hours,High,Medium,8471.69,16
3385,458,27.6,0.2759141126196003,Medium,"['High urgency', 'Repeat buyer with 1 previous orders', 'Large quantity (12 units)']",Respond within 2 hours,High,Small,19467.6,12
2769,146,27.6,0.27612776024981206,Medium,"['High urgency', 'Repeat buyer with 0 previous orders', 'Enterprise buyer', 'Large quantity (12 units)']",Respond within 2 hours,High,Enterprise,12427.54,12
1493,494,27.6,0.275503402743295,Medium,"['High urgency', 'Repeat buyer with 1 previous orders', 'Large quantity (21 units)']",Respond within 2 hours,High,Micro,19661.07,21
1638,884,27.5,0.2746609430092437,Medium,"['High urgency', 'Repeat buyer with 1 previous orders', 'Large buyer']",Respond within 2 hours,High,Large,7557.43,6
1803,526,27.5,0.2748715273002591,Medium,"['High urgency', 'Repeat buyer with 0 previous orders', 'Enterprise buyer', 'Large quantity (10 units)']",Respond within 2 hours,High,Enterprise,8673.1,10
4990,654,27.5,0.2753107318437441,Medium,"['High urgency', 'Repeat buyer with 1 previous orders', 'Large quantity (10 units)']",Respond within 2 hours,High,Medium,17821.94,10
1373,620,27.5,0.2750670882103958,Medium,"['Repeat buyer with 3 previous orders', 'High inquiry value (₹25,402)', 'Large quantity (12 units)']",Respond within 2 hours,Medium,Medium,25401.68,12
1479,614,27.5,0.2753107318437441,Medium,"['High urgency', 'Repeat buyer with 1 previous orders', 'Large quantity (10 units)']",Respond within 2 hours,High,Small,15265.04,10
4991,545,27.5,0.2753107318437441,Medium,"['High urgency', 'Repeat buyer with 1 previous orders', 'High inquiry value (₹21,921)', 'Large quantity (11 units)']",Respond within 2 hours,High,Small,21920.99,11
1282,939,27.5,0.2753107318437441,Medium,"['High urgency', 'Repeat buyer with 1 previous orders', 'Large quantity (10 units)']",Respond within 2 hours,High,Medium,17462.85,10
567,430,27.4,0.2736137496346183,Medium,"['High urgency', 'Repeat buyer with 1 previous orders', 'High inquiry value (₹24,902)', 'Large quantity (14 units)']",Respond within 2 hours,High,Small,24902.37,14
1155,11,27.4,0.2736137496346183,Medium,"['High urgency', 'Repeat buyer with 1 previous orders', 'High inquiry value (₹32,235)', 'Large quantity (15 units)']",Respond within 2 hours,High,Medium,32235.04,15
3247,490,27.4,0.2736137496346183,Medium,"['High urgency', 'Repeat buyer with 1 previous orders', 'Large quantity (11 units)', 'Strong seller rating (4.7)']",Respond within 2 hours,High,Medium,16612.45,11
98,253,27.4,0.2739301336596038,Medium,"['High urgency', 'Repeat buyer with 1 previous orders', 'Large buyer', 'High inquiry value (₹33,939)']",Respond within 2 hours,High,Large,33939.25,12
4744,59,27.4,0.2736137496346183,Medium,"['High urgency', 'Repeat buyer with 1 previous orders', 'Large quantity (15 units)']",Respond within 2 hours,High,Small,15535.21,15
4960,589,27.4,0.27360643647018257,Medium,"['Repeat buyer with 4 previous orders', 'Enterprise buyer', 'High inquiry value (₹21,049)', 'Large quantity (21 units)']",Respond within 2 hours,Medium,Enterprise,21048.67,21
4509,320,27.4,0.2739007926312457,Medium,"['High urgency', 'Repeat buyer with 0 previous orders', 'Enterprise buyer', 'High inquiry value (₹29,001)']",Respond within 2 hours,High,Enterprise,29000.85,12
2914,635,27.4,0.2739097992225862,Medium,"['High urgency', 'Repeat buyer with 1 previous orders', 'Large buyer', 'High inquiry value (₹44,564)']",Respond within 2 hours,High,Large,44563.5,14
1298,929,27.4,0.27382239919725265,Medium,"['High urgency', 'Repeat buyer with 1 previous orders', 'Large buyer', 'Large quantity (11 units)']",Respond within 2 hours,High,Large,17935.99,11
2455,766,27.4,0.2736137496346183,Medium,"['High urgency', 'Repeat buyer with 1 previous orders', 'High inquiry value (₹23,811)', 'Large quantity (13 units)']",Respond within 2 hours,High,Small,23810.8,13
2698,835,27.4,0.27411342613409034,Medium,"['High urgency', 'Repeat buyer with 1 previous orders', 'Large quantity (19 units)', 'Strong seller rating (4.9)']",Respond within 2 hours,High,Medium,13285.44,19
4330,652,27.4,0.27383526510806705,Medium,"['High urgency', 'Repeat buyer with 1 previous orders', 'Large quantity (10 units)']",Respond within 2 hours,High,Micro,17525.09,10
522,514,27.4,0.27382239919725265,Medium,"['High urgency', 'Repeat buyer with 1 previous orders', 'Large buyer', 'Large quantity (12 units)']",Respond within 2 hours,High,Large,11358.11,12
2293,385,27.3,0.2729880835160147,Medium,"['High urgency', 'Repeat buyer with 1 previous orders', 'Large quantity (14 units)', 'Strong seller rating (4.9)']",Respond within 2 hours,High,Medium,19218.8,14
185,271,27.3,0.2729880835160147,Medium,"['High urgency', 'Repeat buyer with 1 previous orders', 'High inquiry value (₹41,259)', 'Large quantity (15 units)']",Respond within 2 hours,High,Medium,41259.15,15
3747,204,27.3,0.272831858402479,Medium,"['High urgency', 'Repeat buyer with 1 previous orders', 'Large quantity (11 units)', 'Strong seller rating (4.7)']",Respond within 2 hours,High,Micro,10098.86,11
3632,940,27.3,0.272831858402479,Medium,"['High urgency', 'Repeat buyer with 1 previous orders', 'High inquiry value (₹27,617)', 'Large quantity (14 units)']",Respond within 2 hours,High,Small,27616.93,14
4884,281,27.3,0.2729880835160147,Medium,"['High urgency', 'Repeat buyer with 1 previous orders', 'High inquiry value (₹21,794)', 'Large quantity (12 units)']",Respond within 2 hours,High,Medium,21793.94,12
2259,427,27.3,0.2725706396958709,Medium,"['Critical urgency', 'Repeat buyer with 0 previous orders', 'Large buyer', 'Large quantity (13 units)']",Respond within 2 hours,Critical,Large,14469.85,13
2203,542,27.3,0.272831858402479,Medium,"['High urgency', 'Repeat buyer with 1 previous orders', 'High inquiry value (₹31,221)', 'Large quantity (10 units)']",Respond within 2 hours,High,Medium,31221.47,10
1553,632,27.3,0.27315287198478777,Medium,"['High urgency', 'Repeat buyer with 1 previous orders', 'Large buyer', 'Large quantity (12 units)']",Respond within 2 hours,High,Large,14382.8,12
4956,720,27.3,0.2730963874969776,Medium,"['Repeat buyer with 3 previous orders', 'Enterprise buyer', 'High inquiry value (₹32,772)', 'Large quantity (16 units)']",Respond within 2 hours,Medium,Enterprise,32771.89,16
1811,926,27.3,0.2727951618830164,Medium,"['High urgency', 'Repeat buyer with 1 previous orders', 'Large buyer', 'High inquiry value (₹45,686)']",Respond within 2 hours,High,Large,45685.61,17
4712,684,27.3,0.272831858402479,Medium,"['High urgency', 'Repeat buyer with 1 previous orders', 'Large quantity (14 units)']",Respond within 2 hours,High,Micro,11422.95,14
3144,97,27.3,0.2733569413412547,Medium,"['Critical urgency', 'Repeat buyer with 0 previous orders', 'Large buyer', 'High inquiry value (₹23,734)']",Respond within 2 hours,Critical,Large,23734.26,10
1499,575,27.3,0.2725622544465937,Medium,"['Repeat buyer with 6 previous orders', 'High inquiry value (₹29,318)', 'Large quantity (14 units)']",Respond within 2 hours,Medium,Small,29317.6,14
4046,799,27.2,0.2724559658357455,Medium,"['High urgency', 'Repeat buyer with 1 previous orders', 'High inquiry value (₹29,154)', 'Large quantity (12 units)']",Respond within 2 hours,High,Small,29153.69,12
4257,382,27.2,0.2720273891214219,Medium,"['High urgency', 'Repeat buyer with 1 previous orders', 'High inquiry value (₹25,481)', 'Large quantity (12 units)']",Respond within 2 hours,High,Small,25481.0,12
146,597,27.2,0.27165958699317716,Medium,"['Repeat buyer with 2 previous orders', 'Large buyer', 'High inquiry value (₹21,228)', 'Large quantity (15 units)']",Respond within 2 hours,Medium,Large,21228.39,15
397,399,27.2,0.27165958699317716,Medium,"['Repeat buyer with 2 previous orders', 'Large buyer', 'High inquiry value (₹23,784)', 'Large quantity (18 units)']",Respond within 2 hours,Medium,Large,23784.36,18
3492,348,27.2,0.2718876868942682,Medium,"['Repeat buyer with 2 previous orders', 'Enterprise buyer']",Respond within 2 hours,Medium,Enterprise,18425.67,7
39,195,27.2,0.2722226593242675,Medium,"['Critical urgency', 'Repeat buyer with 0 previous orders', 'Enterprise buyer', 'Large quantity (15 units)']",Respond within 2 hours,Critical,Enterprise,17803.3,15
1036,290,27.2,0.2720574439374847,Medium,"['High urgency', 'Repeat buyer with 1 previous orders', 'Large quantity (11 units)', 'Strong seller rating (4.7)']",Respond within 2 hours,High,Medium,13558.84,11
1295,727,27.1,0.27103044706407964,Medium,"['High urgency', 'Repeat buyer with 1 previous orders', 'High inquiry value (₹23,264)', 'Large quantity (19 units)']",Respond within 2 hours,High,Small,23263.69,19
3502,799,27.1,0.2708332577297317,Medium,"['High urgency', 'Repeat buyer with 1 previous orders', 'High inquiry value (₹21,134)']",Respond within 2 hours,High,Small,21133.9,9
3300,352,27.1,0.270604397953943,Medium,"['High urgency', 'Repeat buyer with 0 previous orders', 'Enterprise buyer', 'High inquiry value (₹50,308)']",Respond within 2 hours,High,Enterprise,50308.08,21
1115,975,27.1,0.27058472532065025,Medium,"['High urgency', 'Repeat buyer with 0 previous orders', 'Enterprise buyer', 'High inquiry value (₹25,574)']",Respond within 2 hours,High,Enterprise,25574.18,12
946,53,27.1,0.2714811377357664,Medium,"['High urgency', 'Repeat buyer with 1 previous orders', 'Large buyer', 'Large quantity (11 units)']",Respond within 2 hours,High,Large,14151.38,11
288,160,27.1,0.2708332577297317,Medium,"['High urgency', 'Repeat buyer with 1 previous orders', 'Large quantity (11 units)']",Respond within 2 hours,High,Medium,9034.15,11
4883,165,27.0,0.2698196464529294,Medium,"['High urgency', 'Repeat buyer with 1 previous orders', 'Large buyer', 'Large quantity (13 units)']",Respond within 2 hours,High,Large,13356.74,13
4910,408,27.0,0.26962756433250806,Medium,"['High urgency', 'Repeat buyer with 1 previous orders', 'Large quantity (12 units)', 'Strong seller rating (4.7)']",Respond within 2 hours,High,Small,9043.54,12
906,516,27.0,0.2698593667331985,Medium,"['High urgency', 'Repeat buyer with 1 previous orders']",Respond within 2 hours,High,Medium,4797.8,7
3292,766,27.0,0.2698196464529294,Medium,"['High urgency', 'Repeat buyer with 1 previous orders', 'Large buyer', 'High inquiry value (₹29,019)']",Respond within 2 hours,High,Large,29019.22,10
1625,971,27.0,0.26953419398813894,Medium,"['High urgency', 'Repeat buyer with 1 previous orders', 'Large quantity (11 units)']",Respond within 2 hours,High,Small,10948.68,11
616,639,27.0,0.26973550980787925,Medium,"['Repeat buyer with 2 previous orders', 'Enterprise buyer', 'High inquiry value (₹21,775)', 'Large quantity (14 units)']",Respond within 2 hours,Medium,Enterprise,21774.54,14
4331,1,27.0,0.2704648642262204,Medium,"['High urgency', 'Repeat buyer with 0 previous orders', 'Enterprise buyer', 'High inquiry value (₹22,726)']",Respond within 2 hours,High,Enterprise,22726.17,11
1258,75,27.0,0.2702310161962827,Medium,"['High urgency', 'Repeat buyer with 1 previous orders', 'High inquiry value (₹23,173)', 'Large quantity (10 units)']",Respond within 2 hours,High,Medium,23173.04,10
4616,674,27.0,0.2698196464529294,Medium,"['High urgency', 'Repeat buyer with 1 previous orders', 'Large buyer', 'High inquiry value (₹33,453)']",Respond within 2 hours,High,Large,33452.57,11
999,450,27.0,0.2698196464529294,Medium,"['High urgency', 'Repeat buyer with 1 previous orders', 'Large buyer', 'High inquiry value (₹28,563)']",Respond within 2 hours,High,Large,28562.72,14
3389,48,27.0,0.2696932448726187,Medium,"['Repeat buyer with 2 previous orders', 'Enterprise buyer', 'Large quantity (13 units)', 'Strong seller rating (4.8)']",Respond within 2 hours,Medium,Enterprise,8790.55,13
250,570,27.0,0.2704650077991469,Medium,"['High urgency', 'Repeat buyer with 1 previous orders', 'High inquiry value (₹26,729)', 'Large quantity (13 units)']",Respond within 2 hours,High,Medium,26728.65,13
1629,865,26.9,0.2686544170754034,Medium,"['High urgency', 'Repeat buyer with 1 previous orders', 'Large quantity (15 units)']",Respond within 2 hours,High,Small,12175.71,15
2878,132,26.9,0.2688182456676398,Medium,"['High urgency', 'Repeat buyer with 1 previous orders', 'Large quantity (15 units)', 'Strong seller rating (5.0)']",Respond within 2 hours,High,Medium,16603.86,15
3657,164,26.9,0.269045255525108,Medium,"['Repeat buyer with 2 previous orders', 'Enterprise buyer', 'Large quantity (14 units)']",Respond within 2 hours,Medium,Enterprise,8970.48,14
798,92,26.9,0.26873033110404054,Medium,"['High urgency', 'Repeat buyer with 1 previous orders', 'Large buyer', 'High inquiry value (₹28,509)']",Respond within 2 hours,High,Large,28509.0,20
578,826,26.8,0.2675117869460066,Medium,"['Critical urgency', 'Repeat buyer with 0 previous orders', 'Enterprise buyer', 'Strong seller rating (4.8)']",Respond within 2 hours,Critical,Enterprise,3219.87,5
1607,492,26.8,0.26835243711387285,Medium,"['Repeat buyer with 2 previous orders', 'Large buyer', 'Large quantity (11 units)']",Respond within 2 hours,Medium,Large,8778.49,11
1031,113,26.8,0.2684658031429391,Medium,"['High urgency', 'Repeat buyer with 1 previous orders', 'High inquiry value (₹24,900)', 'Large quantity (13 units)']",Respond within 2 hours,High,Medium,24900.36,13
3379,977,26.8,0.2684095900680269,Medium,"['Critical urgency', 'Repeat buyer with 0 previous orders', 'Large quantity (16 units)']",Respond within 2 hours,Critical,Medium,14925.33,16
3961,292,26.8,0.2680601247874951,Medium,"['High urgency', 'Repeat buyer with 1 previous orders', 'High inquiry value (₹27,073)', 'Large quantity (16 units)']",Respond within 2 hours,High,Small,27072.72,16
4540,2,26.8,0.2680553483916065,Medium,"['High urgency', 'Repeat buyer with 1 previous orders', 'Large quantity (11 units)']",Respond within 2 hours,High,Small,19764.82,11
839,529,26.8,0.26767527715704303,Medium,"['High urgency', 'Repeat buyer with 1 previous orders', 'High inquiry value (₹40,115)', 'Large quantity (16 units)']",Respond within 2 hours,High,Medium,40114.86,16
1924,216,26.8,0.26835243711387285,Medium,"['Repeat buyer with 4 previous orders', 'Large buyer', 'Large quantity (13 units)']",Respond within 2 hours,Medium,Large,9098.34,13
1666,721,26.8,0.26767527715704303,Medium,"['High urgency', 'Repeat buyer with 1 previous orders', 'High inquiry value (₹22,641)', 'Large quantity (14 units)']",Respond within 2 hours,High,Medium,22640.58,14
4700,926,26.8,0.26835243711387285,Medium,"['Repeat buyer with 2 previous orders', 'Large buyer', 'High inquiry value (₹21,014)', 'Large quantity (20 units)']",Respond within 2 hours,Medium,Large,21013.69,20
2524,571,26.8,0.26767527715704303,Medium,"['High urgency', 'Repeat buyer with 1 previous orders']",Respond within 2 hours,High,Medium,6731.74,9
1581,324,26.8,0.26835243711387285,Medium,"['Repeat buyer with 2 previous orders', 'Large buyer', 'High inquiry value (₹24,892)', 'Large quantity (11 units)']",Respond within 2 hours,Medium,Large,24892.14,11
1618,174,26.8,0.26816811248599065,Medium,"['High urgency', 'Repeat buyer with 1 previous orders', 'Strong seller rating (4.9)']",Respond within 2 hours,High,Small,4643.4,9
4322,868,26.8,0.2679583883920809,Medium,"['High urgency', 'Repeat buyer with 0 previous orders', 'Enterprise buyer', 'High inquiry value (₹28,214)']",Respond within 2 hours,High,Enterprise,28214.09,17
447,90,26.7,0.26712871485963713,Medium,"['High urgency', 'Repeat buyer with 1 previous orders', 'Large quantity (11 units)']",Respond within 2 hours,High,Small,10059.12,11
4499,839,26.7,0.26690412048332735,Medium,"['High urgency', 'Repeat buyer with 1 previous orders', 'High inquiry value (₹25,399)', 'Large quantity (13 units)']",Respond within 2 hours,High,Small,25399.48,13
4487,70,26.7,0.26699991892799985,Medium,"['High urgency', 'Repeat buyer with 3 previous orders', 'High inquiry value (₹34,127)', 'Large quantity (18 units)']",Respond within 2 hours,High,Micro,34126.99,18
4435,180,26.7,0.26712871485963713,Medium,"['High urgency', 'Repeat buyer with 1 previous orders', 'Strong seller rating (4.6)']",Respond within 2 hours,High,Medium,3803.33,6
2042,979,26.7,0.26678112432981604,Medium,"['Repeat buyer with 2 previous orders', 'Enterprise buyer', 'High inquiry value (₹25,560)', 'Large quantity (13 units)']",Respond within 2 hours,Medium,Enterprise,25560.34,13
159,61,26.7,0.26692922845723716,Medium,"['Critical urgency', 'Repeat buyer with 0 previous orders', 'Enterprise buyer', 'High inquiry value (₹43,218)']",Respond within 2 hours,Critical,Enterprise,43218.49,15
2675,45,26.7,0.26743799734167223,Medium,"['Repeat buyer with 3 previous orders', 'Large buyer', 'Large quantity (12 units)', 'Strong seller rating (4.6)']",Respond within 2 hours,Medium,Large,17069.0,12
1870,363,26.7,0.26697861220197894,Medium,"['Repeat buyer with 3 previous orders', 'Large buyer', 'Large quantity (13 units)', 'Strong seller rating (5.0)']",Respond within 2 hours,Medium,Large,11588.13,13
4834,385,26.7,0.26712871485963713,Medium,"['High urgency', 'Repeat buyer with 1 previous orders', 'Large quantity (10 units)', 'Strong seller rating (4.7)']",Respond within 2 hours,High,Medium,10539.1,10
3962,812,26.6,0.26562265271943486,Medium,"['Repeat buyer with 2 previous orders', 'Enterprise buyer', 'Large quantity (13 units)']",Respond within 2 hours,Medium,Enterprise,16681.58,13
436,756,26.6,0.2664620664863379,Medium,"['High urgency', 'Repeat buyer with 1 previous orders', 'High inquiry value (₹32,986)', 'Large quantity (17 units)']",Respond within 2 hours,High,Micro,32986.41,17
4099,54,26.6,0.26562265271943486,Medium,"['Repeat buyer with 4 previous orders', 'Enterprise buyer', 'Large quantity (12 units)', 'Strong seller rating (4.6)']",Respond within 2 hours,Medium,Enterprise,15313.98,12
3900,921,26.6,0.26572598225698485,Medium,"['High urgency', 'Repeat buyer with 1 previous orders', 'High inquiry value (₹37,309)', 'Large quantity (13 units)']",Respond within 2 hours,High,Medium,37308.85,13
3820,919,26.6,0.2657408324751996,Medium,"['Repeat buyer with 3 previous orders', 'Large buyer', 'Large quantity (13 units)', 'Strong seller rating (4.5)']",Respond within 2 hours,Medium,Large,16693.44,13
60,517,26.6,0.2656494098161965,Medium,"['High urgency', 'Repeat buyer with 0 previous orders', 'Enterprise buyer', 'High inquiry value (₹23,275)']",Respond within 2 hours,High,Enterprise,23274.97,15
4916,938,26.6,0.265835360832931,Medium,"['High urgency', 'Repeat buyer with 1 previous orders', 'Enterprise buyer', 'High inquiry value (₹37,580)']",Respond within 2 hours,High,Enterprise,37579.94,17
4790,46,26.6,0.2655575327532499,Medium,"['High urgency', 'Repeat buyer with 1 previous orders', 'Large quantity (17 units)']",Respond within 2 hours,High,Medium,12635.63,17
177,109,26.5,0.26484531264795164,Medium,"['High urgency', 'Repeat buyer with 1 previous orders']",Respond within 2 hours,High,Medium,8613.98,9
106,767,26.5,0.2651692254801296,Medium,"['Repeat buyer with 3 previous orders', 'Large buyer', 'High inquiry value (₹20,210)', 'Large quantity (14 units)']",Respond within 2 hours,Medium,Large,20210.28,14
4407,125,26.5,0.26469967291325563,Medium,"['High urgency', 'Repeat buyer with 1 previous orders', 'Large quantity (12 units)']",Respond within 2 hours,High,Small,10325.21,12
2944,186,26.5,0.26523870958143164,Medium,"['Repeat buyer with 5 previous orders', 'Large buyer', 'High inquiry value (₹27,030)', 'Large quantity (15 units)']",Respond within 2 hours,Medium,Large,27030.2,15
3341,99,26.5,0.26469967291325563,Medium,"['High urgency', 'Repeat buyer with 1 previous orders']",Respond within 2 hours,High,Small,6772.56,8
2234,558,26.5,0.2645333176920779,Medium,"['Repeat buyer with 2 previous orders', 'Large buyer', 'Large quantity (10 units)']",Respond within 2 hours,Medium,Large,11156.1,10
224,504,26.4,0.2637366032628489,Medium,"['Critical urgency', 'Repeat buyer with 0 previous orders', 'High inquiry value (₹31,299)', 'Large quantity (17 units)']",Respond within 2 hours,Critical,Medium,31299.42,17
3280,880,26.4,0.2635571720231993,Medium,"['High urgency', 'Repeat buyer with 1 previous orders', 'Large quantity (10 units)', 'Strong seller rating (4.5)']",Respond within 2 hours,High,Micro,13571.43,10
3192,107,26.4,0.26380895944519495,Medium,"['Repeat buyer with 2 previous orders', 'Enterprise buyer', 'Large quantity (10 units)', 'Strong seller rating (4.5)']",Respond within 2 hours,Medium,Enterprise,10015.38,10
2228,964,26.4,0.26411171218401175,Medium,"['Repeat buyer with 3 previous orders', 'High inquiry value (₹23,335)', 'Large quantity (13 units)']",Respond within 2 hours,Medium,Small,23334.85,13
3357,135,26.4,0.26427317003061135,Medium,"['High urgency', 'Repeat buyer with 1 previous orders', 'High inquiry value (₹22,332)', 'Large quantity (11 units)']",Respond within 2 hours,High,Medium,22331.6,11
2417,739,26.4,0.2635571720231993,Medium,"['High urgency', 'Repeat buyer with 1 previous orders', 'High inquiry value (₹53,923)', 'Large quantity (17 units)']",Respond within 2 hours,High,Medium,53923.04,17
3242,72,26.4,0.2640230707411642,Medium,"['Critical urgency', 'Repeat buyer with 0 previous orders', 'Large quantity (10 units)']",Respond within 2 hours,Critical,Micro,8325.8,10
2885,848,26.4,0.2636521259911869,Medium,"['High urgency', 'Repeat buyer with 1 previous orders', 'High inquiry value (₹26,842)', 'Large quantity (11 units)']",Respond within 2 hours,High,Micro,26841.64,11
4419,365,26.4,0.2635571720231993,Medium,"['High urgency', 'Repeat buyer with 1 previous orders', 'Large quantity (17 units)']",Respond within 2 hours,High,Small,14952.01,17
3585,21,26.4,0.2636521259911869,Medium,"['High urgency', 'Repeat buyer with 1 previous orders', 'Large quantity (11 units)']",Respond within 2 hours,High,Medium,12342.49,11
2895,358,26.4,0.2635571720231993,Medium,"['High urgency', 'Repeat buyer with 1 previous orders', 'High inquiry value (₹25,913)', 'Large quantity (15 units)']",Respond within 2 hours,High,Small,25912.79,15
717,594,26.4,0.26380895944519495,Medium,"['Repeat buyer with 3 previous orders', 'Enterprise buyer', 'Large quantity (11 units)']",Respond within 2 hours,Medium,Enterprise,17221.35,11
4812,995,26.3,0.26304262718811816,Medium,"['Critical urgency', 'Repeat buyer with 0 previous orders']",Respond within 2 hours,Critical,Medium,11194.18,9
4413,367,26.3,0.2630825769370902,Medium,"['High urgency', 'Repeat buyer with 1 previous orders', 'High inquiry value (₹55,031)', 'Large quantity (21 units)']",Respond within 2 hours,High,Small,55030.78,21
2696,546,26.3,0.26265365413777836,Medium,"['Repeat buyer with 3 previous orders', 'Large buyer', 'Large quantity (17 units)', 'Strong seller rating (4.9)']",Respond within 2 hours,Medium,Large,17158.95,17
1870,746,26.3,0.2634755786077865,Medium,"['High urgency', 'Repeat buyer with 1 previous orders', 'Large buyer', 'High inquiry value (₹25,132)']",Respond within 2 hours,High,Large,25131.74,12
2793,801,26.3,0.26325921811118935,Medium,"['Repeat buyer with 3 previous orders', 'Enterprise buyer', 'High inquiry value (₹20,764)', 'Large quantity (10 units)']",Respond within 2 hours,Medium,Enterprise,20763.96,10
596,151,26.3,0.2627510438570785,Medium,"['High urgency', 'Repeat buyer with 1 previous orders']",Respond within 2 hours,High,Medium,18409.8,9
4426,874,26.3,0.2625986688995473,Medium,"['High urgency', 'Repeat buyer with 1 previous orders', 'High inquiry value (₹27,369)', 'Large quantity (15 units)']",Respond within 2 hours,High,Medium,27368.6,15
2736,362,26.3,0.2625986688995473,Medium,"['High urgency', 'Repeat buyer with 1 previous orders', 'Large quantity (14 units)']",Respond within 2 hours,High,Small,17936.32,14
3693,123,26.3,0.26306505189590895,Medium,"['Repeat buyer with 2 previous orders', 'Enterprise buyer', 'High inquiry value (₹24,807)', 'Large quantity (10 units)']",Respond within 2 hours,Medium,Enterprise,24807.2,10
3923,497,26.3,0.26303512299952286,Medium,"['High urgency', 'Repeat buyer with 1 previous orders', 'Enterprise buyer', 'High inquiry value (₹23,567)']",Respond within 2 hours,High,Enterprise,23566.93,14
1958,786,26.3,0.2634755786077865,Medium,"['High urgency', 'Repeat buyer with 1 previous orders', 'Large buyer', 'Large quantity (12 units)']",Respond within 2 hours,High,Large,7363.88,12
2076,937,26.3,0.26325921811118935,Medium,"['Repeat buyer with 3 previous orders', 'Enterprise buyer', 'High inquiry value (₹39,052)', 'Large quantity (13 units)']",Respond within 2 hours,Medium,Enterprise,39052.17,13
2143,7,26.3,0.2629151874936517,Medium,"['High urgency', 'Repeat buyer with 1 previous orders', 'High inquiry value (₹25,044)', 'Large quantity (26 units)']",Respond within 2 hours,High,Small,25044.19,26
3332,251,26.3,0.26319226779665567,Medium,"['Repeat buyer with 2 previous orders', 'Enterprise buyer', 'Large quantity (12 units)']",Respond within 2 hours,Medium,Enterprise,17751.59,12
2449,505,26.2,0.2624007375171125,Medium,"['Repeat buyer with 2 previous orders', 'High inquiry value (₹28,233)', 'Large quantity (12 units)']",Respond within 2 hours,Medium,Medium,28233.34,12
3231,11,26.2,0.26176563472048203,Medium,"['High urgency', 'Repeat buyer with 1 previous orders', 'Large quantity (10 units)', 'Strong seller rating (4.9)']",Respond within 2 hours,High,Medium,18361.87,10
1466,811,26.2,0.2621528352744912,Medium,"['High urgency', 'Repeat buyer with 1 previous orders', 'Large quantity (10 units)', 'Strong seller rating (4.6)']",Respond within 2 hours,High,Medium,10005.7,10
388,230,26.2,0.2616923320666977,Medium,"['Repeat buyer with 4 previous orders', 'Large quantity (12 units)']",Respond within 2 hours,Medium,Medium,19977.58,12
1014,103,26.2,0.26161858449214676,Medium,"['Repeat buyer with 4 previous orders', 'Large quantity (10 units)']",Respond within 2 hours,Medium,Micro,19464.29,10
186,71,26.2,0.2617216583325503,Medium,"['High urgency', 'Repeat buyer with 1 previous orders', 'High inquiry value (₹37,534)', 'Large quantity (14 units)']",Respond within 2 hours,High,Medium,37533.57,14
4907,378,26.2,0.26209653245481485,Medium,"['Repeat buyer with 5 previous orders', 'Large quantity (14 units)', 'Strong seller rating (4.6)']",Respond within 2 hours,Medium,Medium,17957.85,14
990,906,26.2,0.26223298352867364,Medium,"['Repeat buyer with 6 previous orders', 'High inquiry value (₹24,426)', 'Large quantity (14 units)']",Respond within 2 hours,Medium,Medium,24425.88,14
3292,302,26.2,0.26242081947692253,Medium,"['High urgency', 'Repeat buyer with 0 previous orders', 'Enterprise buyer']",Respond within 2 hours,High,Enterprise,6396.99,8
4765,535,26.1,0.26069629968886765,Medium,"['Repeat buyer with 4 previous orders', 'Enterprise buyer', 'High inquiry value (₹26,202)', 'Large quantity (17 units)']",Respond within 2 hours,Medium,Enterprise,26202.01,17
2396,946,26.1,0.26113713566559066,Medium,"['Critical urgency', 'Repeat buyer with 0 previous orders', 'Large quantity (14 units)']",Respond within 2 hours,Critical,Small,8485.14,14
2879,326,26.1,0.26075158256470155,Medium,"['Critical urgency', 'Repeat buyer with 0 previous orders', 'Enterprise buyer', 'High inquiry value (₹26,269)']",Respond within 2 hours,Critical,Enterprise,26269.41,18
1293,194,26.1,0.26064950780550694,Medium,"['High urgency', 'Repeat buyer with 1 previous orders', 'High inquiry value (₹26,740)', 'Large quantity (16 units)']",Respond within 2 hours,High,Medium,26740.34,16
1469,919,26.1,0.2613330405441669,Medium,"['Repeat buyer with 3 previous orders', 'High inquiry value (₹27,385)', 'Large quantity (16 units)']",Respond within 2 hours,Medium,Small,27385.05,16
3491,641,26.1,0.26128036490887,Medium,"['High urgency', 'Repeat buyer with 1 previous orders', 'Large quantity (17 units)', 'Strong seller rating (4.6)']",Respond within 2 hours,High,Medium,18715.39,17
4955,342,26.1,0.26067022989867844,Medium,"['Repeat buyer with 2 previous orders', 'Large buyer', 'Large quantity (15 units)', 'Strong seller rating (4.7)']",Respond within 2 hours,Medium,Large,19947.13,15
2224,743,26.1,0.26082065115103786,Medium,"['Repeat buyer with 2 previous orders', 'Enterprise buyer', 'High inquiry value (₹28,905)', 'Large quantity (13 units)']",Respond within 2 hours,Medium,Enterprise,28904.58,13
2721,600,26.1,0.26145591714581534,Medium,"['Repeat buyer with 2 previous orders', 'Enterprise buyer', 'High inquiry value (₹26,415)', 'Strong seller rating (4.8)']",Respond within 2 hours,Medium,Enterprise,26414.67,9
4487,600,26.1,0.2614773745522071,Medium,"['Repeat buyer with 4 previous orders', 'Large buyer', 'Large quantity (11 units)']",Respond within 2 hours,Medium,Large,12696.15,11
1455,291,26.0,0.25976656953628824,Medium,"['High urgency', 'Repeat buyer with 1 previous orders', 'Large quantity (19 units)']",Respond within 2 hours,High,Medium,18813.91,19
1548,267,26.0,0.25990334345313065,Medium,"['Repeat buyer with 5 previous orders', 'Large quantity (11 units)']",Respond within 2 hours,Medium,Small,18371.47,11
3642,237,26.0,0.2601047522216827,Medium,"['Repeat buyer with 2 previous orders', 'Large buyer', 'Strong seller rating (4.5)']",Respond within 2 hours,Medium,Large,14441.43,6
901,363,26.0,0.26031637578862477,Medium,"['Repeat buyer with 2 previous orders', 'Enterprise buyer', 'Large quantity (14 units)']",Respond within 2 hours,Medium,Enterprise,17081.87,14
3389,612,26.0,0.25975506765283574,Medium,"['High urgency', 'Repeat buyer with 1 previous orders', 'High inquiry value (₹27,677)', 'Large quantity (17 units)']",Respond within 2 hours,High,Small,27677.22,17
2384,140,26.0,0.25989140878311173,Medium,"['High urgency', 'Repeat buyer with 1 previous orders', 'Large quantity (10 units)', 'Strong seller rating (4.5)']",Respond within 2 hours,High,Medium,17033.63,10
1499,602,26.0,0.2601047522216827,Medium,"['Repeat buyer with 3 previous orders', 'Large buyer', 'High inquiry value (₹24,599)', 'Large quantity (17 units)']",Respond within 2 hours,Medium,Large,24598.7,17
4826,222,26.0,0.2601047522216827,Medium,"['Repeat buyer with 2 previous orders', 'Large buyer', 'Large quantity (17 units)', 'Strong seller rating (4.5)']",Respond within 2 hours,Medium,Large,14473.86,17
4772,651,26.0,0.25981097980820406,Medium,"['Critical urgency', 'Repeat buyer with 0 previous orders', 'Large quantity (10 units)', 'Strong seller rating (4.6)']",Respond within 2 hours,Critical,Micro,5841.86,10
3927,10,26.0,0.2601047522216827,Medium,"['Repeat buyer with 2 previous orders', 'Large buyer', 'High inquiry value (₹32,892)', 'Large quantity (14 units)']",Respond within 2 hours,Medium,Large,32891.64,14
182,313,26.0,0.25990334345313065,Medium,"['Repeat buyer with 4 previous orders', 'High inquiry value (₹26,731)', 'Large quantity (16 units)', 'Strong seller rating (4.8)']",Respond within 2 hours,Medium,Medium,26730.7,16
4869,303,26.0,0.2597342268998495,Medium,"['Repeat buyer with 3 previous orders', 'Enterprise buyer', 'High inquiry value (₹27,279)', 'Large quantity (20 units)']",Respond within 2 hours,Medium,Enterprise,27279.17,20
3656,152,25.9,0.2590644730585421,Medium,"['Critical urgency', 'Repeat buyer with 0 previous orders', 'Large quantity (11 units)']",Respond within 2 hours,Critical,Medium,8056.07,11
2070,536,25.9,0.2588038850741763,Medium,"['Repeat buyer with 2 previous orders', 'Enterprise buyer', 'Large quantity (13 units)']",Respond within 2 hours,Medium,Enterprise,15459.63,13
4516,875,25.9,0.2592857605607051,Medium,"['High urgency', 'Repeat buyer with 0 previous orders', 'Enterprise buyer', 'High inquiry value (₹26,523)']",Respond within 2 hours,High,Enterprise,26523.04,9
4007,767,25.9,0.25872452269470275,Medium,"['High urgency', 'Repeat buyer with 1 previous orders', 'High inquiry value (₹32,761)', 'Large quantity (14 units)']",Respond within 2 hours,High,Medium,32761.15,14
1808,60,25.9,0.25941709129850943,Medium,"['Repeat buyer with 3 previous orders', 'Large buyer', 'High inquiry value (₹27,296)', 'Large quantity (14 units)']",Respond within 2 hours,Medium,Large,27295.59,14
2432,381,25.9,0.2588509807348813,Medium,"['High urgency', 'Repeat buyer with 1 previous orders', 'High inquiry value (₹23,371)', 'Large quantity (11 units)']",Respond within 2 hours,High,Small,23370.86,11
1714,668,25.9,0.2592896431985598,Medium,"['Repeat buyer with 2 previous orders', 'Large quantity (10 units)', 'Strong seller rating (4.7)']",Respond within 2 hours,Medium,Medium,17778.82,10
4144,34,25.8,0.2575746217245655,Medium,"['Repeat buyer with 4 previous orders', 'Enterprise buyer', 'High inquiry value (₹54,133)', 'Large quantity (25 units)']",Respond within 2 hours,Medium,Enterprise,54132.96,25
3980,158,25.8,0.257561807570722,Medium,"['Repeat buyer with 2 previous orders', 'Large buyer', 'Strong seller rating (4.6)']",Respond within 2 hours,Medium,Large,7154.69,6
4944,795,25.8,0.2584522272085961,Medium,"['High urgency', 'Repeat buyer with 1 previous orders', 'Large buyer', 'High inquiry value (₹27,744)']",Respond within 2 hours,High,Large,27744.13,16
2144,507,25.8,0.2576404173939705,Medium,"['High urgency', 'Repeat buyer with 0 previous orders', 'Enterprise buyer', 'High inquiry value (₹30,859)']",Respond within 2 hours,High,Enterprise,30858.53,11
266,534,25.8,0.25791755472285854,Medium,"['High urgency', 'Repeat buyer with 1 previous orders', 'Large quantity (11 units)']",Respond within 2 hours,High,Small,10626.85,11
3519,946,25.8,0.2581000758323513,Medium,"['High urgency', 'Repeat buyer with 0 previous orders', 'Large buyer', 'High inquiry value (₹20,526)']",Respond within 2 hours,High,Large,20526.08,13
20,330,25.8,0.25790800378150547,Medium,"['Repeat buyer with 2 previous orders', 'Large buyer', 'Large quantity (12 units)']",Respond within 2 hours,Medium,Large,15269.11,12
1008,68,25.8,0.25793411396218235,Medium,"['Critical urgency', 'Repeat buyer with 0 previous orders', 'Large buyer', 'Large quantity (13 units)']",Respond within 2 hours,Critical,Large,15064.38,13
1656,651,25.8,0.2583154829433552,Medium,"['Repeat buyer with 2 previous orders', 'Large buyer', 'Large quantity (14 units)', 'Strong seller rating (5.0)']",Respond within 2 hours,Medium,Large,16527.12,14
6,426,25.8,0.2584522272085961,Medium,"['High urgency', 'Repeat buyer with 1 previous orders', 'Large buyer', 'Large quantity (12 units)']",Respond within 2 hours,High,Large,5778.97,12
2497,709,25.8,0.25782282737802964,Medium,"['Repeat buyer with 4 previous orders', 'Large quantity (15 units)']",Respond within 2 hours,Medium,Medium,9915.35,15
1723,196,25.8,0.2576116528265664,Medium,"['Repeat buyer with 2 previous orders', 'Large buyer', 'Large quantity (15 units)']",Respond within 2 hours,Medium,Large,19928.08,15
1071,656,25.8,0.2575364558256596,Medium,"['High urgency', 'Repeat buyer with 1 previous orders', 'High inquiry value (₹31,402)', 'Large quantity (15 units)']",Respond within 2 hours,High,Small,31401.86,15
934,680,25.8,0.25798452310438774,Medium,"['Repeat buyer with 2 previous orders', 'Large buyer', 'Large quantity (12 units)']",Respond within 2 hours,Medium,Large,10813.75,12
2841,4,25.7,0.25701874662349633,Medium,"['Repeat buyer with 2 previous orders', 'High inquiry value (₹31,981)', 'Large quantity (16 units)']",Respond within 2 hours,Medium,Medium,31980.54,16
405,666,25.7,0.2571276651516548,Medium,"['Critical urgency', 'Repeat buyer with 0 previous orders', 'High inquiry value (₹23,925)', 'Large quantity (18 units)']",Respond within 2 hours,Critical,Medium,23924.9,18
2183,315,25.7,0.25701874662349633,Medium,"['Repeat buyer with 3 previous orders', 'High inquiry value (₹21,099)', 'Large quantity (18 units)']",Respond within 2 hours,Medium,Medium,21099.31,18
4485,323,25.7,0.25746582271913065,Medium,"['Repeat buyer with 2 previous orders', 'Enterprise buyer', 'High inquiry value (₹32,298)', 'Large quantity (15 units)']",Respond within 2 hours,Medium,Enterprise,32298.1,15
408,585,25.7,0.2570068984150359,Medium,"['High urgency', 'Repeat buyer with 1 previous orders', 'Strong seller rating (4.6)']",Respond within 2 hours,High,Small,19683.5,8
618,736,25.7,0.25725233387805074,Medium,"['Critical urgency', 'Repeat buyer with 0 previous orders', 'Large quantity (12 units)', 'Strong seller rating (4.5)']",Respond within 2 hours,Critical,Medium,15302.4,12
1867,28,25.7,0.25736437497509207,Medium,"['High urgency', 'Repeat buyer with 1 previous orders', 'High inquiry value (₹22,364)', 'Large quantity (14 units)']",Respond within 2 hours,High,Medium,22364.02,14
2186,215,25.7,0.25701874662349633,Medium,"['Repeat buyer with 4 previous orders', 'High inquiry value (₹26,429)', 'Large quantity (14 units)']",Respond within 2 hours,Medium,Medium,26428.55,14
1864,250,25.7,0.25725233387805074,Medium,"['Critical urgency', 'Repeat buyer with 0 previous orders', 'Strong seller rating (4.9)']",Respond within 2 hours,Critical,Medium,14844.88,9
2418,227,25.7,0.25701874662349633,Medium,"['Repeat buyer with 4 previous orders', 'High inquiry value (₹24,827)', 'Large quantity (14 units)', 'Strong seller rating (4.6)']",Respond within 2 hours,Medium,Medium,24826.78,14
759,576,25.7,0.25701874662349633,Medium,"['Repeat buyer with 3 previous orders', 'High inquiry value (₹41,843)', 'Large quantity (18 units)']",Respond within 2 hours,Medium,Medium,41842.72,18
815,361,25.7,0.2571945894403221,Medium,"['High urgency', 'Repeat buyer with 0 previous orders', 'Enterprise buyer']",Respond within 2 hours,High,Enterprise,7888.94,7
18,959,25.7,0.2572162990691831,Medium,"['Repeat buyer with 2 previous orders', 'Enterprise buyer', 'Large quantity (16 units)']",Respond within 2 hours,Medium,Enterprise,17677.8,16
2273,192,25.6,0.2561775097776833,Medium,"['Repeat buyer with 2 previous orders', 'Large buyer', 'Large quantity (14 units)']",Respond within 2 hours,Medium,Large,18986.61,14
2657,786,25.6,0.2557095813839529,Medium,"['Repeat buyer with 3 previous orders', 'Large buyer', 'High inquiry value (₹23,011)', 'Large quantity (13 units)']",Respond within 2 hours,Medium,Large,23010.53,13
3615,198,25.6,0.2556806982241052,Medium,"['Repeat buyer with 4 previous orders', 'Large buyer', 'High inquiry value (₹52,869)', 'Large quantity (19 units)']",Respond within 2 hours,Medium,Large,52869.39,19
4637,273,25.6,0.25595875767332577,Medium,"['Critical urgency', 'Repeat buyer with 0 previous orders', 'High inquiry value (₹51,299)', 'Large quantity (17 units)']",Respond within 2 hours,Critical,Medium,51299.15,17
2479,821,25.6,0.2556573764362123,Medium,"['Repeat buyer with 2 previous orders', 'Enterprise buyer', 'High inquiry value (₹26,170)', 'Large quantity (10 units)']",Respond within 2 hours,Medium,Enterprise,26169.66,10
1636,504,25.6,0.2563198217908469,Medium,"['Repeat buyer with 5 previous orders', 'Large quantity (10 units)']",Respond within 2 hours,Medium,Small,19244.17,10
3897,476,25.6,0.25632047741502967,Medium,"['Repeat buyer with 3 previous orders', 'Enterprise buyer', 'High inquiry value (₹20,295)', 'Large quantity (13 units)']",Respond within 2 hours,Medium,Enterprise,20295.44,13
2226,902,25.6,0.2555187971431739,Medium,"['Repeat buyer with 3 previous orders', 'Large quantity (11 units)']",Respond within 2 hours,Medium,Small,8466.69,11
3429,655,25.6,0.256141005616494,Medium,"['Repeat buyer with 3 previous orders', 'Large buyer', 'High inquiry value (₹23,520)', 'Large quantity (13 units)']",Respond within 2 hours,Medium,Large,23519.73,13
3358,968,25.6,0.25616236933565145,Medium,"['Repeat buyer with 5 previous orders', 'Large quantity (11 units)', 'Strong seller rating (4.7)']",Respond within 2 hours,Medium,Small,13617.83,11
3857,74,25.6,0.25596534920494773,Medium,"['Repeat buyer with 4 previous orders', 'Large quantity (18 units)']",Respond within 2 hours,Medium,Medium,19534.63,18
3936,792,25.5,0.25495719072297185,Medium,"['Repeat buyer with 1 previous orders', 'Enterprise buyer', 'Large quantity (14 units)', 'Strong seller rating (4.8)']",Respond within 2 hours,Medium,Enterprise,19159.38,14
4420,372,25.5,0.2549902329564942,Medium,"['High urgency', 'Repeat buyer with 1 previous orders']",Respond within 2 hours,High,Small,17067.66,8
420,663,25.5,0.2547521111034654,Medium,"['High urgency', 'Repeat buyer with 1 previous orders']",Respond within 2 hours,High,Small,5689.4,9
4799,24,25.5,0.2553892043471625,Medium,"['Repeat buyer with 3 previous orders', 'Large buyer', 'Large quantity (11 units)']",Respond within 2 hours,Medium,Large,12079.07,11
2444,810,25.5,0.2551726818761729,Medium,"['High urgency', 'Repeat buyer with 1 previous orders', 'Large quantity (12 units)']",Respond within 2 hours,High,Micro,8357.37,12
4698,226,25.5,0.2550623411859008,Medium,"['Repeat buyer with 3 previous orders', 'Enterprise buyer', 'High inquiry value (₹35,982)', 'Large quantity (16 units)']",Respond within 2 hours,Medium,Enterprise,35982.04,16
1312,353,25.5,0.2545953838035228,Medium,"['High urgency', 'Repeat buyer with 1 previous orders', 'Large buyer', 'High inquiry value (₹22,530)']",Respond within 2 hours,High,Large,22530.27,15
1502,14,25.5,0.2550474024325617,Medium,"['High urgency', 'Repeat buyer with 1 previous orders']",Respond within 2 hours,High,Small,12729.83,9
2976,412,25.5,0.2549902329564942,Medium,"['High urgency', 'Repeat buyer with 1 previous orders', 'High inquiry value (₹30,912)', 'Large quantity (13 units)']",Respond within 2 hours,High,Medium,30912.3,13
1170,938,25.5,0.2545953838035228,Medium,"['High urgency', 'Repeat buyer with 1 previous orders', 'Large buyer', 'High inquiry value (₹25,816)']",Respond within 2 hours,High,Large,25816.5,13
2083,850,25.5,0.25509166642622055,Medium,"['Critical urgency', 'Repeat buyer with 0 previous orders', 'Large buyer', 'Large quantity (10 units)']",Respond within 2 hours,Critical,Large,12782.07,10
4936,319,25.4,0.25448871538681844,Medium,"['Repeat buyer with 2 previous orders', 'Large buyer', 'Large quantity (14 units)']",Respond within 2 hours,Medium,Large,14711.28,14
1636,229,25.4,0.2544210723095197,Medium,"['Repeat buyer with 2 previous orders', 'Large buyer', 'High inquiry value (₹25,894)', 'Large quantity (12 units)']",Respond within 2 hours,Medium,Large,25893.88,12
2735,569,25.4,0.2539908730538349,Medium,"['Repeat buyer with 3 previous orders', 'Large quantity (12 units)', 'Strong seller rating (4.6)']",Respond within 2 hours,Medium,Small,16503.7,12
1776,579,25.4,0.25367332727782077,Medium,"['High urgency', 'Repeat buyer with 0 previous orders', 'Enterprise buyer']",Respond within 2 hours,High,Enterprise,8582.71,6
2863,251,25.4,0.25448871538681844,Medium,"['Repeat buyer with 3 previous orders', 'Large buyer', 'High inquiry value (₹24,217)', 'Large quantity (13 units)']",Respond within 2 hours,Medium,Large,24217.21,13
193,957,25.4,0.25394295172616754,Medium,"['Repeat buyer with 3 previous orders', 'Large buyer', 'Large quantity (13 units)']",Respond within 2 hours,Medium,Large,11501.36,13
297,590,25.4,0.25359271597609934,Medium,"['High urgency', 'Repeat buyer with 1 previous orders', 'Large quantity (13 units)']",Respond within 2 hours,High,Small,8403.64,13
3573,436,25.4,0.25381122801203676,Medium,"['Repeat buyer with 2 previous orders', 'Large quantity (11 units)', 'Strong seller rating (4.6)']",Respond within 2 hours,Medium,Medium,19153.15,11
3466,139,25.4,0.25419091833234636,Medium,"['High urgency', 'Repeat buyer with 1 previous orders', 'Large quantity (10 units)']",Respond within 2 hours,High,Medium,10036.85,10
4902,418,25.4,0.25448871538681844,Medium,"['Repeat buyer with 4 previous orders', 'Large buyer', 'High inquiry value (₹34,108)', 'Large quantity (12 units)']",Respond within 2 hours,Medium,Large,34108.18,12
2097,455,25.4,0.25448871538681844,Medium,"['Repeat buyer with 2 previous orders', 'Large buyer', 'Large quantity (12 units)']",Respond within 2 hours,Medium,Large,15594.46,12
4220,477,25.3,0.2525943804292676,Medium,"['Critical urgency', 'Repeat buyer with 0 previous orders', 'Large buyer', 'Large quantity (10 units)']",Respond within 2 hours,Critical,Large,16359.76,10
3012,891,25.3,0.2533050819318585,Medium,"['Repeat buyer with 2 previous orders', 'Large quantity (14 units)']",Respond within 2 hours,Medium,Small,10858.37,14
1750,44,25.3,0.25333164734867647,Medium,"['Critical urgency', 'Repeat buyer with 0 previous orders', 'High inquiry value (₹21,049)']",Respond within 2 hours,Critical,Medium,21048.9,8
4422,389,25.3,0.2533337880675827,Medium,"['Repeat buyer with 2 previous orders', 'High inquiry value (₹27,932)', 'Large quantity (12 units)']",Respond within 2 hours,Medium,Medium,27931.97,12
3524,888,25.3,0.25314114718888575,Medium,"['Repeat buyer with 3 previous orders', 'Large quantity (13 units)']",Respond within 2 hours,Medium,Small,14627.86,13
2642,966,25.3,0.2525935812054029,Medium,"['Repeat buyer with 2 previous orders', 'Large buyer', 'High inquiry value (₹30,886)', 'Large quantity (13 units)']",Respond within 2 hours,Medium,Large,30885.54,13
2316,223,25.3,0.25264147652461766,Medium,"['Repeat buyer with 5 previous orders', 'Large quantity (14 units)', 'Strong seller rating (4.7)']",Respond within 2 hours,Medium,Medium,17020.3,14
4197,446,25.3,0.2533050819318585,Medium,"['Repeat buyer with 2 previous orders', 'High inquiry value (₹33,645)', 'Large quantity (12 units)', 'Strong seller rating (5.0)']",Respond within 2 hours,Medium,Medium,33644.58,12
1309,964,25.3,0.2533050819318585,Medium,"['Repeat buyer with 2 previous orders', 'High inquiry value (₹22,260)', 'Large quantity (13 units)']",Respond within 2 hours,Medium,Small,22260.33,13
4546,775,25.3,0.2533323963766614,Medium,"['Repeat buyer with 2 previous orders', 'Enterprise buyer', 'High inquiry value (₹27,059)', 'Large quantity (18 units)']",Respond within 2 hours,Medium,Enterprise,27059.39,18
2546,754,25.3,0.2525943804292676,Medium,"['Critical urgency', 'Repeat buyer with 0 previous orders', 'Large buyer', 'High inquiry value (₹25,046)']",Respond within 2 hours,Critical,Large,25046.33,9
783,727,25.3,0.2533050819318585,Medium,"['Repeat buyer with 3 previous orders', 'High inquiry value (₹26,622)', 'Large quantity (19 units)', 'Strong seller rating (4.6)']",Respond within 2 hours,Medium,Medium,26621.73,19
2603,143,25.3,0.2532905971602863,Medium,"['Repeat buyer with 3 previous orders', 'High inquiry value (₹25,572)', 'Large quantity (10 units)', 'Strong seller rating (4.6)']",Respond within 2 hours,Medium,Micro,25572.19,10
1687,46,25.2,0.2523410092449642,Medium,"['Critical urgency', 'Repeat buyer with 0 previous orders', 'Large quantity (17 units)', 'Strong seller rating (4.7)']",Respond within 2 hours,Critical,Medium,16086.56,17
4260,696,25.2,0.25157663862262836,Medium,"['Repeat buyer with 3 previous orders', 'Large buyer', 'Large quantity (16 units)']",Respond within 2 hours,Medium,Large,16249.32,16
1401,199,25.2,0.2519052268416078,Medium,"['High urgency', 'Repeat buyer with 1 previous orders', 'High inquiry value (₹27,726)', 'Large quantity (14 units)']",Respond within 2 hours,High,Medium,27725.82,14
3091,909,25.2,0.25160760391325737,Medium,"['High urgency', 'Repeat buyer with 0 previous orders', 'Enterprise buyer', 'High inquiry value (₹21,820)']",Respond within 2 hours,High,Enterprise,21819.7,10
1030,332,25.2,0.25244140921167796,Medium,"['Repeat buyer with 5 previous orders', 'High inquiry value (₹64,222)', 'Large quantity (26 units)']",Respond within 2 hours,Medium,Medium,64221.6,26
2364,569,25.2,0.2519052268416078,Medium,"['High urgency', 'Repeat buyer with 1 previous orders', 'Large quantity (13 units)']",Respond within 2 hours,High,Medium,17202.09,13
3656,736,25.2,0.25165639267098106,Medium,"['High urgency', 'Repeat buyer with 1 previous orders']",Respond within 2 hours,High,Small,15604.02,8
1797,796,25.2,0.2522348083183106,Medium,"['Repeat buyer with 2 previous orders', 'Enterprise buyer', 'High inquiry value (₹30,325)', 'Large quantity (14 units)']",Respond within 2 hours,Medium,Enterprise,30325.11,14
2487,263,25.2,0.2519052268416078,Medium,"['High urgency', 'Repeat buyer with 1 previous orders', 'High inquiry value (₹26,465)', 'Large quantity (14 units)']",Respond within 2 hours,High,Small,26465.34,14
2871,299,25.2,0.2524434965713691,Medium,"['Critical urgency', 'Repeat buyer with 0 previous orders', 'High inquiry value (₹22,125)', 'Large quantity (10 units)']",Respond within 2 hours,Critical,Medium,22124.98,10
4865,447,25.2,0.2523178610196682,Medium,"['Critical urgency', 'Repeat buyer with 0 previous orders', 'High inquiry value (₹26,719)', 'Large quantity (17 units)']",Respond within 2 hours,Critical,Medium,26719.35,17
3427,504,25.2,0.25165639267098106,Medium,"['High urgency', 'Repeat buyer with 1 previous orders', 'High inquiry value (₹41,279)', 'Large quantity (17 units)']",Respond within 2 hours,High,Small,41279.26,17
2880,497,25.2,0.25192838973434484,Medium,"['High urgency', 'Repeat buyer with 0 previous orders', 'Enterprise buyer', 'High inquiry value (₹29,246)']",Respond within 2 hours,High,Enterprise,29245.78,15
804,432,25.2,0.25155217988329287,Medium,"['Repeat buyer with 2 previous orders', 'Large buyer', 'High inquiry value (₹37,720)', 'Large quantity (17 units)']",Respond within 2 hours,Medium,Large,37720.26,17
2728,912,25.2,0.2518509314682036,Medium,"['Repeat buyer with 2 previous orders', 'Large buyer', 'Large quantity (11 units)', 'Strong seller rating (4.5)']",Respond within 2 hours,Medium,Large,10074.31,11
996,384,25.2,0.2516086698408451,Medium,"['Critical urgency', 'Repeat buyer with 0 previous orders', 'Large quantity (17 units)']",Respond within 2 hours,Critical,Medium,19091.47,17
4009,831,25.2,0.2519052268416078,Medium,"['High urgency', 'Repeat buyer with 1 previous orders']",Respond within 2 hours,High,Small,9492.04,9
4260,671,25.2,0.2517810093071698,Medium,"['High urgency', 'Repeat buyer with 1 previous orders', 'High inquiry value (₹27,759)', 'Large quantity (13 units)']",Respond within 2 hours,High,Small,27758.56,13
4478,207,25.2,0.25164691131826733,Medium,"['Repeat buyer with 2 previous orders', 'Large buyer', 'Large quantity (14 units)']",Respond within 2 hours,Medium,Large,8123.34,14
3163,892,25.1,0.25139943493885425,Medium,"['High urgency', 'Repeat buyer with 1 previous orders', 'Large buyer', 'High inquiry value (₹27,487)']",Respond within 2 hours,High,Large,27486.77,20
3130,519,25.1,0.2509317993769712,Medium,"['High urgency', 'Repeat buyer with 1 previous orders', 'High inquiry value (₹24,290)', 'Large quantity (16 units)']",Respond within 2 hours,High,Micro,24289.51,16
1973,928,25.1,0.25059946441211234,Medium,"['Critical urgency', 'Repeat buyer with 0 previous orders', 'High inquiry value (₹35,102)', 'Large quantity (13 units)']",Respond within 2 hours,Critical,Small,35101.81,13
3915,89,25.1,0.2505909924186839,Medium,"['High urgency', 'Repeat buyer with 1 previous orders', 'Large quantity (14 units)']",Respond within 2 hours,High,Medium,17066.45,14
4293,554,25.1,0.2508299852415133,Medium,"['High urgency', 'Repeat buyer with 1 previous orders', 'Large quantity (12 units)']",Respond within 2 hours,High,Micro,15908.64,12
1758,629,25.1,0.2512477558493153,Medium,"['High urgency', 'Repeat buyer with 1 previous orders', 'Large buyer', 'Large quantity (16 units)']",Respond within 2 hours,High,Large,19276.56,16
350,786,25.1,0.2513089139956226,Medium,"['Repeat buyer with 2 previous orders', 'Large quantity (12 units)']",Respond within 2 hours,Medium,Medium,17216.78,12
1526,430,25.1,0.2508299852415133,Medium,"['High urgency', 'Repeat buyer with 1 previous orders', 'High inquiry value (₹28,157)', 'Large quantity (12 units)']",Respond within 2 hours,High,Medium,28156.85,12
4845,546,25.1,0.2508115644940544,Medium,"['Repeat buyer with 2 previous orders', 'Large buyer', 'High inquiry value (₹43,706)', 'Large quantity (18 units)']",Respond within 2 hours,Medium,Large,43706.34,18
4079,841,25.1,0.2511707965012228,Medium,"['High urgency', 'Repeat buyer with 1 previous orders', 'High inquiry value (₹39,610)', 'Large quantity (15 units)']",Respond within 2 hours,High,Medium,39610.37,15
1486,410,25.1,0.2509478818958627,Medium,"['Critical urgency', 'Repeat buyer with 0 previous orders', 'High inquiry value (₹25,949)', 'Large quantity (14 units)']",Respond within 2 hours,Critical,Small,25948.92,14
1413,635,25.1,0.25059946441211234,Medium,"['Critical urgency', 'Repeat buyer with 0 previous orders', 'High inquiry value (₹23,733)', 'Large quantity (13 units)']",Respond within 2 hours,Critical,Medium,23733.2,13
4239,832,25.1,0.250523325891682,Medium,"['Repeat buyer with 2 previous orders', 'Large quantity (12 units)']",Respond within 2 hours,Medium,Medium,18219.62,12
1003,305,25.1,0.25084335834478366,Medium,"['Repeat buyer with 4 previous orders', 'Large buyer', 'Large quantity (17 units)']",Respond within 2 hours,Medium,Large,19151.59,17
2064,563,25.1,0.2508299852415133,Medium,"['High urgency', 'Repeat buyer with 1 previous orders', 'High inquiry value (₹26,284)', 'Large quantity (12 units)']",Respond within 2 hours,High,Small,26283.95,12
4272,3,25.0,0.25033469929265834,Medium,"['Repeat buyer with 5 previous orders', 'Large quantity (10 units)']",Respond within 2 hours,Medium,Medium,13087.98,10
332,658,25.0,0.2503062190699267,Medium,"['Repeat buyer with 3 previous orders', 'High inquiry value (₹21,335)', 'Large quantity (20 units)', 'Strong seller rating (4.7)']",Respond within 2 hours,Medium,Medium,21335.44,20
2065,185,25.0,0.25042073469187864,Medium,"['High urgency', 'Repeat buyer with 1 previous orders', 'Large quantity (16 units)']",Respond within 2 hours,High,Micro,11337.56,16
1794,621,25.0,0.24956316925601307,Medium,"['High urgency', 'Repeat buyer with 0 previous orders', 'Enterprise buyer', 'Large quantity (12 units)']",Respond within 2 hours,High,Enterprise,14311.27,12
3487,227,24.9,0.2494050158148589,Medium,"['High urgency', 'Repeat buyer with 0 previous orders', 'Enterprise buyer', 'High inquiry value (₹21,489)']",Respond within 2 hours,High,Enterprise,21488.98,14
1814,822,24.9,0.24867782156326498,Medium,"['Repeat buyer with 2 previous orders', 'High inquiry value (₹25,364)', 'Large quantity (12 units)']",Respond within 2 hours,Medium,Small,25363.83,12
2944,685,24.9,0.24882314207440603,Medium,"['Repeat buyer with 3 previous orders', 'Large buyer', 'Large quantity (16 units)']",Respond within 2 hours,Medium,Large,16335.3,16
218,624,24.9,0.24877516480824924,Medium,"['High urgency', 'Repeat buyer with 0 previous orders', 'Enterprise buyer', 'Large quantity (14 units)']",Respond within 2 hours,High,Enterprise,18605.46,14
1485,214,24.9,0.24858540071261015,Medium,"['Repeat buyer with 4 previous orders', 'Large buyer', 'High inquiry value (₹36,331)', 'Large quantity (17 units)']",Respond within 2 hours,Medium,Large,36330.89,17
922,788,24.9,0.24867782156326498,Medium,"['Repeat buyer with 3 previous orders', 'High inquiry value (₹28,562)', 'Large quantity (12 units)', 'Strong seller rating (4.8)']",Respond within 2 hours,Medium,Small,28562.43,12
3803,361,24.9,0.2487399603451568,Medium,['Repeat buyer with 2 previous orders'],Respond within 2 hours,Medium,Medium,15025.94,9
1980,46,24.8,0.24833269111847225,Medium,"['Repeat buyer with 3 previous orders', 'Large quantity (13 units)']",Respond within 2 hours,Medium,Medium,7306.3,13
2175,570,24.8,0.24833269111847225,Medium,"['Repeat buyer with 3 previous orders', 'Large quantity (14 units)']",Respond within 2 hours,Medium,Medium,15984.74,14
1775,809,24.8,0.24788941086068775,Medium,"['High urgency', 'Repeat buyer with 1 previous orders', 'Large quantity (11 units)']",Respond within 2 hours,High,Small,13192.46,11
1081,565,24.8,0.2484319791386943,Medium,"['Repeat buyer with 1 previous orders', 'Enterprise buyer', 'Large quantity (11 units)']",Respond within 2 hours,Medium,Enterprise,13674.76,11
4884,673,24.8,0.2481133940646287,Medium,"['High urgency', 'Repeat buyer with 1 previous orders']",Respond within 2 hours,High,Micro,11941.01,9
4628,19,24.8,0.24774231155419285,Medium,"['Repeat buyer with 1 previous orders', 'Enterprise buyer', 'Strong seller rating (4.6)']",Respond within 2 hours,Medium,Enterprise,12162.32,8
416,346,24.8,0.24833269111847225,Medium,"['Repeat buyer with 2 previous orders', 'High inquiry value (₹28,846)', 'Large quantity (13 units)', 'Strong seller rating (4.6)']",Respond within 2 hours,Medium,Medium,28845.55,13
464,424,24.8,0.24833269111847225,Medium,"['Repeat buyer with 3 previous orders', 'Strong seller rating (4.8)']",Respond within 2 hours,Medium,Small,12349.9,8
451,520,24.8,0.24788941086068775,Medium,"['High urgency', 'Repeat buyer with 1 previous orders']",Respond within 2 hours,High,Medium,11743.39,9
168,913,24.8,0.24801234485725632,Medium,"['High urgency', 'Repeat buyer with 1 previous orders', 'High inquiry value (₹41,996)', 'Large quantity (16 units)']",Respond within 2 hours,High,Medium,41995.92,16
3915,88,24.8,0.24788941086068775,Medium,"['High urgency', 'Repeat buyer with 1 previous orders', 'High inquiry value (₹20,667)']",Respond within 2 hours,High,Small,20666.51,8
1409,368,24.8,0.24788941086068775,Medium,"['High urgency', 'Repeat buyer with 1 previous orders', 'High inquiry value (₹43,397)', 'Large quantity (16 units)']",Respond within 2 hours,High,Small,43397.08,16
3015,631,24.8,0.24801234485725632,Medium,"['High urgency', 'Repeat buyer with 1 previous orders', 'Large quantity (13 units)']",Respond within 2 hours,High,Small,18494.52,13
865,886,24.8,0.24788941086068775,Medium,"['High urgency', 'Repeat buyer with 1 previous orders', 'Large quantity (12 units)']",Respond within 2 hours,High,Small,12693.28,12
2201,117,24.8,0.24788941086068775,Medium,"['High urgency', 'Repeat buyer with 1 previous orders', 'Large quantity (12 units)']",Respond within 2 hours,High,Medium,18542.0,12
2186,656,24.8,0.24833269111847225,Medium,"['Repeat buyer with 4 previous orders', 'High inquiry value (₹35,052)', 'Large quantity (16 units)']",Respond within 2 hours,Medium,Small,35051.65,16
1297,497,24.8,0.24801234485725632,Medium,"['High urgency', 'Repeat buyer with 1 previous orders', 'High inquiry value (₹29,981)', 'Large quantity (17 units)']",Respond within 2 hours,High,Small,29981.11,17
820,262,24.8,0.24761917220347976,Medium,"['Critical urgency', 'Repeat buyer with 0 previous orders', 'Large quantity (18 units)', 'Strong seller rating (4.9)']",Respond within 2 hours,Critical,Micro,17847.59,18
1967,942,24.8,0.24812302407911419,Low,"['High urgency', 'Repeat buyer with 1 previous orders', 'Large quantity (12 units)']",Handle after higher-priority leads,High,Small,10013.18,12
156,599,24.8,0.24833269111847225,Low,"['Repeat buyer with 4 previous orders', 'Large quantity (16 units)']",Handle after higher-priority leads,Medium,Medium,11451.99,16
2424,45,24.8,0.24774231155419285,Low,"['Repeat buyer with 1 previous orders', 'Enterprise buyer']",Handle after higher-priority leads,Medium,Enterprise,17823.46,9
860,602,24.8,0.2481133940646287,Low,"['High urgency', 'Repeat buyer with 1 previous orders', 'Large quantity (14 units)']",Handle after higher-priority leads,High,Medium,9393.87,14
1497,926,24.8,0.24849266730805938,Low,"['Repeat buyer with 2 previous orders', 'Large buyer', 'High inquiry value (₹27,682)', 'Large quantity (11 units)']",Handle after higher-priority leads,Medium,Large,27681.79,11
4572,642,24.8,0.24833269111847225,Low,"['Repeat buyer with 3 previous orders', 'Large quantity (14 units)', 'Strong seller rating (5.0)']",Handle after higher-priority leads,Medium,Small,10023.1,14
3013,467,24.7,0.24650315706850212,Low,"['Repeat buyer with 2 previous orders', 'Enterprise buyer', 'Large quantity (10 units)']",Handle after higher-priority leads,Medium,Enterprise,14322.52,10
791,406,24.7,0.24714693866741494,Low,"['Repeat buyer with 3 previous orders', 'High inquiry value (₹40,590)', 'Large quantity (15 units)', 'Strong seller rating (4.7)']",Handle after higher-priority leads,Medium,Micro,40589.99,15
769,805,24.7,0.2472350195676022,Low,"['Repeat buyer with 2 previous orders', 'Large buyer', 'Large quantity (13 units)']",Handle after higher-priority leads,Medium,Large,15841.48,13
1198,653,24.7,0.24664388018615654,Low,"['High urgency', 'Repeat buyer with 1 previous orders', 'Large quantity (11 units)']",Handle after higher-priority leads,High,Medium,13798.05,11
1274,764,24.7,0.24664388018615654,Low,"['High urgency', 'Repeat buyer with 1 previous orders', 'High inquiry value (₹31,656)', 'Large quantity (16 units)']",Handle after higher-priority leads,High,Medium,31656.22,16
2648,249,24.7,0.24688559725413536,Low,"['High urgency', 'Repeat buyer with 1 previous orders']",Handle after higher-priority leads,High,Medium,5092.57,8
3266,98,24.7,0.24691057665082183,Low,"['Repeat buyer with 2 previous orders', 'Large quantity (18 units)']",Handle after higher-priority leads,Medium,Medium,18404.31,18
2105,558,24.7,0.2472103530705419,Low,"['Repeat buyer with 2 previous orders', 'Large quantity (13 units)']",Handle after higher-priority leads,Medium,Micro,12802.22,13
4554,402,24.7,0.24712147625112107,Low,"['Repeat buyer with 2 previous orders', 'Large buyer', 'High inquiry value (₹31,466)', 'Large quantity (14 units)']",Handle after higher-priority leads,Medium,Large,31466.22,14
4167,206,24.7,0.24705514245319152,Low,"['Repeat buyer with 2 previous orders', 'Large buyer', 'High inquiry value (₹21,209)', 'Large quantity (11 units)']",Handle after higher-priority leads,Medium,Large,21209.41,11
3175,145,24.7,0.24694092359680134,Low,"['Repeat buyer with 2 previous orders', 'Large quantity (15 units)']",Handle after higher-priority leads,Medium,Medium,10312.26,15
3968,936,24.7,0.24704899270321537,Low,"['High urgency', 'Repeat buyer with 1 previous orders']",Handle after higher-priority leads,High,Medium,17952.92,8
3396,66,24.6,0.24587642254012734,Low,"['Repeat buyer with 4 previous orders', 'Strong seller rating (4.7)']",Handle after higher-priority leads,Medium,Medium,10953.09,8
2854,428,24.6,0.24587642254012734,Low,"['Repeat buyer with 2 previous orders', 'Large quantity (11 units)', 'Strong seller rating (4.6)']",Handle after higher-priority leads,Medium,Small,19921.16,11
3295,137,24.6,0.24557268947550828,Low,"['High urgency', 'Repeat buyer with 1 previous orders', 'Large quantity (13 units)', 'Strong seller rating (4.9)']",Handle after higher-priority leads,High,Medium,15292.0,13
2242,494,24.6,0.24642126946237095,Low,"['Repeat buyer with 2 previous orders', 'Large quantity (11 units)']",Handle after higher-priority leads,Medium,Medium,16310.2,11
4663,901,24.6,0.24559310212032215,Low,"['High urgency', 'Repeat buyer with 0 previous orders', 'Enterprise buyer', 'High inquiry value (₹28,555)']",Handle after higher-priority leads,High,Enterprise,28555.22,10
1636,968,24.6,0.24627126801704388,Low,"['Repeat buyer with 4 previous orders', 'Large quantity (11 units)']",Handle after higher-priority leads,Medium,Medium,10975.86,11
4652,105,24.6,0.24607258490141865,Low,"['Critical urgency', 'Repeat buyer with 0 previous orders', 'Large quantity (10 units)']",Handle after higher-priority leads,Critical,Medium,10214.48,10
887,963,24.6,0.24609520708561758,Low,"['Repeat buyer with 3 previous orders', 'Large buyer', 'Large quantity (16 units)']",Handle after higher-priority leads,Medium,Large,17210.38,16
1812,258,24.6,0.24639093996857267,Low,"['Repeat buyer with 2 previous orders', 'High inquiry value (₹53,509)', 'Large quantity (17 units)']",Handle after higher-priority leads,Medium,Micro,53508.96,17
2538,715,24.6,0.24568970331531864,Low,"['High urgency', 'Repeat buyer with 0 previous orders', 'Enterprise buyer', 'Large quantity (18 units)']",Handle after higher-priority leads,High,Enterprise,13281.35,18
1419,529,24.6,0.24587642254012734,Low,"['Repeat buyer with 4 previous orders', 'Large quantity (13 units)', 'Strong seller rating (4.9)']",Handle after higher-priority leads,Medium,Medium,13648.04,13
3954,336,24.6,0.246209418499531,Low,"['Repeat buyer with 2 previous orders', 'Large quantity (10 units)']",Handle after higher-priority leads,Medium,Small,9409.23,10
2559,665,24.6,0.24648531815616903,Low,"['High urgency', 'Repeat buyer with 1 previous orders', 'Large quantity (10 units)']",Handle after higher-priority leads,High,Small,17440.66,10
1871,802,24.6,0.246209418499531,Low,"['Repeat buyer with 2 previous orders', 'Large quantity (14 units)', 'Strong seller rating (5.0)']",Handle after higher-priority leads,Medium,Medium,11800.67,14
227,675,24.6,0.2455303956870402,Low,"['High urgency', 'Repeat buyer with 1 previous orders', 'Large quantity (11 units)']",Handle after higher-priority leads,High,Medium,5445.45,11
1795,493,24.6,0.24607258490141865,Low,"['Critical urgency', 'Repeat buyer with 0 previous orders', 'Large quantity (10 units)', 'Strong seller rating (4.9)']",Handle after higher-priority leads,Critical,Micro,8711.93,10
1481,413,24.6,0.24627126801704388,Low,"['Repeat buyer with 4 previous orders', 'High inquiry value (₹35,597)', 'Large quantity (16 units)']",Handle after higher-priority leads,Medium,Small,35597.22,16
1676,920,24.6,0.24607258490141865,Low,"['Critical urgency', 'Repeat buyer with 0 previous orders']",Handle after higher-priority leads,Critical,Small,12515.88,9
2967,332,24.6,0.24632916217320006,Low,"['Repeat buyer with 2 previous orders', 'Large quantity (10 units)']",Handle after higher-priority leads,Medium,Medium,17246.58,10
2737,693,24.6,0.24587642254012734,Low,"['Repeat buyer with 2 previous orders', 'High inquiry value (₹21,144)', 'Large quantity (10 units)']",Handle after higher-priority leads,Medium,Medium,21143.85,10
3227,590,24.6,0.24639093996857267,Low,['Repeat buyer with 3 previous orders'],Handle after higher-priority leads,Medium,Micro,12301.5,9
2395,314,24.5,0.24473124667384016,Low,"['Repeat buyer with 3 previous orders', 'High inquiry value (₹21,215)', 'Large quantity (15 units)']",Handle after higher-priority leads,Medium,Small,21215.05,15
1914,420,24.5,0.24469620852573284,Low,"['Repeat buyer with 2 previous orders', 'Enterprise buyer', 'High inquiry value (₹20,220)', 'Large quantity (12 units)']",Handle after higher-priority leads,Medium,Enterprise,20220.25,12
4548,470,24.5,0.24489390212500592,Low,"['Critical urgency', 'Repeat buyer with 0 previous orders', 'Large buyer', 'High inquiry value (₹37,853)']",Handle after higher-priority leads,Critical,Large,37853.14,15
3910,70,24.5,0.24489390212500592,Low,"['Critical urgency', 'Repeat buyer with 0 previous orders', 'Large buyer', 'Large quantity (12 units)']",Handle after higher-priority leads,Critical,Large,16706.84,12
985,140,24.5,0.24477227469566473,Low,"['Repeat buyer with 4 previous orders', 'Large quantity (10 units)']",Handle after higher-priority leads,Medium,Micro,10094.54,10
1946,27,24.5,0.2448536423584187,Low,"['Repeat buyer with 2 previous orders', 'Large quantity (11 units)', 'Strong seller rating (5.0)']",Handle after higher-priority leads,Medium,Micro,14825.33,11
2111,323,24.5,0.24454726915198668,Low,"['High urgency', 'Repeat buyer with 0 previous orders', 'Enterprise buyer', 'Large quantity (13 units)']",Handle after higher-priority leads,High,Enterprise,13308.32,13
1703,271,24.5,0.24484538012615292,Low,"['Critical urgency', 'Repeat buyer with 0 previous orders', 'Large buyer', 'Large quantity (10 units)']",Handle after higher-priority leads,Critical,Large,15632.12,10
2751,160,24.5,0.2454283715145621,Low,"['High urgency', 'Repeat buyer with 1 previous orders', 'Large buyer', 'High inquiry value (₹25,959)']",Handle after higher-priority leads,High,Large,25958.7,16
1094,751,24.5,0.2450132541679353,Low,"['Critical urgency', 'Repeat buyer with 0 previous orders', 'High inquiry value (₹22,968)', 'Large quantity (12 units)']",Handle after higher-priority leads,Critical,Medium,22968.49,12
2564,178,24.5,0.24539474933282454,Low,"['High urgency', 'Repeat buyer with 0 previous orders', 'Enterprise buyer', 'Large quantity (17 units)']",Handle after higher-priority leads,High,Enterprise,9001.52,17
3484,58,24.5,0.2448536423584187,Low,"['Repeat buyer with 2 previous orders', 'Large quantity (18 units)']",Handle after higher-priority leads,Medium,Small,19322.68,18
1898,41,24.5,0.24454726915198668,Low,"['High urgency', 'Repeat buyer with 0 previous orders', 'Enterprise buyer', 'Large quantity (11 units)']",Handle after higher-priority leads,High,Enterprise,13312.49,11
3472,772,24.5,0.24483058916258157,Low,"['Repeat buyer with 3 previous orders', 'High inquiry value (₹31,551)', 'Large quantity (15 units)']",Handle after higher-priority leads,Medium,Medium,31550.54,15
1170,937,24.5,0.2448536423584187,Low,"['Repeat buyer with 2 previous orders', 'Large quantity (17 units)']",Handle after higher-priority leads,Medium,Small,19070.36,17
2314,420,24.5,0.2448133734058899,Low,['Repeat buyer with 4 previous orders'],Handle after higher-priority leads,Medium,Medium,10576.29,7
570,225,24.5,0.24535246766428764,Low,"['Critical urgency', 'Repeat buyer with 0 previous orders']",Handle after higher-priority leads,Critical,Medium,7580.37,7
2804,611,24.5,0.2453257018908634,Low,"['High urgency', 'Repeat buyer with 1 previous orders']",Handle after higher-priority leads,High,Small,11868.81,7
4156,290,24.5,0.24454726915198668,Low,"['High urgency', 'Repeat buyer with 0 previous orders', 'Enterprise buyer', 'Large quantity (15 units)']",Handle after higher-priority leads,High,Enterprise,16820.6,15
190,173,24.4,0.2440424697343888,Low,"['High urgency', 'Repeat buyer with 1 previous orders', 'High inquiry value (₹25,489)', 'Large quantity (15 units)']",Handle after higher-priority leads,High,Medium,25489.1,15
452,47,24.4,0.24354564466767528,Low,"['Repeat buyer with 2 previous orders', 'High inquiry value (₹21,672)', 'Large quantity (11 units)']",Handle after higher-priority leads,Medium,Medium,21672.05,11
2619,241,24.4,0.24425997732247995,Low,"['High urgency', 'Repeat buyer with 1 previous orders', 'Large quantity (12 units)']",Handle after higher-priority leads,High,Small,14297.3,12
4233,10,24.4,0.24354564466767528,Low,"['Repeat buyer with 2 previous orders', 'High inquiry value (₹24,262)', 'Large quantity (15 units)']",Handle after higher-priority leads,Medium,Medium,24262.45,15
2634,835,24.4,0.244152732635638,Low,"['Repeat buyer with 2 previous orders', 'Large quantity (12 units)', 'Strong seller rating (4.5)']",Handle after higher-priority leads,Medium,Small,8563.1,12
1419,321,24.4,0.2444201073776245,Low,['Repeat buyer with 3 previous orders'],Handle after higher-priority leads,Medium,Medium,14376.49,9
2515,402,24.4,0.24426608016872065,Low,"['Repeat buyer with 2 previous orders', 'Large buyer', 'High inquiry value (₹32,026)', 'Large quantity (23 units)']",Handle after higher-priority leads,Medium,Large,32026.07,23
4823,649,24.4,0.24425997732247995,Low,"['High urgency', 'Repeat buyer with 1 previous orders', 'High inquiry value (₹31,269)', 'Large quantity (10 units)']",Handle after higher-priority leads,High,Medium,31268.75,10
3499,734,24.4,0.24430138240980323,Low,"['Critical urgency', 'Repeat buyer with 0 previous orders']",Handle after higher-priority leads,Critical,Small,9593.71,9
1237,490,24.4,0.24373692535329883,Low,"['High urgency', 'Repeat buyer with 0 previous orders', 'Enterprise buyer', 'Large quantity (14 units)']",Handle after higher-priority leads,High,Enterprise,13762.01,14
7,564,24.4,0.24386397138530075,Low,"['Repeat buyer with 1 previous orders', 'Enterprise buyer', 'Strong seller rating (5.0)']",Handle after higher-priority leads,Medium,Enterprise,5758.58,9
733,440,24.4,0.24354564466767528,Low,"['Repeat buyer with 3 previous orders', 'High inquiry value (₹21,154)', 'Large quantity (16 units)']",Handle after higher-priority leads,Medium,Medium,21154.34,16
3516,529,24.4,0.24354564466767528,Low,"['Repeat buyer with 2 previous orders', 'High inquiry value (₹21,027)', 'Large quantity (15 units)']",Handle after higher-priority leads,Medium,Medium,21026.73,15
637,9,24.4,0.244152732635638,Low,"['Repeat buyer with 2 previous orders', 'High inquiry value (₹29,006)', 'Large quantity (23 units)', 'Strong seller rating (5.0)']",Handle after higher-priority leads,Medium,Small,29005.86,23
2620,911,24.4,0.24425997732247995,Low,"['High urgency', 'Repeat buyer with 1 previous orders']",Handle after higher-priority leads,High,Medium,18705.75,8
2113,546,24.4,0.24376298317793127,Low,"['High urgency', 'Repeat buyer with 1 previous orders', 'High inquiry value (₹36,248)', 'Large quantity (18 units)']",Handle after higher-priority leads,High,Medium,36248.32,18
224,409,24.4,0.24425997732247995,Low,"['High urgency', 'Repeat buyer with 1 previous orders', 'Large quantity (13 units)']",Handle after higher-priority leads,High,Medium,11318.84,13
4030,932,24.4,0.24425997732247995,Low,"['High urgency', 'Repeat buyer with 1 previous orders', 'Large quantity (16 units)']",Handle after higher-priority leads,High,Small,7251.78,16
2905,606,24.4,0.24354564466767528,Low,"['Repeat buyer with 2 previous orders', 'Large quantity (17 units)']",Handle after higher-priority leads,Medium,Medium,17905.99,17
849,145,24.4,0.24354564466767528,Low,"['Repeat buyer with 3 previous orders', 'High inquiry value (₹25,389)', 'Large quantity (11 units)']",Handle after higher-priority leads,Medium,Small,25388.6,11
860,438,24.4,0.24360470828321695,Low,"['Critical urgency', 'Repeat buyer with 0 previous orders', 'Large quantity (13 units)']",Handle after higher-priority leads,Critical,Medium,9794.57,13
1774,600,24.4,0.24354564466767528,Low,"['Repeat buyer with 2 previous orders', 'High inquiry value (₹30,173)', 'Large quantity (20 units)']",Handle after higher-priority leads,Medium,Medium,30173.43,20
1556,399,24.4,0.244152732635638,Low,"['Repeat buyer with 2 previous orders', 'Large quantity (16 units)']",Handle after higher-priority leads,Medium,Micro,15623.64,16
848,425,24.4,0.2437116906467922,Low,"['Repeat buyer with 2 previous orders', 'High inquiry value (₹22,692)', 'Large quantity (14 units)']",Handle after higher-priority leads,Medium,Medium,22691.68,14
1670,794,24.4,0.24425997732247995,Low,"['High urgency', 'Repeat buyer with 1 previous orders', 'Large quantity (15 units)']",Handle after higher-priority leads,High,Small,19442.57,15
3280,689,24.4,0.24354564466767528,Low,"['Repeat buyer with 4 previous orders', 'Large quantity (10 units)']",Handle after higher-priority leads,Medium,Medium,7660.13,10
2539,740,24.3,0.24313481085529684,Low,"['Repeat buyer with 2 previous orders', 'High inquiry value (₹28,035)', 'Large quantity (12 units)']",Handle after higher-priority leads,Medium,Small,28034.81,12
2664,773,24.3,0.24342681706033018,Low,"['Repeat buyer with 2 previous orders', 'High inquiry value (₹28,890)', 'Large quantity (14 units)', 'Strong seller rating (5.0)']",Handle after higher-priority leads,Medium,Small,28889.77,14
865,148,24.3,0.24274036508635322,Low,"['Repeat buyer with 2 previous orders', 'High inquiry value (₹40,226)', 'Large quantity (16 units)']",Handle after higher-priority leads,Medium,Medium,40225.82,16
4007,859,24.3,0.24313481085529684,Low,"['Repeat buyer with 2 previous orders', 'Large quantity (11 units)']",Handle after higher-priority leads,Medium,Small,6950.3,11
4131,905,24.3,0.24313481085529684,Low,"['Repeat buyer with 2 previous orders', 'Large quantity (10 units)', 'Strong seller rating (4.8)']",Handle after higher-priority leads,Medium,Medium,10089.16,10
489,466,24.3,0.2426970070443094,Low,"['High urgency', 'Repeat buyer with 1 previous orders', 'Large quantity (12 units)']",Handle after higher-priority leads,High,Medium,18534.4,12
2663,342,24.3,0.24270334108977737,Low,"['Repeat buyer with 2 previous orders', 'Large quantity (13 units)', 'Strong seller rating (5.0)']",Handle after higher-priority leads,Medium,Small,14105.88,13
3892,746,24.3,0.24266217490891043,Low,"['Repeat buyer with 3 previous orders', 'Large quantity (11 units)']",Handle after higher-priority leads,Medium,Medium,6593.18,11
220,982,24.3,0.24342681706033018,Low,"['Repeat buyer with 3 previous orders', 'High inquiry value (₹31,731)', 'Large quantity (17 units)', 'Strong seller rating (4.9)']",Handle after higher-priority leads,Medium,Medium,31730.53,17
515,907,24.3,0.24342681706033018,Low,"['Repeat buyer with 2 previous orders', 'Strong seller rating (4.6)']",Handle after higher-priority leads,Medium,Medium,16361.02,9
2221,105,24.3,0.24333987962543505,Low,"['Repeat buyer with 1 previous orders', 'Enterprise buyer', 'High inquiry value (₹25,128)', 'Large quantity (14 units)']",Handle after higher-priority leads,Medium,Enterprise,25127.55,14
578,241,24.3,0.24342681706033018,Low,"['Repeat buyer with 2 previous orders', 'Large quantity (12 units)', 'Strong seller rating (4.8)']",Handle after higher-priority leads,Medium,Medium,19589.22,12
542,313,24.3,0.24342681706033018,Low,"['Repeat buyer with 2 previous orders', 'Large quantity (15 units)', 'Strong seller rating (4.6)']",Handle after higher-priority leads,Medium,Small,12338.33,15
670,615,24.3,0.24342681706033018,Low,"['Repeat buyer with 2 previous orders', 'Large quantity (14 units)', 'Strong seller rating (4.8)']",Handle after higher-priority leads,Medium,Medium,12534.29,14
553,429,24.3,0.2427529969964643,Low,"['High urgency', 'Repeat buyer with 1 previous orders', 'High inquiry value (₹23,931)', 'Large quantity (10 units)']",Handle after higher-priority leads,High,Small,23930.79,10
869,874,24.2,0.24243674397808285,Low,"['High urgency', 'Repeat buyer with 0 previous orders', 'Enterprise buyer', 'High inquiry value (₹33,561)']",Handle after higher-priority leads,High,Enterprise,33561.01,13
4116,509,24.2,0.2419803552394643,Low,"['Repeat buyer with 2 previous orders', 'Large quantity (12 units)']",Handle after higher-priority leads,Medium,Medium,10232.22,12
106,438,24.2,0.24186566512214625,Low,"['Repeat buyer with 2 previous orders', 'Enterprise buyer', 'High inquiry value (₹21,225)', 'Large quantity (16 units)']",Handle after higher-priority leads,Medium,Enterprise,21224.7,16
651,2,24.2,0.24181862252123756,Low,"['Critical urgency', 'Repeat buyer with 0 previous orders', 'Large quantity (10 units)']",Handle after higher-priority leads,Critical,Small,4651.8,10
4997,723,24.2,0.2419803552394643,Low,['Repeat buyer with 2 previous orders'],Handle after higher-priority leads,Medium,Small,8205.39,8
4495,510,24.2,0.24243674397808285,Low,"['High urgency', 'Repeat buyer with 0 previous orders', 'Enterprise buyer', 'High inquiry value (₹21,868)']",Handle after higher-priority leads,High,Enterprise,21868.1,11
3903,943,24.2,0.24170253306626258,Low,"['High urgency', 'Repeat buyer with 1 previous orders', 'Large buyer', 'High inquiry value (₹33,700)']",Handle after higher-priority leads,High,Large,33700.18,15
4502,250,24.2,0.24156993498543966,Low,"['Critical urgency', 'Repeat buyer with 0 previous orders', 'Large quantity (12 units)']",Handle after higher-priority leads,Critical,Small,9485.43,12
179,988,24.2,0.24190934327258168,Low,"['Critical urgency', 'Repeat buyer with 0 previous orders', 'High inquiry value (₹25,485)', 'Large quantity (14 units)']",Handle after higher-priority leads,Critical,Micro,25485.02,14
3762,859,24.2,0.2421968922183385,Low,"['Critical urgency', 'Repeat buyer with 0 previous orders', 'High inquiry value (₹20,877)', 'Large quantity (15 units)']",Handle after higher-priority leads,Critical,Small,20876.82,15
171,255,24.2,0.24170253306626258,Low,"['High urgency', 'Repeat buyer with 1 previous orders', 'Large buyer']",Handle after higher-priority leads,High,Large,12406.05,9
3124,41,24.2,0.24181936488831404,Low,"['Repeat buyer with 2 previous orders', 'Enterprise buyer', 'Large quantity (13 units)']",Handle after higher-priority leads,Medium,Enterprise,18134.52,13
1030,965,24.2,0.2419803552394643,Low,"['Repeat buyer with 4 previous orders', 'Large quantity (12 units)', 'Strong seller rating (4.7)']",Handle after higher-priority leads,Medium,Small,10095.56,12
4200,70,24.2,0.24236606501026225,Low,"['Repeat buyer with 3 previous orders', 'Large buyer', 'Large quantity (11 units)']",Handle after higher-priority leads,Medium,Large,17810.91,11
400,33,24.1,0.24090356435313412,Low,"['High urgency', 'Repeat buyer with 0 previous orders', 'Enterprise buyer', 'High inquiry value (₹24,802)']",Handle after higher-priority leads,High,Enterprise,24802.32,18
2860,861,24.1,0.2405303569204014,Low,"['Repeat buyer with 2 previous orders', 'Large buyer', 'Large quantity (18 units)']",Handle after higher-priority leads,Medium,Large,16657.58,18
3347,197,24.1,0.24050283706223113,Low,"['Critical urgency', 'Repeat buyer with 0 previous orders', 'High inquiry value (₹37,028)', 'Large quantity (13 units)']",Handle after higher-priority leads,Critical,Medium,37027.68,13
251,418,24.1,0.2411832447131241,Low,"['High urgency', 'Repeat buyer with 1 previous orders', 'Large quantity (11 units)']",Handle after higher-priority leads,High,Medium,9501.26,11
2816,563,24.1,0.2413762229109612,Low,"['Repeat buyer with 3 previous orders', 'Large buyer', 'High inquiry value (₹24,601)', 'Large quantity (14 units)']",Handle after higher-priority leads,Medium,Large,24600.51,14
2197,926,24.1,0.24108661310495946,Low,"['Repeat buyer with 3 previous orders', 'Large quantity (19 units)']",Handle after higher-priority leads,Medium,Micro,10885.81,19
1844,280,24.1,0.24142926096139175,Low,"['Critical urgency', 'Repeat buyer with 0 previous orders', 'Large buyer']",Handle after higher-priority leads,Critical,Large,10515.58,8
1811,641,24.1,0.24100698356938513,Low,"['High urgency', 'Repeat buyer with 1 previous orders', 'High inquiry value (₹35,311)', 'Large quantity (17 units)']",Handle after higher-priority leads,High,Small,35311.05,17
839,785,24.1,0.24141572682064763,Low,"['Repeat buyer with 3 previous orders', 'Large quantity (13 units)', 'Strong seller rating (4.8)']",Handle after higher-priority leads,Medium,Small,12269.98,13
3716,313,24.1,0.24078657100532352,Low,"['Repeat buyer with 2 previous orders', 'Large quantity (11 units)']",Handle after higher-priority leads,Medium,Small,8491.98,11
1564,609,24.1,0.24142926096139175,Low,"['Critical urgency', 'Repeat buyer with 0 previous orders', 'Large buyer']",Handle after higher-priority leads,Critical,Large,5260.57,6
2255,457,24.0,0.2403407697912495,Low,"['Repeat buyer with 3 previous orders', 'Large quantity (15 units)', 'Strong seller rating (4.7)']",Handle after higher-priority leads,Medium,Medium,11004.29,15
4266,459,24.0,0.23995514864666226,Low,"['Repeat buyer with 1 previous orders', 'Enterprise buyer', 'High inquiry value (₹20,548)', 'Large quantity (11 units)']",Handle after higher-priority leads,Medium,Enterprise,20548.46,11
1548,350,24.0,0.23966065951953797,Low,"['Repeat buyer with 3 previous orders', 'Strong seller rating (4.5)']",Handle after higher-priority leads,Medium,Medium,5001.78,7
49,604,24.0,0.2401747885770628,Low,"['Repeat buyer with 2 previous orders', 'High inquiry value (₹23,543)', 'Large quantity (11 units)']",Handle after higher-priority leads,Medium,Medium,23543.35,11
2854,860,24.0,0.2400065750130989,Low,"['Repeat buyer with 3 previous orders', 'Large quantity (12 units)', 'Strong seller rating (4.8)']",Handle after higher-priority leads,Medium,Medium,12266.25,12
2525,267,24.0,0.23995514864666226,Low,"['Repeat buyer with 1 previous orders', 'Enterprise buyer', 'Large quantity (14 units)']",Handle after higher-priority leads,Medium,Enterprise,19616.51,14
371,150,24.0,0.24025883200417666,Low,"['Critical urgency', 'Repeat buyer with 0 previous orders', 'Large buyer', 'Large quantity (15 units)']",Handle after higher-priority leads,Critical,Large,15582.88,15
111,61,24.0,0.24015791340663498,Low,"['Repeat buyer with 1 previous orders', 'Enterprise buyer']",Handle after higher-priority leads,Medium,Enterprise,18497.59,9
3722,509,23.9,0.23876324635743576,Low,"['Critical urgency', 'Repeat buyer with 0 previous orders', 'Large quantity (11 units)', 'Strong seller rating (5.0)']",Handle after higher-priority leads,Critical,Small,6804.42,11
2675,635,23.9,0.2391125799312007,Low,"['Repeat buyer with 1 previous orders', 'Enterprise buyer', 'High inquiry value (₹32,006)', 'Large quantity (15 units)']",Handle after higher-priority leads,Medium,Enterprise,32006.49,15
2135,710,23.9,0.2387513974362665,Low,"['Critical urgency', 'Repeat buyer with 0 previous orders', 'Large buyer', 'Large quantity (12 units)']",Handle after higher-priority leads,Critical,Large,11890.6,12
1119,146,23.9,0.239191572129595,Low,"['Repeat buyer with 2 previous orders', 'High inquiry value (₹37,702)', 'Large quantity (16 units)']",Handle after higher-priority leads,Medium,Micro,37701.89,16
1608,888,23.9,0.2393337084942985,Low,"['Repeat buyer with 4 previous orders', 'High inquiry value (₹38,664)', 'Large quantity (16 units)']",Handle after higher-priority leads,Medium,Micro,38664.19,16
1743,806,23.9,0.23867014862900074,Low,"['Repeat buyer with 3 previous orders', 'Large quantity (12 units)', 'Strong seller rating (4.9)']",Handle after higher-priority leads,Medium,Medium,12120.32,12
3280,945,23.9,0.23867081278991037,Low,"['Repeat buyer with 4 previous orders', 'Large quantity (10 units)']",Handle after higher-priority leads,Medium,Micro,16641.45,10
1960,510,23.9,0.2386436064121941,Low,"['Repeat buyer with 2 previous orders', 'Large quantity (13 units)']",Handle after higher-priority leads,Medium,Medium,12792.37,13
2004,116,23.8,0.23804590274465112,Low,"['Repeat buyer with 2 previous orders', 'Large quantity (16 units)']",Handle after higher-priority leads,Medium,Medium,12016.8,16
635,673,23.8,0.23763170651855792,Low,"['Repeat buyer with 2 previous orders', 'High inquiry value (₹40,360)', 'Large quantity (19 units)']",Handle after higher-priority leads,Medium,Small,40359.76,19
2605,829,23.8,0.23804590274465112,Low,['Repeat buyer with 3 previous orders'],Handle after higher-priority leads,Medium,Medium,4086.11,7
3340,253,23.8,0.23792891449688036,Low,"['Repeat buyer with 2 previous orders', 'High inquiry value (₹22,690)', 'Large quantity (10 units)']",Handle after higher-priority leads,Medium,Medium,22689.99,10
1637,721,23.8,0.23783203637947034,Low,"['Critical urgency', 'Repeat buyer with 0 previous orders', 'High inquiry value (₹27,650)', 'Large quantity (16 units)']",Handle after higher-priority leads,Critical,Medium,27650.16,16
1435,241,23.8,0.23766888950109608,Low,"['Repeat buyer with 2 previous orders', 'Enterprise buyer', 'Large quantity (17 units)']",Handle after higher-priority leads,Medium,Enterprise,11971.65,17
2785,242,23.8,0.23792891449688036,Low,"['Repeat buyer with 2 previous orders', 'High inquiry value (₹38,375)', 'Large quantity (15 units)']",Handle after higher-priority leads,Medium,Small,38374.76,15
899,651,23.8,0.23792891449688036,Low,"['Repeat buyer with 2 previous orders', 'Large quantity (16 units)']",Handle after higher-priority leads,Medium,Medium,10802.91,16
3511,974,23.8,0.23792891449688036,Low,"['Repeat buyer with 3 previous orders', 'High inquiry value (₹27,144)', 'Large quantity (15 units)']",Handle after higher-priority leads,Medium,Micro,27144.12,15
2417,43,23.8,0.23804590274465112,Low,"['Repeat buyer with 3 previous orders', 'Large quantity (15 units)']",Handle after higher-priority leads,Medium,Small,15509.94,15
122,275,23.8,0.23804590274465112,Low,['Repeat buyer with 2 previous orders'],Handle after higher-priority leads,Medium,Small,16021.81,9
1815,270,23.8,0.2377218144795184,Low,"['High urgency', 'Repeat buyer with 0 previous orders', 'Enterprise buyer', 'High inquiry value (₹31,025)']",Handle after higher-priority leads,High,Enterprise,31024.79,11
1678,522,23.7,0.23660781379392135,Low,"['Repeat buyer with 2 previous orders', 'Large quantity (13 units)']",Handle after higher-priority leads,Medium,Small,19081.57,13
2872,360,23.7,0.23717407475804925,Low,"['Critical urgency', 'Repeat buyer with 0 previous orders', 'Large buyer', 'High inquiry value (₹34,632)']",Handle after higher-priority leads,Critical,Large,34631.52,13
3906,174,23.7,0.23682891722127694,Low,"['High urgency', 'Repeat buyer with 0 previous orders', 'Enterprise buyer', 'High inquiry value (₹39,904)']",Handle after higher-priority leads,High,Enterprise,39903.62,16
3549,866,23.7,0.23727289818987887,Low,"['High urgency', 'Repeat buyer with 1 previous orders', 'Large quantity (10 units)', 'Strong seller rating (4.6)']",Handle after higher-priority leads,High,Medium,10555.18,10
1060,320,23.7,0.2369288072636061,Low,"['Repeat buyer with 3 previous orders', 'High inquiry value (₹26,302)', 'Large quantity (17 units)', 'Strong seller rating (5.0)']",Handle after higher-priority leads,Medium,Small,26301.87,17
1632,465,23.7,0.2369288072636061,Low,"['Repeat buyer with 2 previous orders', 'High inquiry value (₹38,773)', 'Large quantity (16 units)']",Handle after higher-priority leads,Medium,Small,38772.55,16
4010,764,23.7,0.23684747735053802,Low,"['Repeat buyer with 1 previous orders', 'Enterprise buyer', 'Strong seller rating (4.6)']",Handle after higher-priority leads,Medium,Enterprise,14903.94,7
314,533,23.6,0.2356124236202132,Low,"['High urgency', 'Repeat buyer with 1 previous orders']",Handle after higher-priority leads,High,Small,13395.1,5
4659,718,23.6,0.2364939794420199,Low,"['Repeat buyer with 2 previous orders', 'Large buyer', 'Large quantity (14 units)']",Handle after higher-priority leads,Medium,Large,6259.44,14
2422,927,23.6,0.2361718690793095,Low,"['Critical urgency', 'Repeat buyer with 0 previous orders', 'Large quantity (12 units)']",Handle after higher-priority leads,Critical,Micro,17657.75,12
3110,834,23.6,0.2361382042780765,Low,"['High urgency', 'Repeat buyer with 1 previous orders', 'Large quantity (10 units)']",Handle after higher-priority leads,High,Micro,13696.07,10
3030,781,23.6,0.23567007169164578,Low,"['Repeat buyer with 2 previous orders', 'Large buyer', 'Large quantity (15 units)']",Handle after higher-priority leads,Medium,Large,6383.82,15
19,517,23.6,0.23571614954570552,Low,"['Critical urgency', 'Repeat buyer with 0 previous orders', 'Large quantity (11 units)']",Handle after higher-priority leads,Critical,Small,15818.02,11
2735,471,23.6,0.23608762296562477,Low,"['Repeat buyer with 2 previous orders', 'Enterprise buyer', 'Large quantity (12 units)']",Handle after higher-priority leads,Medium,Enterprise,6681.08,12
4476,403,23.6,0.23567229166407297,Low,"['Critical urgency', 'Repeat buyer with 0 previous orders', 'High inquiry value (₹24,042)', 'Large quantity (18 units)']",Handle after higher-priority leads,Critical,Micro,24041.51,18
4484,14,23.6,0.23639474632967508,Low,"['Repeat buyer with 2 previous orders', 'High inquiry value (₹26,239)', 'Large quantity (16 units)']",Handle after higher-priority leads,Medium,Medium,26239.03,16
3648,176,23.6,0.2360430557796973,Low,"['Repeat buyer with 3 previous orders', 'Large quantity (10 units)']",Handle after higher-priority leads,Medium,Small,13627.88,10
2201,538,23.6,0.2360430557796973,Low,"['Repeat buyer with 3 previous orders', 'Large quantity (19 units)']",Handle after higher-priority leads,Medium,Small,18087.0,19
692,184,23.6,0.2360430557796973,Low,"['Repeat buyer with 3 previous orders', 'High inquiry value (₹32,268)', 'Large quantity (15 units)']",Handle after higher-priority leads,Medium,Medium,32268.24,15
638,196,23.6,0.23639474632967508,Low,"['Repeat buyer with 3 previous orders', 'High inquiry value (₹37,644)', 'Large quantity (16 units)']",Handle after higher-priority leads,Medium,Small,37643.98,16
3401,69,23.6,0.23639474632967508,Low,"['Repeat buyer with 2 previous orders', 'High inquiry value (₹27,740)', 'Large quantity (13 units)']",Handle after higher-priority leads,Medium,Medium,27739.89,13
1823,74,23.5,0.23499123426477325,Low,"['Repeat buyer with 1 previous orders', 'Large buyer', 'High inquiry value (₹25,857)', 'Large quantity (12 units)']",Handle after higher-priority leads,Medium,Large,25856.97,12
1608,4,23.5,0.23457428980554143,Low,"['Repeat buyer with 3 previous orders', 'Enterprise buyer', 'High inquiry value (₹44,342)', 'Large quantity (14 units)']",Handle after higher-priority leads,Medium,Enterprise,44342.27,14
3703,968,23.5,0.23513295386574504,Low,"['High urgency', 'Repeat buyer with 1 previous orders', 'High inquiry value (₹21,469)', 'Large quantity (16 units)']",Handle after higher-priority leads,High,Medium,21469.38,16
1035,453,23.5,0.23539909583384885,Low,"['Repeat buyer with 2 previous orders', 'High inquiry value (₹36,894)', 'Large quantity (13 units)']",Handle after higher-priority leads,Medium,Micro,36894.14,13
3212,18,23.5,0.23459660589743436,Low,"['Repeat buyer with 2 previous orders', 'Large quantity (13 units)']",Handle after higher-priority leads,Medium,Small,17782.16,13
3851,957,23.5,0.23459460027443363,Low,"['Repeat buyer with 2 previous orders', 'Large buyer', 'High inquiry value (₹21,449)', 'Large quantity (16 units)']",Handle after higher-priority leads,Medium,Large,21449.47,16
2824,632,23.5,0.23464468667723132,Low,"['Critical urgency', 'Repeat buyer with 0 previous orders', 'Large quantity (11 units)']",Handle after higher-priority leads,Critical,Small,5435.26,11
4608,217,23.5,0.23501435478549693,Low,"['Critical urgency', 'Repeat buyer with 0 previous orders', 'Enterprise buyer', 'Large quantity (13 units)']",Handle after higher-priority leads,Critical,Enterprise,6689.75,13
516,964,23.5,0.23531592247259445,Low,"['Repeat buyer with 2 previous orders', 'High inquiry value (₹26,840)', 'Large quantity (14 units)']",Handle after higher-priority leads,Medium,Micro,26839.65,14
1186,889,23.5,0.23519366660109828,Low,"['Repeat buyer with 1 previous orders', 'Enterprise buyer', 'Strong seller rating (4.5)']",Handle after higher-priority leads,Medium,Enterprise,12881.58,8
541,95,23.5,0.23519366660109828,Low,"['Repeat buyer with 1 previous orders', 'Enterprise buyer', 'Large quantity (10 units)']",Handle after higher-priority leads,Medium,Enterprise,19171.39,10
3337,273,23.5,0.23519366660109828,Low,"['Repeat buyer with 1 previous orders', 'Enterprise buyer', 'Large quantity (13 units)', 'Strong seller rating (4.7)']",Handle after higher-priority leads,Medium,Enterprise,11639.37,13
1500,182,23.5,0.23519366660109828,Low,"['Repeat buyer with 1 previous orders', 'Enterprise buyer', 'Large quantity (16 units)']",Handle after higher-priority leads,Medium,Enterprise,13383.43,16
1688,438,23.4,0.23429084150020607,Low,"['Critical urgency', 'Repeat buyer with 0 previous orders', 'High inquiry value (₹31,615)', 'Large quantity (26 units)']",Handle after higher-priority leads,Critical,Micro,31614.96,26
2673,733,23.4,0.23374799807941093,Low,"['High urgency', 'Repeat buyer with 1 previous orders', 'High inquiry value (₹52,564)', 'Large quantity (20 units)']",Handle after higher-priority leads,High,Small,52563.91,20
1935,707,23.4,0.234477544743536,Low,"['Repeat buyer with 2 previous orders', 'Large buyer', 'High inquiry value (₹25,918)', 'Large quantity (13 units)']",Handle after higher-priority leads,Medium,Large,25918.0,13
3122,642,23.4,0.23407346645879348,Low,"['High urgency', 'Repeat buyer with 0 previous orders', 'Enterprise buyer', 'High inquiry value (₹28,650)']",Handle after higher-priority leads,High,Enterprise,28650.12,11
936,410,23.4,0.23355216815080948,Low,"['High urgency', 'Repeat buyer with 1 previous orders', 'Large quantity (13 units)']",Handle after higher-priority leads,High,Small,9080.25,13
15,691,23.4,0.2338174297937074,Low,['Repeat buyer with 2 previous orders'],Handle after higher-priority leads,Medium,Small,7591.94,9
1075,92,23.4,0.23362484486343615,Low,"['High urgency', 'Repeat buyer with 1 previous orders', 'Large quantity (12 units)']",Handle after higher-priority leads,High,Medium,19042.85,12
1562,5,23.4,0.2339479348656038,Low,"['Repeat buyer with 2 previous orders', 'Large buyer', 'Large quantity (16 units)']",Handle after higher-priority leads,Medium,Large,8169.31,16
2797,137,23.4,0.23448612452502846,Low,"['Repeat buyer with 1 previous orders', 'Enterprise buyer', 'Large quantity (15 units)', 'Strong seller rating (4.6)']",Handle after higher-priority leads,Medium,Enterprise,11508.25,15
2436,931,23.4,0.23448612452502846,Low,"['Repeat buyer with 1 previous orders', 'Enterprise buyer', 'Large quantity (11 units)']",Handle after higher-priority leads,Medium,Enterprise,14297.73,11
4890,536,23.4,0.23407346645879348,Low,"['High urgency', 'Repeat buyer with 0 previous orders', 'Enterprise buyer', 'High inquiry value (₹28,143)']",Handle after higher-priority leads,High,Enterprise,28142.71,11
3939,52,23.4,0.2336491563303261,Low,"['High urgency', 'Repeat buyer with 1 previous orders', 'Large quantity (15 units)']",Handle after higher-priority leads,High,Small,10516.21,15
2267,536,23.4,0.23378712480428981,Low,"['Repeat buyer with 2 previous orders', 'Large buyer', 'Large quantity (12 units)']",Handle after higher-priority leads,Medium,Large,14389.63,12
4629,177,23.4,0.23362484486343615,Low,"['High urgency', 'Repeat buyer with 1 previous orders', 'High inquiry value (₹21,864)', 'Large quantity (15 units)']",Handle after higher-priority leads,High,Small,21863.73,15
3459,609,23.4,0.23376911182510884,Low,"['High urgency', 'Repeat buyer with 0 previous orders', 'Large buyer', 'Large quantity (11 units)']",Handle after higher-priority leads,High,Large,9712.12,11
1139,69,23.3,0.23343417675057915,Low,"['High urgency', 'Repeat buyer with 1 previous orders', 'Large quantity (15 units)']",Handle after higher-priority leads,High,Small,11197.39,15
2485,261,23.3,0.23268307291317253,Low,"['Repeat buyer with 2 previous orders', 'Large buyer', 'Large quantity (15 units)']",Handle after higher-priority leads,Medium,Large,19557.22,15
2604,932,23.3,0.23333480794090075,Low,"['High urgency', 'Repeat buyer with 1 previous orders', 'Large quantity (18 units)']",Handle after higher-priority leads,High,Medium,18238.18,18
764,142,23.3,0.23343912420301202,Low,"['Critical urgency', 'Repeat buyer with 0 previous orders']",Handle after higher-priority leads,Critical,Medium,17795.94,9
2991,213,23.3,0.2331306005700014,Low,"['Repeat buyer with 4 previous orders', 'Enterprise buyer', 'High inquiry value (₹37,909)', 'Large quantity (17 units)']",Handle after higher-priority leads,Medium,Enterprise,37908.6,17
1918,179,23.3,0.2325354547694525,Low,"['Repeat buyer with 1 previous orders', 'Enterprise buyer', 'High inquiry value (₹23,691)', 'Large quantity (17 units)']",Handle after higher-priority leads,Medium,Enterprise,23690.94,17
1272,982,23.3,0.23253344352163438,Low,"['Repeat buyer with 2 previous orders', 'Large quantity (14 units)']",Handle after higher-priority leads,Medium,Micro,17226.59,14
2633,460,23.3,0.23250012938577613,Low,"['Repeat buyer with 1 previous orders', 'Enterprise buyer', 'Large quantity (15 units)']",Handle after higher-priority leads,Medium,Enterprise,16784.05,15
3887,928,23.3,0.23253344352163438,Low,['Repeat buyer with 2 previous orders'],Handle after higher-priority leads,Medium,Small,11247.71,7
1771,839,23.3,0.23305393677174352,Low,"['High urgency', 'Repeat buyer with 0 previous orders', 'Large buyer', 'High inquiry value (₹25,635)']",Handle after higher-priority leads,High,Large,25634.93,13
984,492,23.3,0.23253854622078077,Low,"['Repeat buyer with 2 previous orders', 'Strong seller rating (4.6)']",Handle after higher-priority leads,Medium,Medium,11824.24,7
2363,102,23.3,0.23305526706038734,Low,"['High urgency', 'Repeat buyer with 0 previous orders', 'Enterprise buyer', 'Large quantity (14 units)']",Handle after higher-priority leads,High,Enterprise,18949.65,14
1472,17,23.3,0.2325211328004266,Low,"['Repeat buyer with 2 previous orders', 'Enterprise buyer', 'Large quantity (17 units)']",Handle after higher-priority leads,Medium,Enterprise,12872.25,17
2832,268,23.2,0.23198493015676344,Low,"['High urgency', 'Repeat buyer with 0 previous orders', 'Large quantity (10 units)', 'Strong seller rating (5.0)']",Handle after higher-priority leads,High,Medium,19797.34,10
3565,50,23.2,0.2324002210293139,Low,"['High urgency', 'Repeat buyer with 1 previous orders', 'High inquiry value (₹37,122)', 'Large quantity (20 units)']",Handle after higher-priority leads,High,Medium,37121.78,20
4320,4,23.2,0.2315157123134613,Low,"['Critical urgency', 'Repeat buyer with 0 previous orders', 'High inquiry value (₹34,845)', 'Large quantity (12 units)']",Handle after higher-priority leads,Critical,Micro,34844.7,12
1925,989,23.2,0.23182453603204936,Low,"['Repeat buyer with 3 previous orders', 'Enterprise buyer', 'Large quantity (11 units)']",Handle after higher-priority leads,Medium,Enterprise,17291.84,11
2485,313,23.2,0.2324693714488155,Low,"['Repeat buyer with 3 previous orders', 'High inquiry value (₹26,598)', 'Large quantity (14 units)']",Handle after higher-priority leads,Medium,Micro,26598.05,14
1648,538,23.2,0.2315157123134613,Low,"['Critical urgency', 'Repeat buyer with 0 previous orders', 'High inquiry value (₹32,585)', 'Large quantity (13 units)']",Handle after higher-priority leads,Critical,Small,32585.27,13
597,232,23.2,0.23184007875524318,Low,"['Repeat buyer with 2 previous orders', 'Large buyer', 'Large quantity (11 units)']",Handle after higher-priority leads,Medium,Large,14337.42,11
782,996,23.2,0.2318122825685995,Low,"['Critical urgency', 'Repeat buyer with 0 previous orders', 'Large quantity (11 units)']",Handle after higher-priority leads,Critical,Medium,9946.72,11
3738,719,23.2,0.2317143042167027,Low,"['Repeat buyer with 2 previous orders', 'High inquiry value (₹34,854)', 'Large quantity (16 units)']",Handle after higher-priority leads,Medium,Medium,34854.49,16
4799,36,23.2,0.2317143042167027,Low,"['Repeat buyer with 3 previous orders', 'High inquiry value (₹33,890)', 'Large quantity (14 units)']",Handle after higher-priority leads,Medium,Medium,33890.37,14
2002,809,23.2,0.23186243429593678,Low,"['Critical urgency', 'Repeat buyer with 0 previous orders', 'High inquiry value (₹35,091)', 'Large quantity (15 units)']",Handle after higher-priority leads,Critical,Medium,35090.76,15
3540,170,23.1,0.23087400927643076,Low,"['Repeat buyer with 3 previous orders', 'High inquiry value (₹28,543)', 'Large quantity (10 units)']",Handle after higher-priority leads,Medium,Micro,28542.59,10
1431,348,23.1,0.23061624161877267,Low,"['Repeat buyer with 3 previous orders', 'Large buyer']",Handle after higher-priority leads,Medium,Large,11446.6,7
3448,56,23.1,0.2310369255556816,Low,"['Repeat buyer with 1 previous orders', 'Large buyer', 'High inquiry value (₹27,365)', 'Large quantity (16 units)']",Handle after higher-priority leads,Medium,Large,27364.91,16
712,268,23.1,0.2305859129931809,Low,"['Repeat buyer with 2 previous orders', 'Large quantity (16 units)']",Handle after higher-priority leads,Medium,Medium,15855.8,16
3005,597,23.1,0.23079570635849375,Low,"['Repeat buyer with 1 previous orders', 'Enterprise buyer', 'Large quantity (11 units)']",Handle after higher-priority leads,Medium,Enterprise,12816.4,11
1974,263,23.1,0.2305859129931809,Low,"['Repeat buyer with 2 previous orders', 'Large quantity (19 units)']",Handle after higher-priority leads,Medium,Small,12307.44,19
4658,345,23.1,0.23102574819217922,Low,"['Repeat buyer with 3 previous orders', 'High inquiry value (₹21,350)', 'Large quantity (11 units)']",Handle after higher-priority leads,Medium,Micro,21350.2,11
2967,522,23.1,0.23054104290485153,Low,"['Repeat buyer with 2 previous orders', 'Large buyer']",Handle after higher-priority leads,Medium,Large,12321.73,8
7,639,23.0,0.2300235713628715,Low,"['High urgency', 'Repeat buyer with 1 previous orders', 'High inquiry value (₹20,309)', 'Large quantity (10 units)']",Handle after higher-priority leads,High,Medium,20309.17,10
4923,818,23.0,0.22964332793400744,Low,"['Repeat buyer with 2 previous orders', 'Large buyer', 'Large quantity (11 units)']",Handle after higher-priority leads,Medium,Large,12621.53,11
1762,244,23.0,0.23000669684279149,Low,"['Repeat buyer with 2 previous orders', 'Large buyer', 'High inquiry value (₹32,739)', 'Large quantity (13 units)']",Handle after higher-priority leads,Medium,Large,32738.74,13
3212,347,23.0,0.22963122926328114,Low,"['Repeat buyer with 1 previous orders', 'Enterprise buyer']",Handle after higher-priority leads,Medium,Enterprise,17785.56,8
2200,617,23.0,0.23034732615314768,Low,"['Repeat buyer with 2 previous orders', 'Large quantity (13 units)']",Handle after higher-priority leads,Medium,Small,17257.78,13
4529,485,23.0,0.22982522731164726,Low,"['Repeat buyer with 1 previous orders', 'Enterprise buyer']",Handle after higher-priority leads,Medium,Enterprise,15409.71,8
4510,893,23.0,0.23029265544032831,Low,"['Repeat buyer with 4 previous orders', 'Large quantity (18 units)']",Handle after higher-priority leads,Medium,Small,15353.05,18
4575,950,23.0,0.23010090348302126,Low,"['High urgency', 'Repeat buyer with 1 previous orders', 'High inquiry value (₹33,313)', 'Large quantity (11 units)']",Handle after higher-priority leads,High,Medium,33313.47,11
2642,89,23.0,0.2302654796695015,Low,"['Repeat buyer with 2 previous orders', 'Large buyer']",Handle after higher-priority leads,Medium,Large,10875.05,9
2255,224,23.0,0.2296161677479895,Low,"['Repeat buyer with 3 previous orders', 'Large buyer', 'High inquiry value (₹25,794)']",Handle after higher-priority leads,Medium,Large,25793.7,9
1269,437,23.0,0.22997775302468673,Low,"['High urgency', 'Repeat buyer with 1 previous orders', 'Large quantity (14 units)']",Handle after higher-priority leads,High,Small,15495.67,14
3287,559,23.0,0.2296161677479895,Low,"['Repeat buyer with 2 previous orders', 'Large buyer', 'Large quantity (10 units)']",Handle after higher-priority leads,Medium,Large,12420.83,10
1003,580,23.0,0.23048029892034966,Low,"['Repeat buyer with 1 previous orders', 'Enterprise buyer', 'Large quantity (13 units)']",Handle after higher-priority leads,Medium,Enterprise,13310.4,13
3817,213,23.0,0.23002737780046,Low,"['Repeat buyer with 2 previous orders', 'High inquiry value (₹21,398)', 'Large quantity (11 units)']",Handle after higher-priority leads,Medium,Medium,21397.6,11
2204,199,23.0,0.22954619730334666,Low,"['High urgency', 'Repeat buyer with 0 previous orders', 'Enterprise buyer', 'Large quantity (13 units)']",Handle after higher-priority leads,High,Enterprise,11187.2,13
4697,732,23.0,0.23000232339805737,Low,"['Repeat buyer with 2 previous orders', 'Large quantity (12 units)']",Handle after higher-priority leads,Medium,Medium,18430.26,12
635,232,23.0,0.23000669684279149,Low,"['Repeat buyer with 3 previous orders', 'Large buyer', 'High inquiry value (₹23,442)', 'Large quantity (12 units)']",Handle after higher-priority leads,Medium,Large,23441.77,12
3581,404,23.0,0.22995167879946213,Low,"['High urgency', 'Repeat buyer with 1 previous orders', 'Large quantity (16 units)']",Handle after higher-priority leads,High,Medium,13999.93,16
2608,868,23.0,0.229843216789348,Low,"['High urgency', 'Repeat buyer with 1 previous orders', 'Large quantity (21 units)']",Handle after higher-priority leads,High,Small,9196.5,21
1865,594,23.0,0.22978267610895114,Low,"['Repeat buyer with 1 previous orders', 'Enterprise buyer', 'Large quantity (11 units)']",Handle after higher-priority leads,Medium,Enterprise,16218.82,11
4591,872,22.9,0.22872487279976744,Low,"['Critical urgency', 'Repeat buyer with 0 previous orders', 'High inquiry value (₹21,452)', 'Large quantity (12 units)']",Handle after higher-priority leads,Critical,Small,21452.38,12
2200,459,22.9,0.22897917443216387,Low,"['High urgency', 'Repeat buyer with 0 previous orders', 'Large buyer', 'Large quantity (13 units)']",Handle after higher-priority leads,High,Large,6396.64,13
245,467,22.9,0.22872487279976744,Low,"['Critical urgency', 'Repeat buyer with 0 previous orders', 'Large quantity (15 units)']",Handle after higher-priority leads,Critical,Small,18978.8,15
3699,29,22.9,0.22897917443216387,Low,"['High urgency', 'Repeat buyer with 0 previous orders', 'Large buyer', 'High inquiry value (₹27,407)']",Handle after higher-priority leads,High,Large,27406.88,12
3676,481,22.9,0.22889022589130897,Low,"['Repeat buyer with 1 previous orders', 'Enterprise buyer', 'High inquiry value (₹20,493)']",Handle after higher-priority leads,Medium,Enterprise,20493.29,8
1305,546,22.9,0.22872487279976744,Low,"['Critical urgency', 'Repeat buyer with 0 previous orders', 'High inquiry value (₹41,138)', 'Large quantity (16 units)']",Handle after higher-priority leads,Critical,Medium,41138.38,16
2088,147,22.9,0.22897917443216387,Low,"['High urgency', 'Repeat buyer with 0 previous orders', 'Large buyer', 'Large quantity (12 units)']",Handle after higher-priority leads,High,Large,19534.07,12
262,909,22.9,0.2293802017255523,Low,"['Repeat buyer with 1 previous orders', 'Large buyer', 'Large quantity (16 units)']",Handle after higher-priority leads,Medium,Large,19570.62,16
1996,401,22.9,0.22917050305563733,Low,"['Repeat buyer with 2 previous orders', 'Large buyer', 'Large quantity (16 units)']",Handle after higher-priority leads,Medium,Large,13120.19,16
4658,420,22.9,0.22904574494262778,Low,"['Repeat buyer with 3 previous orders', 'Large quantity (14 units)']",Handle after higher-priority leads,Medium,Medium,9973.04,14
1163,989,22.9,0.22897917443216387,Low,"['High urgency', 'Repeat buyer with 0 previous orders', 'Large buyer', 'High inquiry value (₹24,601)']",Handle after higher-priority leads,High,Large,24601.36,10
4520,297,22.9,0.22904574494262778,Low,"['Repeat buyer with 3 previous orders', 'Large quantity (12 units)']",Handle after higher-priority leads,Medium,Small,6084.03,12
4895,733,22.9,0.2290912906058131,Low,"['Repeat buyer with 3 previous orders', 'Enterprise buyer', 'Large quantity (12 units)']",Handle after higher-priority leads,Medium,Enterprise,6861.53,12
4049,285,22.9,0.22872487279976744,Low,"['Critical urgency', 'Repeat buyer with 0 previous orders', 'High inquiry value (₹27,525)', 'Large quantity (14 units)']",Handle after higher-priority leads,Critical,Small,27525.33,14
1915,201,22.8,0.2276346215733222,Low,"['Repeat buyer with 1 previous orders', 'Enterprise buyer']",Handle after higher-priority leads,Medium,Enterprise,15899.03,9
2715,809,22.8,0.2283120706970815,Low,"['Repeat buyer with 3 previous orders', 'Large quantity (14 units)']",Handle after higher-priority leads,Medium,Medium,11313.21,14
3996,448,22.8,0.2283571117694438,Low,"['Repeat buyer with 3 previous orders', 'Enterprise buyer']",Handle after higher-priority leads,Medium,Enterprise,13898.35,9
2340,710,22.8,0.2276815575870281,Low,"['Repeat buyer with 1 previous orders', 'Enterprise buyer', 'High inquiry value (₹22,497)', 'Large quantity (11 units)']",Handle after higher-priority leads,Medium,Enterprise,22496.52,11
3732,914,22.8,0.2279003202670816,Low,"['High urgency', 'Repeat buyer with 0 previous orders', 'Enterprise buyer', 'Large quantity (12 units)']",Handle after higher-priority leads,High,Enterprise,16584.63,12
4069,928,22.8,0.2276815575870281,Low,"['Repeat buyer with 1 previous orders', 'Enterprise buyer', 'High inquiry value (₹20,409)', 'Large quantity (12 units)']",Handle after higher-priority leads,Medium,Enterprise,20409.12,12
4434,89,22.8,0.2276815575870281,Low,"['Repeat buyer with 1 previous orders', 'Enterprise buyer', 'High inquiry value (₹38,060)', 'Large quantity (15 units)']",Handle after higher-priority leads,Medium,Enterprise,38059.83,15
1696,82,22.8,0.2283627617035073,Low,"['Repeat buyer with 2 previous orders', 'Large quantity (12 units)']",Handle after higher-priority leads,Medium,Micro,12370.69,12
3764,645,22.8,0.2281623174189534,Low,"['Critical urgency', 'Repeat buyer with 0 previous orders', 'Large quantity (10 units)']",Handle after higher-priority leads,Critical,Micro,10873.55,10
4410,821,22.8,0.2276815575870281,Low,"['Repeat buyer with 1 previous orders', 'Enterprise buyer', 'High inquiry value (₹52,828)', 'Large quantity (21 units)']",Handle after higher-priority leads,Medium,Enterprise,52828.06,21
1053,893,22.8,0.2282446938162905,Low,"['Critical urgency', 'Repeat buyer with 0 previous orders', 'Large quantity (14 units)']",Handle after higher-priority leads,Critical,Medium,13537.86,14
4625,233,22.8,0.22789801788840258,Low,"['Repeat buyer with 3 previous orders', 'Large quantity (17 units)']",Handle after higher-priority leads,Medium,Medium,16629.61,17
4594,344,22.8,0.2276815575870281,Low,"['Repeat buyer with 1 previous orders', 'Enterprise buyer', 'High inquiry value (₹22,702)', 'Large quantity (22 units)']",Handle after higher-priority leads,Medium,Enterprise,22701.71,22
4479,921,22.8,0.2276815575870281,Low,"['Repeat buyer with 1 previous orders', 'Enterprise buyer', 'High inquiry value (₹22,038)']",Handle after higher-priority leads,Medium,Enterprise,22038.09,9
4335,355,22.8,0.2282446938162905,Low,"['Critical urgency', 'Repeat buyer with 0 previous orders', 'High inquiry value (₹28,033)', 'Large quantity (15 units)']",Handle after higher-priority leads,Critical,Medium,28032.99,15
4478,117,22.8,0.22776669482917178,Low,"['High urgency', 'Repeat buyer with 0 previous orders', 'Large buyer', 'High inquiry value (₹23,965)']",Handle after higher-priority leads,High,Large,23965.19,21
2866,488,22.7,0.22741818191587454,Low,"['Repeat buyer with 1 previous orders', 'Large quantity (13 units)']",Handle after higher-priority leads,Medium,Medium,19453.89,13
2922,733,22.7,0.2271648667922135,Low,"['High urgency', 'Repeat buyer with 1 previous orders']",Handle after higher-priority leads,High,Small,13997.11,9
839,640,22.7,0.22698990723874524,Low,"['Repeat buyer with 1 previous orders', 'Enterprise buyer', 'High inquiry value (₹26,590)', 'Large quantity (14 units)']",Handle after higher-priority leads,Medium,Enterprise,26589.77,14
4523,592,22.7,0.2272366064954219,Low,"['Repeat buyer with 1 previous orders', 'Enterprise buyer', 'Large quantity (12 units)']",Handle after higher-priority leads,Medium,Enterprise,11124.15,12
3186,349,22.7,0.227351320061951,Low,"['High urgency', 'Repeat buyer with 0 previous orders', 'Enterprise buyer', 'High inquiry value (₹28,567)']",Handle after higher-priority leads,High,Enterprise,28566.7,14
87,291,22.7,0.22698990723874524,Low,"['Repeat buyer with 1 previous orders', 'Enterprise buyer', 'High inquiry value (₹43,174)', 'Large quantity (21 units)']",Handle after higher-priority leads,Medium,Enterprise,43173.53,21
2202,917,22.7,0.22696463358364435,Low,"['Repeat buyer with 2 previous orders', 'Large buyer', 'Large quantity (10 units)']",Handle after higher-priority leads,Medium,Large,8052.99,10
2987,725,22.7,0.2265747040097324,Low,"['Repeat buyer with 2 previous orders', 'High inquiry value (₹48,768)', 'Large quantity (19 units)']",Handle after higher-priority leads,Medium,Small,48768.29,19
2261,782,22.7,0.22684921556678084,Low,"['High urgency', 'Repeat buyer with 0 previous orders', 'Large buyer', 'High inquiry value (₹22,228)']",Handle after higher-priority leads,High,Large,22227.86,11
2511,815,22.7,0.226572463745733,Low,"['Repeat buyer with 2 previous orders', 'Large quantity (14 units)', 'Strong seller rating (4.5)']",Handle after higher-priority leads,Medium,Small,16098.02,14
1145,47,22.6,0.22649816786359434,Low,"['Critical urgency', 'Repeat buyer with 0 previous orders']",Handle after higher-priority leads,Critical,Small,10384.84,8
2209,344,22.6,0.2264491270861099,Low,"['Repeat buyer with 1 previous orders', 'High inquiry value (₹26,535)', 'Large quantity (13 units)']",Handle after higher-priority leads,Medium,Small,26534.72,13
4667,493,22.6,0.22629411069554334,Low,"['Repeat buyer with 2 previous orders', 'Large buyer', 'High inquiry value (₹33,272)', 'Large quantity (18 units)']",Handle after higher-priority leads,Medium,Large,33271.9,18
2096,748,22.6,0.2258621505512505,Low,"['Critical urgency', 'Repeat buyer with 0 previous orders', 'High inquiry value (₹32,665)', 'Large quantity (14 units)']",Handle after higher-priority leads,Critical,Medium,32665.05,14
638,178,22.6,0.22629411069554334,Low,"['Repeat buyer with 3 previous orders', 'Large buyer', 'Large quantity (22 units)']",Handle after higher-priority leads,Medium,Large,9509.02,22
3493,260,22.6,0.22550718074713735,Low,"['Critical urgency', 'Repeat buyer with 0 previous orders']",Handle after higher-priority leads,Critical,Micro,5973.7,9
2765,742,22.6,0.22571680345539127,Low,"['High urgency', 'Repeat buyer with 1 previous orders', 'Large quantity (11 units)']",Handle after higher-priority leads,High,Small,17644.16,11
819,505,22.5,0.22548351353041396,Low,"['Repeat buyer with 2 previous orders', 'Large quantity (14 units)']",Handle after higher-priority leads,Medium,Small,17763.96,14
3284,372,22.5,0.22473268870846716,Low,"['High urgency', 'Repeat buyer with 0 previous orders', 'High inquiry value (₹22,636)', 'Large quantity (16 units)']",Handle after higher-priority leads,High,Medium,22635.94,16
2384,456,22.5,0.22539062201698734,Low,"['High urgency', 'Repeat buyer with 0 previous orders', 'Enterprise buyer', 'Large quantity (14 units)']",Handle after higher-priority leads,High,Enterprise,17288.46,14
397,926,22.5,0.22501714412206805,Low,"['High urgency', 'Repeat buyer with 0 previous orders', 'Enterprise buyer', 'Large quantity (10 units)']",Handle after higher-priority leads,High,Enterprise,9210.91,10
263,528,22.5,0.2251865835553307,Low,"['Repeat buyer with 3 previous orders', 'Large quantity (11 units)']",Handle after higher-priority leads,Medium,Medium,10799.1,11
769,144,22.5,0.2246375395274218,Low,"['Repeat buyer with 2 previous orders', 'Large quantity (13 units)']",Handle after higher-priority leads,Medium,Micro,19459.91,13
1166,8,22.5,0.22520260720173893,Low,"['Repeat buyer with 1 previous orders', 'Enterprise buyer', 'Large quantity (10 units)']",Handle after higher-priority leads,Medium,Enterprise,17757.82,10
3553,509,22.5,0.22453338925518476,Low,"['High urgency', 'Repeat buyer with 1 previous orders']",Handle after higher-priority leads,High,Medium,9295.68,9
3723,108,22.5,0.22504873684350188,Low,"['Repeat buyer with 1 previous orders', 'Enterprise buyer', 'High inquiry value (₹37,618)', 'Large quantity (19 units)']",Handle after higher-priority leads,Medium,Enterprise,37618.04,19
2540,441,22.5,0.2249795674598693,Low,"['Repeat buyer with 1 previous orders', 'High inquiry value (₹33,929)', 'Large quantity (13 units)', 'Strong seller rating (5.0)']",Handle after higher-priority leads,Medium,Medium,33928.95,13
2994,192,22.4,0.22389716325574585,Low,"['Repeat buyer with 1 previous orders', 'Large buyer', 'High inquiry value (₹34,168)', 'Large quantity (17 units)']",Handle after higher-priority leads,Medium,Large,34167.57,17
2687,847,22.4,0.22357870069243763,Low,"['Repeat buyer with 2 previous orders', 'High inquiry value (₹44,502)', 'Large quantity (17 units)']",Handle after higher-priority leads,Medium,Small,44501.81,17
536,750,22.4,0.2241902334523407,Low,"['High urgency', 'Repeat buyer with 0 previous orders', 'Enterprise buyer', 'High inquiry value (₹44,936)']",Handle after higher-priority leads,High,Enterprise,44935.9,19
257,798,22.4,0.22373231560692602,Low,"['Repeat buyer with 1 previous orders', 'Enterprise buyer', 'High inquiry value (₹34,494)', 'Large quantity (12 units)']",Handle after higher-priority leads,Medium,Enterprise,34493.89,12
3571,459,22.4,0.2241911712527237,Low,"['Repeat buyer with 2 previous orders', 'Enterprise buyer', 'Large quantity (12 units)']",Handle after higher-priority leads,Medium,Enterprise,10114.71,12
947,951,22.4,0.22371109275195233,Low,"['High urgency', 'Repeat buyer with 0 previous orders', 'Large buyer']",Handle after higher-priority leads,High,Large,10965.04,7
4737,326,22.3,0.22343437895600518,Low,"['Repeat buyer with 2 previous orders', 'High inquiry value (₹32,138)', 'Large quantity (17 units)']",Handle after higher-priority leads,Medium,Medium,32138.18,17
1742,267,22.3,0.22322693668385493,Low,"['High urgency', 'Repeat buyer with 0 previous orders', 'Large buyer', 'Strong seller rating (4.8)']",Handle after higher-priority leads,High,Large,10696.78,8
1741,954,22.3,0.22298862307125614,Low,"['Critical urgency', 'Repeat buyer with 0 previous orders', 'Large quantity (10 units)']",Handle after higher-priority leads,Critical,Small,13057.95,10
3962,648,22.3,0.22334234580004478,Low,"['Repeat buyer with 1 previous orders', 'Enterprise buyer', 'Large quantity (14 units)']",Handle after higher-priority leads,Medium,Enterprise,17387.54,14
2272,41,22.3,0.2228387416301938,Low,"['Repeat buyer with 4 previous orders', 'High inquiry value (₹38,967)', 'Large quantity (15 units)']",Handle after higher-priority leads,Medium,Small,38966.95,15
3471,757,22.3,0.2227823767316125,Low,"['High urgency', 'Repeat buyer with 1 previous orders', 'High inquiry value (₹46,675)', 'Large quantity (20 units)']",Handle after higher-priority leads,High,Medium,46675.31,20
2756,992,22.3,0.22286408522508971,Low,"['Critical urgency', 'Repeat buyer with 0 previous orders', 'Large quantity (15 units)']",Handle after higher-priority leads,Critical,Medium,10346.27,15
804,120,22.3,0.22346739722597894,Low,"['Repeat buyer with 2 previous orders', 'High inquiry value (₹30,692)', 'Large quantity (12 units)']",Handle after higher-priority leads,Medium,Small,30691.62,12
599,990,22.3,0.2232333475748094,Low,"['Repeat buyer with 1 previous orders', 'Enterprise buyer', 'Large quantity (14 units)']",Handle after higher-priority leads,Medium,Enterprise,13280.42,14
2830,832,22.3,0.2232333475748094,Low,"['Repeat buyer with 1 previous orders', 'Enterprise buyer', 'Large quantity (13 units)']",Handle after higher-priority leads,Medium,Enterprise,12886.92,13
3301,455,22.2,0.22200794210323863,Low,"['High urgency', 'Repeat buyer with 0 previous orders', 'Large buyer', 'High inquiry value (₹33,481)']",Handle after higher-priority leads,High,Large,33481.29,14
1947,615,22.2,0.22231763615332828,Low,"['Repeat buyer with 2 previous orders', 'Large buyer', 'High inquiry value (₹40,694)', 'Large quantity (15 units)']",Handle after higher-priority leads,Medium,Large,40694.17,15
4396,82,22.2,0.2223935523632393,Low,"['Repeat buyer with 2 previous orders', 'High inquiry value (₹40,230)', 'Large quantity (16 units)']",Handle after higher-priority leads,Medium,Small,40230.01,16
1704,89,22.2,0.22188364752751263,Low,"['Repeat buyer with 2 previous orders', 'Large quantity (14 units)']",Handle after higher-priority leads,Medium,Small,15958.5,14
848,903,22.2,0.2222915852942164,Low,"['Critical urgency', 'Repeat buyer with 0 previous orders', 'High inquiry value (₹26,371)', 'Large quantity (13 units)']",Handle after higher-priority leads,Critical,Micro,26370.86,13
4467,642,22.2,0.22183890702779738,Low,"['Repeat buyer with 1 previous orders', 'Large buyer', 'Large quantity (16 units)', 'Strong seller rating (4.6)']",Handle after higher-priority leads,Medium,Large,16640.99,16
2114,354,22.2,0.22203362934937276,Low,"['Critical urgency', 'Repeat buyer with 0 previous orders', 'High inquiry value (₹24,208)', 'Large quantity (11 units)']",Handle after higher-priority leads,Critical,Medium,24208.35,11
4318,39,22.2,0.22232720921537488,Low,"['High urgency', 'Repeat buyer with 0 previous orders', 'Enterprise buyer', 'High inquiry value (₹24,209)']",Handle after higher-priority leads,High,Enterprise,24208.55,13
4836,685,22.2,0.22231604740704364,Low,"['High urgency', 'Repeat buyer with 1 previous orders', 'High inquiry value (₹35,253)', 'Large quantity (17 units)']",Handle after higher-priority leads,High,Medium,35252.57,17
1923,857,22.2,0.22200794210323863,Low,"['High urgency', 'Repeat buyer with 0 previous orders', 'Large buyer', 'Large quantity (14 units)']",Handle after higher-priority leads,High,Large,15586.46,14
39,573,22.2,0.22176147324934384,Low,"['Critical urgency', 'Repeat buyer with 0 previous orders']",Handle after higher-priority leads,Critical,Medium,6859.62,7
1542,208,22.2,0.22225633791613025,Low,"['High urgency', 'Repeat buyer with 0 previous orders']",Handle after higher-priority leads,High,Micro,5892.49,6
2942,102,22.2,0.22243471723586966,Low,"['Repeat buyer with 1 previous orders', 'Enterprise buyer', 'High inquiry value (₹39,722)', 'Large quantity (14 units)']",Handle after higher-priority leads,Medium,Enterprise,39721.67,14
4754,548,22.1,0.22141296949260963,Low,"['High urgency', 'Repeat buyer with 1 previous orders', 'High inquiry value (₹22,974)', 'Large quantity (11 units)']",Handle after higher-priority leads,High,Medium,22974.32,11
985,728,22.1,0.22142864439615612,Low,"['Repeat buyer with 1 previous orders', 'Large buyer', 'High inquiry value (₹21,153)', 'Large quantity (18 units)']",Handle after higher-priority leads,Medium,Large,21152.68,18
255,395,22.1,0.2214645619012383,Low,"['Repeat buyer with 4 previous orders', 'High inquiry value (₹30,024)', 'Large quantity (14 units)']",Handle after higher-priority leads,Medium,Small,30024.38,14
3240,169,22.0,0.21953011413428886,Low,"['High urgency', 'Repeat buyer with 1 previous orders', 'Large quantity (10 units)']",Handle after higher-priority leads,High,Medium,15478.23,10
3707,493,22.0,0.22018152439080907,Low,"['High urgency', 'Repeat buyer with 0 previous orders', 'Enterprise buyer', 'Large quantity (14 units)']",Handle after higher-priority leads,High,Enterprise,13221.95,14
1799,480,22.0,0.21973388917351364,Low,"['Repeat buyer with 4 previous orders', 'Large buyer']",Handle after higher-priority leads,Medium,Large,4858.87,9
434,614,22.0,0.2203582046818813,Low,"['Repeat buyer with 3 previous orders', 'Large buyer']",Handle after higher-priority leads,Medium,Large,18887.67,9
1882,299,22.0,0.21988921143404772,Low,"['Repeat buyer with 2 previous orders', 'High inquiry value (₹21,150)', 'Large quantity (19 units)', 'Strong seller rating (4.5)']",Handle after higher-priority leads,Medium,Medium,21149.83,19
4243,551,22.0,0.22032028259883443,Low,"['High urgency', 'Repeat buyer with 1 previous orders', 'High inquiry value (₹23,787)', 'Large quantity (14 units)']",Handle after higher-priority leads,High,Medium,23787.13,14
1096,206,22.0,0.2198016261594888,Low,"['Repeat buyer with 3 previous orders', 'Large quantity (19 units)']",Handle after higher-priority leads,Medium,Medium,19232.92,19
2247,568,22.0,0.22006611029303236,Low,"['High urgency', 'Repeat buyer with 0 previous orders', 'Large buyer', 'Large quantity (14 units)']",Handle after higher-priority leads,High,Large,14185.36,14
3687,956,21.9,0.2189539861043821,Low,"['Repeat buyer with 1 previous orders', 'Large quantity (10 units)', 'Strong seller rating (4.8)']",Handle after higher-priority leads,Medium,Small,6004.12,10
4269,654,21.9,0.21871195703831525,Low,"['High urgency', 'Repeat buyer with 0 previous orders', 'High inquiry value (₹22,311)', 'Large quantity (15 units)']",Handle after higher-priority leads,High,Micro,22310.53,15
2539,180,21.9,0.2190359953863708,Low,"['Repeat buyer with 4 previous orders', 'High inquiry value (₹27,842)', 'Large quantity (16 units)']",Handle after higher-priority leads,Medium,Small,27842.35,16
3044,980,21.9,0.2189695109680712,Low,"['Repeat buyer with 3 previous orders', 'Large quantity (12 units)']",Handle after higher-priority leads,Medium,Medium,18420.9,12
620,451,21.9,0.21923901663309017,Low,"['Repeat buyer with 3 previous orders', 'High inquiry value (₹23,499)', 'Large quantity (13 units)']",Handle after higher-priority leads,Medium,Small,23498.91,13
3762,746,21.9,0.21878368200171183,Low,"['Repeat buyer with 1 previous orders', 'Enterprise buyer', 'High inquiry value (₹32,677)', 'Large quantity (12 units)']",Handle after higher-priority leads,Medium,Enterprise,32677.15,12
1348,881,21.8,0.21801216638248705,Low,"['Repeat buyer with 1 previous orders', 'Enterprise buyer', 'Large quantity (14 units)']",Handle after higher-priority leads,Medium,Enterprise,14350.56,14
151,476,21.8,0.21829022217855323,Low,['Repeat buyer with 2 previous orders'],Handle after higher-priority leads,Medium,Medium,13051.69,7
1678,565,21.8,0.2175499678027586,Low,"['Repeat buyer with 1 previous orders', 'Large buyer', 'Large quantity (13 units)', 'Strong seller rating (4.5)']",Handle after higher-priority leads,Medium,Large,9549.99,13
1901,524,21.8,0.21831989453049525,Low,"['Repeat buyer with 3 previous orders', 'High inquiry value (₹30,569)', 'Large quantity (12 units)']",Handle after higher-priority leads,Medium,Medium,30569.2,12
1996,761,21.7,0.21748933902656384,Low,"['Repeat buyer with 1 previous orders', 'Strong seller rating (4.7)']",Handle after higher-priority leads,Medium,Medium,16344.4,9
947,868,21.7,0.21746951607436982,Low,"['Repeat buyer with 1 previous orders', 'Enterprise buyer', 'Large quantity (18 units)']",Handle after higher-priority leads,Medium,Enterprise,9435.44,18
3343,899,21.7,0.21695418849653428,Low,"['Repeat buyer with 2 previous orders', 'Large buyer', 'Large quantity (10 units)']",Handle after higher-priority leads,Medium,Large,13422.04,10
4989,70,21.7,0.2166204052227287,Low,"['Repeat buyer with 3 previous orders', 'Large quantity (15 units)']",Handle after higher-priority leads,Medium,Medium,18421.72,15
1385,433,21.7,0.21685513660813918,Low,"['High urgency', 'Repeat buyer with 0 previous orders', 'Large buyer', 'Large quantity (10 units)']",Handle after higher-priority leads,High,Large,19679.87,10
1213,487,21.7,0.21683353276326156,Low,"['Repeat buyer with 3 previous orders', 'High inquiry value (₹31,466)', 'Large quantity (12 units)']",Handle after higher-priority leads,Medium,Small,31465.65,12
1074,723,21.7,0.21690531812773747,Low,"['Critical urgency', 'Repeat buyer with 0 previous orders', 'High inquiry value (₹43,552)', 'Large quantity (19 units)']",Handle after higher-priority leads,Critical,Medium,43552.39,19
1402,720,21.7,0.2174843610406951,Low,"['Critical urgency', 'Repeat buyer with 0 previous orders', 'High inquiry value (₹38,539)', 'Large quantity (16 units)']",Handle after higher-priority leads,Critical,Medium,38538.7,16
4810,698,21.6,0.21640638508374754,Low,"['Repeat buyer with 2 previous orders', 'Large quantity (11 units)']",Handle after higher-priority leads,Medium,Medium,15352.27,11
2112,104,21.6,0.21635450912085336,Low,"['Repeat buyer with 2 previous orders', 'Large quantity (14 units)']",Handle after higher-priority leads,Medium,Small,19977.36,14
4896,711,21.6,0.21639292574402255,Low,"['Repeat buyer with 1 previous orders', 'Large buyer', 'Large quantity (14 units)']",Handle after higher-priority leads,Medium,Large,14063.09,14
3518,113,21.6,0.21586541020625288,Low,"['High urgency', 'Repeat buyer with 0 previous orders', 'High inquiry value (₹29,636)', 'Large quantity (11 units)']",Handle after higher-priority leads,High,Micro,29635.84,11
4347,721,21.6,0.21590305346277203,Low,"['High urgency', 'Repeat buyer with 0 previous orders', 'Large buyer', 'Large quantity (11 units)']",Handle after higher-priority leads,High,Large,12174.27,11
2161,545,21.6,0.21640638508374754,Low,"['Repeat buyer with 2 previous orders', 'High inquiry value (₹24,070)', 'Large quantity (15 units)']",Handle after higher-priority leads,Medium,Small,24069.99,15
184,250,21.6,0.21565560054680982,Low,"['High urgency', 'Repeat buyer with 0 previous orders', 'Large buyer', 'Large quantity (12 units)']",Handle after higher-priority leads,High,Large,15204.95,12
108,581,21.6,0.21639292574402255,Low,"['Repeat buyer with 1 previous orders', 'Large buyer', 'High inquiry value (₹33,666)', 'Large quantity (16 units)']",Handle after higher-priority leads,Medium,Large,33666.08,16
2742,144,21.6,0.21640638508374754,Low,"['Repeat buyer with 2 previous orders', 'Large quantity (13 units)']",Handle after higher-priority leads,Medium,Small,13063.64,13
1118,49,21.6,0.21640638508374754,Low,"['Repeat buyer with 2 previous orders', 'Large quantity (10 units)']",Handle after higher-priority leads,Medium,Small,7657.54,10
2202,684,21.6,0.21560394282088727,Low,"['Repeat buyer with 1 previous orders', 'High inquiry value (₹27,455)', 'Large quantity (12 units)', 'Strong seller rating (4.7)']",Handle after higher-priority leads,Medium,Micro,27454.8,12
140,887,21.6,0.21592506457433486,Low,"['Repeat buyer with 1 previous orders', 'Large buyer', 'Large quantity (13 units)', 'Strong seller rating (4.5)']",Handle after higher-priority leads,Medium,Large,14590.61,13
148,325,21.6,0.21558590482049753,Low,"['High urgency', 'Repeat buyer with 0 previous orders', 'High inquiry value (₹43,774)', 'Large quantity (21 units)']",Handle after higher-priority leads,High,Medium,43774.17,21
2669,959,21.6,0.21592835837835334,Low,"['Repeat buyer with 1 previous orders', 'High inquiry value (₹22,132)', 'Large quantity (14 units)', 'Strong seller rating (4.9)']",Handle after higher-priority leads,Medium,Micro,22131.75,14
1323,345,21.6,0.21640638508374754,Low,"['Repeat buyer with 2 previous orders', 'High inquiry value (₹24,886)', 'Large quantity (14 units)']",Handle after higher-priority leads,Medium,Medium,24885.87,14
1101,956,21.6,0.21640638508374754,Low,"['Repeat buyer with 2 previous orders', 'High inquiry value (₹35,482)', 'Large quantity (14 units)']",Handle after higher-priority leads,Medium,Micro,35482.2,14
1058,376,21.5,0.21475656600778584,Low,"['Repeat buyer with 1 previous orders', 'High inquiry value (₹33,279)', 'Large quantity (12 units)']",Handle after higher-priority leads,Medium,Medium,33279.08,12
3118,535,21.5,0.21504892019835065,Low,['Repeat buyer with 3 previous orders'],Handle after higher-priority leads,Medium,Medium,12933.68,9
672,331,21.5,0.21504892019835065,Low,"['Repeat buyer with 2 previous orders', 'Large quantity (10 units)']",Handle after higher-priority leads,Medium,Small,10078.75,10
2660,194,21.5,0.21493877104942238,Low,"['Repeat buyer with 1 previous orders', 'High inquiry value (₹21,714)', 'Large quantity (14 units)', 'Strong seller rating (4.6)']",Handle after higher-priority leads,Medium,Small,21714.02,14
4819,587,21.5,0.21537935193095775,Low,"['High urgency', 'Repeat buyer with 0 previous orders', 'Large buyer', 'High inquiry value (₹32,422)']",Handle after higher-priority leads,High,Large,32422.37,17
3146,842,21.5,0.21505141020967786,Low,"['Repeat buyer with 1 previous orders', 'Enterprise buyer', 'Large quantity (11 units)']",Handle after higher-priority leads,Medium,Enterprise,7713.17,11
1852,40,21.5,0.21542160149283918,Low,"['Repeat buyer with 3 previous orders', 'High inquiry value (₹21,025)', 'Large quantity (15 units)']",Handle after higher-priority leads,Medium,Micro,21024.99,15
899,366,21.5,0.21502919579538257,Low,"['Repeat buyer with 4 previous orders', 'High inquiry value (₹30,062)', 'Large quantity (17 units)']",Handle after higher-priority leads,Medium,Small,30062.1,17
2519,485,21.5,0.2147426879148499,Low,"['Repeat buyer with 1 previous orders', 'Large buyer', 'Large quantity (23 units)', 'Strong seller rating (5.0)']",Handle after higher-priority leads,Medium,Large,17390.74,23
2411,310,21.4,0.21404775040089896,Low,['Repeat buyer with 2 previous orders'],Handle after higher-priority leads,Medium,Medium,8171.14,7
2554,270,21.4,0.21410041317666959,Low,"['Repeat buyer with 1 previous orders', 'Enterprise buyer', 'Large quantity (14 units)']",Handle after higher-priority leads,Medium,Enterprise,7130.53,14
4776,856,21.3,0.21309790272264373,Low,"['Repeat buyer with 1 previous orders', 'Large buyer']",Handle after higher-priority leads,Medium,Large,15753.91,9
387,505,21.3,0.21273973420859021,Low,"['Repeat buyer with 1 previous orders', 'Large buyer', 'High inquiry value (₹20,358)', 'Large quantity (16 units)']",Handle after higher-priority leads,Medium,Large,20358.12,16
4598,554,21.3,0.21312198679871583,Low,"['Repeat buyer with 2 previous orders', 'Large quantity (12 units)']",Handle after higher-priority leads,Medium,Micro,12530.43,12
2275,533,21.3,0.21251919911642334,Low,"['Repeat buyer with 2 previous orders', 'Large quantity (12 units)']",Handle after higher-priority leads,Medium,Medium,11462.55,12
1976,465,21.3,0.21308558161476038,Low,"['Repeat buyer with 2 previous orders', 'Large buyer']",Handle after higher-priority leads,Medium,Large,15320.95,8
4635,921,21.3,0.2129512285444323,Low,"['Critical urgency', 'Repeat buyer with 0 previous orders', 'High inquiry value (₹29,246)', 'Large quantity (12 units)']",Handle after higher-priority leads,Critical,Small,29245.5,12
506,68,21.3,0.21251919911642334,Low,"['Repeat buyer with 3 previous orders', 'Large quantity (12 units)']",Handle after higher-priority leads,Medium,Medium,13245.14,12
2842,939,21.3,0.21314817070369732,Low,"['Repeat buyer with 1 previous orders', 'Large quantity (12 units)']",Handle after higher-priority leads,Medium,Medium,17873.38,12
2694,778,21.3,0.21325288818555227,Low,"['Repeat buyer with 2 previous orders', 'Large quantity (11 units)']",Handle after higher-priority leads,Medium,Small,9834.29,11
131,652,21.3,0.21251919911642334,Low,"['Repeat buyer with 2 previous orders', 'High inquiry value (₹32,650)', 'Large quantity (14 units)']",Handle after higher-priority leads,Medium,Small,32649.55,14
2113,323,21.3,0.21251919911642334,Low,"['Repeat buyer with 2 previous orders', 'High inquiry value (₹37,165)', 'Large quantity (13 units)']",Handle after higher-priority leads,Medium,Medium,37165.44,13
4778,589,21.2,0.2121984797771239,Low,"['Repeat buyer with 1 previous orders', 'Large buyer', 'High inquiry value (₹22,863)', 'Large quantity (22 units)']",Handle after higher-priority leads,Medium,Large,22863.12,22
2793,874,21.2,0.21221559527158415,Low,"['Repeat buyer with 1 previous orders', 'Large buyer', 'Strong seller rating (4.8)']",Handle after higher-priority leads,Medium,Large,12520.72,9
679,263,21.2,0.2124640128847126,Low,"['Repeat buyer with 1 previous orders', 'Enterprise buyer', 'High inquiry value (₹55,692)', 'Large quantity (21 units)']",Handle after higher-priority leads,Medium,Enterprise,55691.58,21
4654,258,21.2,0.21213346106518557,Low,"['Repeat buyer with 2 previous orders', 'Large quantity (13 units)']",Handle after higher-priority leads,Medium,Micro,13658.08,13
1892,638,21.2,0.21222182791876876,Low,"['High urgency', 'Repeat buyer with 1 previous orders', 'Large quantity (15 units)']",Handle after higher-priority leads,High,Small,8989.16,15
3108,786,21.2,0.21157339080887028,Low,"['Repeat buyer with 3 previous orders', 'High inquiry value (₹26,912)', 'Large quantity (12 units)']",Handle after higher-priority leads,Medium,Micro,26912.03,12
975,464,21.2,0.21181545648556438,Low,"['Repeat buyer with 1 previous orders', 'Enterprise buyer', 'High inquiry value (₹25,598)', 'Large quantity (13 units)']",Handle after higher-priority leads,Medium,Enterprise,25598.37,13
398,918,21.2,0.21213346106518557,Low,['Repeat buyer with 2 previous orders'],Handle after higher-priority leads,Medium,Medium,12716.56,8
4078,305,21.2,0.21180591251539155,Low,"['Repeat buyer with 1 previous orders', 'Enterprise buyer', 'Large quantity (11 units)']",Handle after higher-priority leads,Medium,Enterprise,19954.66,11
45,440,21.2,0.2121419722912351,Low,"['High urgency', 'Repeat buyer with 0 previous orders', 'Large buyer']",Handle after higher-priority leads,High,Large,8055.11,9
3777,302,21.2,0.21225052468889413,Low,"['Repeat buyer with 2 previous orders', 'High inquiry value (₹29,490)', 'Large quantity (19 units)']",Handle after higher-priority leads,Medium,Small,29489.72,19
3775,585,21.2,0.2115580576640152,Low,"['Repeat buyer with 1 previous orders', 'Large buyer', 'High inquiry value (₹34,170)', 'Large quantity (17 units)']",Handle after higher-priority leads,Medium,Large,34170.14,17
49,220,21.2,0.21207345674153905,Low,['Repeat buyer with 3 previous orders'],Handle after higher-priority leads,Medium,Micro,14385.46,8
478,971,21.2,0.21204419563458507,Low,"['Repeat buyer with 2 previous orders', 'High inquiry value (₹23,493)', 'Large quantity (14 units)']",Handle after higher-priority leads,Medium,Micro,23492.61,14
4936,147,21.1,0.21064322862101803,Low,"['Repeat buyer with 1 previous orders', 'Enterprise buyer', 'Strong seller rating (4.7)']",Handle after higher-priority leads,Medium,Enterprise,9285.45,9
1248,502,21.1,0.21120512353483167,Low,['Repeat buyer with 3 previous orders'],Handle after higher-priority leads,Medium,Small,5030.86,9
3117,729,21.1,0.2112426671936186,Low,"['High urgency', 'Repeat buyer with 0 previous orders', 'Large buyer', 'Large quantity (12 units)']",Handle after higher-priority leads,High,Large,10679.08,12
4365,954,21.1,0.21095302857886492,Low,"['Repeat buyer with 2 previous orders', 'High inquiry value (₹28,788)', 'Large quantity (11 units)']",Handle after higher-priority leads,Medium,Micro,28788.0,11
1777,976,21.1,0.21117379919611948,Low,"['Repeat buyer with 6 previous orders', 'High inquiry value (₹44,612)', 'Large quantity (18 units)']",Handle after higher-priority leads,Medium,Medium,44611.96,18
2563,268,21.1,0.21059041147444382,Low,"['Repeat buyer with 2 previous orders', 'High inquiry value (₹21,221)']",Handle after higher-priority leads,Medium,Micro,21220.6,9
4514,848,21.1,0.21095302857886492,Low,"['Repeat buyer with 2 previous orders', 'High inquiry value (₹29,765)', 'Large quantity (15 units)']",Handle after higher-priority leads,Medium,Micro,29764.82,15
460,466,21.1,0.21112552962760134,Low,"['High urgency', 'Repeat buyer with 1 previous orders', 'High inquiry value (₹33,418)', 'Large quantity (17 units)']",Handle after higher-priority leads,High,Small,33417.86,17
2649,479,21.1,0.21059041147444382,Low,"['Repeat buyer with 2 previous orders', 'High inquiry value (₹29,705)', 'Large quantity (12 units)', 'Strong seller rating (4.8)']",Handle after higher-priority leads,Medium,Small,29705.49,12
2599,653,21.1,0.21082702007316506,Low,"['Repeat buyer with 1 previous orders', 'Enterprise buyer', 'Large quantity (12 units)']",Handle after higher-priority leads,Medium,Enterprise,13917.66,12
4533,706,21.1,0.21126371697811855,Low,"['High urgency', 'Repeat buyer with 0 previous orders', 'Large quantity (12 units)', 'Strong seller rating (4.6)']",Handle after higher-priority leads,High,Micro,14601.96,12
4970,944,21.1,0.21063815900501898,Low,"['Repeat buyer with 1 previous orders', 'Large buyer', 'Large quantity (11 units)', 'Strong seller rating (4.8)']",Handle after higher-priority leads,Medium,Large,14023.61,11
2247,635,21.0,0.21001647993485434,Low,"['Repeat buyer with 1 previous orders', 'Enterprise buyer']",Handle after higher-priority leads,Medium,Enterprise,13829.03,9
1543,421,21.0,0.21023563642517737,Low,"['Repeat buyer with 1 previous orders', 'Large buyer', 'Large quantity (15 units)']",Handle after higher-priority leads,Medium,Large,12897.74,15
1462,697,21.0,0.20994844472842927,Low,"['Repeat buyer with 2 previous orders', 'Large buyer', 'High inquiry value (₹32,961)', 'Large quantity (11 units)']",Handle after higher-priority leads,Medium,Large,32961.12,11
274,781,21.0,0.21036780353007528,Low,"['Repeat buyer with 1 previous orders', 'Enterprise buyer', 'High inquiry value (₹22,164)', 'Large quantity (16 units)']",Handle after higher-priority leads,Medium,Enterprise,22164.0,16
12,67,21.0,0.21040529540964803,Low,"['High urgency', 'Repeat buyer with 0 previous orders', 'High inquiry value (₹26,156)', 'Large quantity (11 units)']",Handle after higher-priority leads,High,Small,26155.55,11
2521,381,21.0,0.20958260150221109,Low,"['Repeat buyer with 1 previous orders', 'Large buyer', 'High inquiry value (₹39,636)', 'Large quantity (15 units)']",Handle after higher-priority leads,Medium,Large,39635.87,15
2484,139,21.0,0.20981479514340332,Low,"['Repeat buyer with 1 previous orders', 'Enterprise buyer', 'Large quantity (16 units)']",Handle after higher-priority leads,Medium,Enterprise,16061.61,16
2828,517,21.0,0.209646058992315,Low,"['Repeat buyer with 2 previous orders', 'Large quantity (11 units)']",Handle after higher-priority leads,Medium,Small,12449.95,11
1376,83,20.9,0.20895388417207345,Low,"['Repeat buyer with 5 previous orders', 'Large quantity (17 units)']",Handle after higher-priority leads,Medium,Micro,16246.93,17
3785,622,20.9,0.20862070396664775,Low,"['Repeat buyer with 3 previous orders', 'Large buyer']",Handle after higher-priority leads,Medium,Large,8992.62,9
3578,180,20.9,0.20923993187659232,Low,"['Repeat buyer with 1 previous orders', 'High inquiry value (₹25,197)', 'Large quantity (13 units)']",Handle after higher-priority leads,Medium,Small,25196.52,13
4242,241,20.9,0.2094209021234585,Low,"['High urgency', 'Repeat buyer with 0 previous orders', 'Large quantity (10 units)', 'Strong seller rating (4.8)']",Handle after higher-priority leads,High,Small,17581.88,10
1072,202,20.9,0.20881201536261432,Low,"['Repeat buyer with 1 previous orders', 'Enterprise buyer', 'High inquiry value (₹22,940)', 'Large quantity (18 units)']",Handle after higher-priority leads,Medium,Enterprise,22939.89,18
4268,995,20.8,0.20810971603424303,Low,"['Repeat buyer with 1 previous orders', 'Enterprise buyer', 'Large quantity (15 units)']",Handle after higher-priority leads,Medium,Enterprise,10209.83,15
642,353,20.8,0.20792046393255983,Low,"['High urgency', 'Repeat buyer with 0 previous orders', 'Large buyer', 'High inquiry value (₹43,138)']",Handle after higher-priority leads,High,Large,43137.74,16
3705,418,20.8,0.20794596859264347,Low,"['High urgency', 'Repeat buyer with 0 previous orders', 'Large buyer']",Handle after higher-priority leads,High,Large,3719.35,6
4865,761,20.8,0.20800767336836168,Low,"['Repeat buyer with 1 previous orders', 'Enterprise buyer', 'High inquiry value (₹32,517)', 'Large quantity (12 units)']",Handle after higher-priority leads,Medium,Enterprise,32516.8,12
3512,763,20.8,0.20784878582253172,Low,"['Repeat buyer with 1 previous orders', 'High inquiry value (₹25,849)', 'Large quantity (14 units)', 'Strong seller rating (4.9)']",Handle after higher-priority leads,Medium,Medium,25849.14,14
2289,272,20.8,0.20757589210570718,Low,"['Repeat buyer with 1 previous orders', 'Large buyer', 'High inquiry value (₹27,699)', 'Large quantity (16 units)']",Handle after higher-priority leads,Medium,Large,27698.82,16
4647,102,20.8,0.20752108046032527,Low,"['Critical urgency', 'Repeat buyer with 0 previous orders', 'High inquiry value (₹28,692)', 'Large quantity (19 units)']",Handle after higher-priority leads,Critical,Medium,28691.84,19
3323,856,20.7,0.20710021772171447,Low,"['Repeat buyer with 1 previous orders', 'Large buyer', 'Large quantity (11 units)', 'Strong seller rating (4.8)']",Handle after higher-priority leads,Medium,Large,19061.44,11
4307,507,20.7,0.2071857033097795,Low,"['High urgency', 'Repeat buyer with 1 previous orders', 'High inquiry value (₹44,704)', 'Large quantity (17 units)']",Handle after higher-priority leads,High,Small,44704.01,17
51,6,20.7,0.2070805186418486,Low,"['High urgency', 'Repeat buyer with 0 previous orders', 'Large quantity (15 units)']",Handle after higher-priority leads,High,Medium,14194.36,15
3416,20,20.7,0.20722953074278494,Low,"['Repeat buyer with 1 previous orders', 'Large buyer', 'Large quantity (13 units)', 'Strong seller rating (5.0)']",Handle after higher-priority leads,Medium,Large,5843.37,13
922,195,20.7,0.2071379042603981,Low,"['Repeat buyer with 2 previous orders', 'High inquiry value (₹33,357)', 'Large quantity (12 units)']",Handle after higher-priority leads,Medium,Medium,33356.98,12
4291,149,20.7,0.20663394133238916,Low,"['Repeat buyer with 1 previous orders', 'High inquiry value (₹36,174)', 'Large quantity (16 units)']",Handle after higher-priority leads,Medium,Medium,36174.49,16
1307,340,20.7,0.2072157744597562,Low,"['Critical urgency', 'Repeat buyer with 0 previous orders', 'High inquiry value (₹24,903)', 'Large quantity (15 units)']",Handle after higher-priority leads,Critical,Small,24902.9,15
2060,504,20.7,0.2070805186418486,Low,"['High urgency', 'Repeat buyer with 0 previous orders', 'Large quantity (11 units)']",Handle after higher-priority leads,High,Small,14596.45,11
4077,425,20.7,0.20719663941758312,Low,"['High urgency', 'Repeat buyer with 0 previous orders', 'High inquiry value (₹59,069)', 'Large quantity (22 units)']",Handle after higher-priority leads,High,Medium,59068.96,22
1957,926,20.7,0.20718244131672406,Low,"['Critical urgency', 'Repeat buyer with 0 previous orders']",Handle after higher-priority leads,Critical,Micro,10661.49,9
4166,984,20.7,0.20663394133238916,Low,"['Repeat buyer with 1 previous orders', 'Large quantity (13 units)', 'Strong seller rating (4.6)']",Handle after higher-priority leads,Medium,Medium,19873.18,13
2744,225,20.7,0.20663394133238916,Low,"['Repeat buyer with 1 previous orders', 'High inquiry value (₹24,952)', 'Large quantity (15 units)', 'Strong seller rating (4.7)']",Handle after higher-priority leads,Medium,Medium,24951.8,15
718,848,20.6,0.2058553875975554,Low,"['High urgency', 'Repeat buyer with 0 previous orders', 'Large buyer', 'High inquiry value (₹23,803)']",Handle after higher-priority leads,High,Large,23802.67,16
2129,54,20.6,0.2062972537200519,Low,"['Repeat buyer with 1 previous orders', 'Large buyer', 'Large quantity (17 units)']",Handle after higher-priority leads,Medium,Large,13641.55,17
2088,701,20.6,0.20572986691911216,Low,"['Repeat buyer with 1 previous orders', 'Large quantity (13 units)']",Handle after higher-priority leads,Medium,Medium,18978.93,13
654,570,20.6,0.2061182076206398,Low,"['Repeat buyer with 1 previous orders', 'High inquiry value (₹22,209)', 'Large quantity (15 units)']",Handle after higher-priority leads,Medium,Micro,22208.6,15
3405,368,20.6,0.2061467418925055,Low,"['Repeat buyer with 2 previous orders', 'Large buyer', 'High inquiry value (₹23,066)', 'Large quantity (12 units)']",Handle after higher-priority leads,Medium,Large,23065.72,12
128,117,20.6,0.20622107524655203,Low,"['Repeat buyer with 4 previous orders', 'High inquiry value (₹20,306)', 'Large quantity (14 units)']",Handle after higher-priority leads,Medium,Medium,20305.74,14
1848,289,20.6,0.20619340069551415,Low,"['High urgency', 'Repeat buyer with 0 previous orders', 'Large buyer', 'High inquiry value (₹23,828)']",Handle after higher-priority leads,High,Large,23828.33,12
3473,544,20.6,0.2058553875975554,Low,"['High urgency', 'Repeat buyer with 0 previous orders', 'Large buyer']",Handle after higher-priority leads,High,Large,11967.71,8
727,213,20.6,0.2058553875975554,Low,"['High urgency', 'Repeat buyer with 0 previous orders', 'Large buyer', 'Large quantity (16 units)']",Handle after higher-priority leads,High,Large,19615.5,16
2111,263,20.6,0.2058553875975554,Low,"['High urgency', 'Repeat buyer with 0 previous orders', 'Large buyer', 'Large quantity (14 units)']",Handle after higher-priority leads,High,Large,7614.92,14
1063,823,20.6,0.20589892051438105,Low,"['Repeat buyer with 1 previous orders', 'High inquiry value (₹21,439)', 'Large quantity (15 units)']",Handle after higher-priority leads,Medium,Small,21438.84,15
665,862,20.6,0.20572986691911216,Low,"['Repeat buyer with 1 previous orders', 'Strong seller rating (4.6)']",Handle after higher-priority leads,Medium,Small,14342.57,8
300,381,20.6,0.2058553875975554,Low,"['High urgency', 'Repeat buyer with 0 previous orders', 'Large buyer', 'High inquiry value (₹24,385)']",Handle after higher-priority leads,High,Large,24384.87,17
278,142,20.6,0.2056310076087637,Low,"['Repeat buyer with 5 previous orders', 'Large quantity (14 units)']",Handle after higher-priority leads,Medium,Micro,15074.87,14
1130,579,20.6,0.2058553875975554,Low,"['High urgency', 'Repeat buyer with 0 previous orders', 'Large buyer', 'High inquiry value (₹36,587)']",Handle after higher-priority leads,High,Large,36587.01,14
1865,29,20.6,0.20572986691911216,Low,['Repeat buyer with 1 previous orders'],Handle after higher-priority leads,Medium,Medium,12161.51,7
947,83,20.5,0.20479878040725955,Low,"['Repeat buyer with 1 previous orders', 'High inquiry value (₹22,196)', 'Large quantity (10 units)', 'Strong seller rating (4.6)']",Handle after higher-priority leads,Medium,Micro,22196.17,10
3784,376,20.5,0.20510552056749884,Low,"['High urgency', 'Repeat buyer with 0 previous orders', 'Large quantity (11 units)']",Handle after higher-priority leads,High,Small,12363.53,11
4345,409,20.5,0.20499638652815422,Low,"['High urgency', 'Repeat buyer with 0 previous orders', 'High inquiry value (₹30,202)', 'Large quantity (12 units)']",Handle after higher-priority leads,High,Small,30201.69,12
734,16,20.5,0.20499946526651208,Low,"['Repeat buyer with 1 previous orders', 'Large buyer', 'High inquiry value (₹26,305)']",Handle after higher-priority leads,Medium,Large,26304.82,9
1426,376,20.5,0.20499638652815422,Low,"['High urgency', 'Repeat buyer with 0 previous orders', 'Large quantity (10 units)']",Handle after higher-priority leads,High,Medium,10237.37,10
4725,931,20.5,0.20510552056749884,Low,"['High urgency', 'Repeat buyer with 0 previous orders', 'Large quantity (11 units)']",Handle after higher-priority leads,High,Small,16054.41,11
3498,746,20.5,0.20499946526651208,Low,"['Repeat buyer with 1 previous orders', 'Large buyer', 'High inquiry value (₹25,685)', 'Large quantity (17 units)']",Handle after higher-priority leads,Medium,Large,25685.46,17
517,683,20.5,0.20531241130619446,Low,"['High urgency', 'Repeat buyer with 0 previous orders', 'Large quantity (15 units)']",Handle after higher-priority leads,High,Medium,19086.59,15
803,404,20.5,0.20499146718301858,Low,"['Repeat buyer with 1 previous orders', 'Large buyer']",Handle after higher-priority leads,Medium,Large,13082.78,8
245,959,20.5,0.20499146718301858,Low,"['Repeat buyer with 1 previous orders', 'Large buyer']",Handle after higher-priority leads,Medium,Large,13503.54,7
4284,272,20.5,0.20499946526651208,Low,"['Repeat buyer with 1 previous orders', 'Large buyer', 'High inquiry value (₹38,583)', 'Large quantity (15 units)']",Handle after higher-priority leads,Medium,Large,38583.27,15
1440,541,20.5,0.20499946526651208,Low,"['Repeat buyer with 1 previous orders', 'Large buyer', 'High inquiry value (₹20,375)', 'Large quantity (18 units)']",Handle after higher-priority leads,Medium,Large,20374.94,18
4230,627,20.5,0.20492703487263692,Low,"['Repeat buyer with 1 previous orders', 'Large buyer', 'Large quantity (20 units)']",Handle after higher-priority leads,Medium,Large,18411.18,20
1082,769,20.5,0.20479878040725955,Low,"['Repeat buyer with 1 previous orders', 'Large quantity (13 units)']",Handle after higher-priority leads,Medium,Small,17900.68,13
1432,293,20.5,0.2053078017384422,Low,"['Repeat buyer with 1 previous orders', 'Large buyer', 'Strong seller rating (4.7)']",Handle after higher-priority leads,Medium,Large,15301.17,9
3551,902,20.5,0.20479878040725955,Low,"['Repeat buyer with 1 previous orders', 'High inquiry value (₹29,635)', 'Large quantity (14 units)']",Handle after higher-priority leads,Medium,Small,29635.47,14
2548,507,20.5,0.20499638652815422,Low,"['High urgency', 'Repeat buyer with 0 previous orders', 'High inquiry value (₹31,462)', 'Large quantity (15 units)']",Handle after higher-priority leads,High,Micro,31462.28,15
3563,455,20.5,0.20499638652815422,Low,"['High urgency', 'Repeat buyer with 0 previous orders', 'Large quantity (10 units)', 'Strong seller rating (4.7)']",Handle after higher-priority leads,High,Medium,17050.33,10
4688,216,20.5,0.20499638652815422,Low,"['High urgency', 'Repeat buyer with 0 previous orders', 'Large quantity (15 units)', 'Strong seller rating (4.5)']",Handle after higher-priority leads,High,Micro,17213.64,15
4896,967,20.4,0.20435848634946113,Low,"['Repeat buyer with 1 previous orders', 'Large buyer', 'High inquiry value (₹37,004)', 'Large quantity (15 units)']",Handle after higher-priority leads,Medium,Large,37003.68,15
4456,654,20.4,0.20434576115736824,Low,"['High urgency', 'Repeat buyer with 0 previous orders', 'Large quantity (15 units)', 'Strong seller rating (4.5)']",Handle after higher-priority leads,High,Medium,11816.3,15
3933,473,20.4,0.20435848634946113,Low,"['Repeat buyer with 1 previous orders', 'Large buyer', 'Large quantity (10 units)']",Handle after higher-priority leads,Medium,Large,9553.55,10
4660,562,20.4,0.2035053216016995,Low,"['Repeat buyer with 2 previous orders', 'Large quantity (16 units)']",Handle after higher-priority leads,Medium,Micro,11482.88,16
2536,921,20.4,0.2041007023677968,Low,"['Repeat buyer with 1 previous orders', 'Large buyer']",Handle after higher-priority leads,Medium,Large,9297.87,7
2325,976,20.4,0.20430564973522042,Low,"['Repeat buyer with 1 previous orders', 'High inquiry value (₹20,456)', 'Large quantity (11 units)']",Handle after higher-priority leads,Medium,Medium,20456.11,11
4761,315,20.4,0.20402031547670302,Low,"['Critical urgency', 'Repeat buyer with 0 previous orders', 'High inquiry value (₹27,848)', 'Large quantity (15 units)']",Handle after higher-priority leads,Critical,Medium,27848.49,15
3941,581,20.4,0.20366628443586443,Low,"['Repeat buyer with 1 previous orders', 'High inquiry value (₹24,310)', 'Large quantity (10 units)', 'Strong seller rating (4.7)']",Handle after higher-priority leads,Medium,Medium,24310.33,10
1200,768,20.4,0.20396700773579973,Low,"['Repeat buyer with 1 previous orders', 'Large buyer', 'Large quantity (10 units)']",Handle after higher-priority leads,Medium,Large,17311.92,10
1989,836,20.4,0.20434576115736824,Low,"['High urgency', 'Repeat buyer with 0 previous orders', 'Large quantity (10 units)', 'Strong seller rating (4.6)']",Handle after higher-priority leads,High,Medium,14920.25,10
4167,778,20.4,0.20371476005503542,Low,"['High urgency', 'Repeat buyer with 0 previous orders', 'High inquiry value (₹28,820)', 'Large quantity (16 units)']",Handle after higher-priority leads,High,Small,28820.23,16
3272,584,20.4,0.2035254888993853,Low,"['Repeat buyer with 1 previous orders', 'Large quantity (16 units)', 'Strong seller rating (5.0)']",Handle after higher-priority leads,Medium,Small,16216.56,16
1467,196,20.4,0.20371476005503542,Low,"['High urgency', 'Repeat buyer with 0 previous orders']",Handle after higher-priority leads,High,Small,16873.89,8
2520,825,20.4,0.20402031547670302,Low,"['Critical urgency', 'Repeat buyer with 0 previous orders', 'High inquiry value (₹28,324)', 'Large quantity (11 units)']",Handle after higher-priority leads,Critical,Small,28323.67,11
2754,683,20.4,0.2041136946421972,Low,"['Repeat buyer with 1 previous orders', 'Large quantity (11 units)', 'Strong seller rating (4.6)']",Handle after higher-priority leads,Medium,Medium,12435.97,11
987,796,20.3,0.20309705418460072,Low,"['Critical urgency', 'Large buyer', 'Large quantity (15 units)']",Handle after higher-priority leads,Critical,Large,12047.87,15
2709,537,20.3,0.20308808907461098,Low,"['Repeat buyer with 1 previous orders', 'Large buyer', 'Large quantity (16 units)', 'Strong seller rating (4.6)']",Handle after higher-priority leads,Medium,Large,12009.47,16
4636,628,20.3,0.2030991449125888,Low,"['High urgency', 'Repeat buyer with 0 previous orders']",Handle after higher-priority leads,High,Small,19452.3,9
863,891,20.3,0.20309705418460072,Low,"['Critical urgency', 'Large quantity (10 units)', 'Strong seller rating (5.0)']",Handle after higher-priority leads,Critical,Medium,6450.17,10
1322,146,20.3,0.2034489374035101,Low,"['Repeat buyer with 1 previous orders', 'Large quantity (10 units)']",Handle after higher-priority leads,Medium,Small,12842.81,10
555,677,20.3,0.2034816678473572,Low,"['High urgency', 'Repeat buyer with 0 previous orders', 'Large buyer', 'High inquiry value (₹20,192)']",Handle after higher-priority leads,High,Large,20191.89,11
3379,144,20.3,0.2025653583935275,Low,"['Repeat buyer with 1 previous orders', 'High inquiry value (₹43,666)', 'Large quantity (17 units)', 'Strong seller rating (4.5)']",Handle after higher-priority leads,Medium,Small,43665.97,17
1825,974,20.3,0.2030991449125888,Low,"['High urgency', 'Repeat buyer with 0 previous orders', 'High inquiry value (₹30,293)', 'Large quantity (14 units)']",Handle after higher-priority leads,High,Medium,30292.81,14
143,896,20.3,0.20273193526321048,Low,"['High urgency', 'Repeat buyer with 0 previous orders', 'High inquiry value (₹28,511)', 'Large quantity (11 units)']",Handle after higher-priority leads,High,Small,28510.51,11
4723,804,20.3,0.2029785881545489,Low,"['Repeat buyer with 2 previous orders', 'High inquiry value (₹38,203)', 'Large quantity (14 units)']",Handle after higher-priority leads,Medium,Small,38203.23,14
13,813,20.3,0.20283280909179072,Low,"['Repeat buyer with 1 previous orders', 'Enterprise buyer', 'Large quantity (12 units)']",Handle after higher-priority leads,Medium,Enterprise,17706.54,12
183,885,20.3,0.20283943439422922,Low,"['Repeat buyer with 1 previous orders', 'Large buyer', 'Strong seller rating (4.7)']",Handle after higher-priority leads,Medium,Large,6907.03,9
3535,45,20.3,0.20294775760504682,Low,"['High urgency', 'Repeat buyer with 0 previous orders', 'Large buyer', 'Large quantity (10 units)']",Handle after higher-priority leads,High,Large,18784.18,10
705,358,20.3,0.2034816678473572,Low,"['High urgency', 'Repeat buyer with 0 previous orders', 'Large buyer', 'Large quantity (11 units)']",Handle after higher-priority leads,High,Large,12222.15,11
1106,778,20.2,0.20229821506673895,Low,"['High urgency', 'Repeat buyer with 0 previous orders', 'High inquiry value (₹50,224)', 'Large quantity (20 units)']",Handle after higher-priority leads,High,Small,50223.72,20
2017,511,20.2,0.20218413944361463,Low,"['High urgency', 'Repeat buyer with 0 previous orders', 'High inquiry value (₹32,742)', 'Large quantity (12 units)']",Handle after higher-priority leads,High,Small,32742.01,12
3228,666,20.2,0.20231331568191266,Low,"['High urgency', 'Repeat buyer with 0 previous orders', 'High inquiry value (₹41,784)', 'Large quantity (17 units)']",Handle after higher-priority leads,High,Medium,41784.49,17
584,679,20.2,0.2015010302019106,Low,"['High urgency', 'Repeat buyer with 0 previous orders', 'Large buyer', 'High inquiry value (₹33,761)']",Handle after higher-priority leads,High,Large,33761.34,16
1922,999,20.2,0.20244904253654616,Low,"['Repeat buyer with 2 previous orders', 'Large quantity (15 units)']",Handle after higher-priority leads,Medium,Small,13765.52,15
3953,26,20.2,0.2017322374301727,Low,"['High urgency', 'Repeat buyer with 0 previous orders', 'Large quantity (11 units)', 'Strong seller rating (4.6)']",Handle after higher-priority leads,High,Small,10449.35,11
4501,5,20.2,0.20244608500381836,Low,"['Repeat buyer with 1 previous orders', 'High inquiry value (₹28,927)', 'Large quantity (12 units)']",Handle after higher-priority leads,Medium,Micro,28926.78,12
284,701,20.2,0.2022821310630663,Low,"['High urgency', 'Repeat buyer with 0 previous orders', 'Large quantity (11 units)', 'Strong seller rating (4.7)']",Handle after higher-priority leads,High,Medium,8293.21,11
1667,54,20.2,0.20167955890261458,Low,"['Repeat buyer with 1 previous orders', 'Large quantity (12 units)']",Handle after higher-priority leads,Medium,Small,16104.0,12
226,655,20.2,0.2017322374301727,Low,"['High urgency', 'Repeat buyer with 0 previous orders']",Handle after higher-priority leads,High,Micro,7975.65,9
1119,14,20.2,0.20167955890261458,Low,"['Repeat buyer with 1 previous orders', 'Large quantity (10 units)']",Handle after higher-priority leads,Medium,Medium,16671.16,10
3752,879,20.2,0.2022821310630663,Low,"['High urgency', 'Repeat buyer with 0 previous orders', 'High inquiry value (₹34,423)', 'Large quantity (16 units)']",Handle after higher-priority leads,High,Small,34422.55,16
2270,106,20.2,0.20244904253654616,Low,"['Repeat buyer with 2 previous orders', 'Large quantity (13 units)']",Handle after higher-priority leads,Medium,Micro,12749.58,13
4506,606,20.2,0.20176656037203605,Low,"['Repeat buyer with 2 previous orders', 'Large quantity (14 units)']",Handle after higher-priority leads,Medium,Small,15098.17,14
2376,578,20.2,0.20165588722411276,Low,"['High urgency', 'Repeat buyer with 0 previous orders', 'High inquiry value (₹33,163)', 'Large quantity (17 units)']",Handle after higher-priority leads,High,Medium,33162.88,17
1999,713,20.1,0.20146035436333215,Low,"['Critical urgency', 'Repeat buyer with 0 previous orders', 'High inquiry value (₹26,068)', 'Large quantity (19 units)']",Handle after higher-priority leads,Critical,Medium,26068.36,19
2381,203,20.1,0.20055457793299647,Low,"['Repeat buyer with 2 previous orders', 'High inquiry value (₹22,382)', 'Large quantity (11 units)']",Handle after higher-priority leads,Medium,Small,22381.75,11
1965,979,20.1,0.20090209279122467,Low,"['High urgency', 'Repeat buyer with 0 previous orders', 'Large buyer', 'High inquiry value (₹31,238)']",Handle after higher-priority leads,High,Large,31237.97,14
4390,230,20.1,0.20098063389642604,Low,"['High urgency', 'Repeat buyer with 0 previous orders', 'Large buyer', 'Large quantity (11 units)']",Handle after higher-priority leads,High,Large,19867.62,11
4492,903,20.1,0.20055457793299647,Low,['Repeat buyer with 2 previous orders'],Handle after higher-priority leads,Medium,Medium,8369.96,5
2500,540,20.1,0.2007825992239662,Low,"['High urgency', 'Repeat buyer with 0 previous orders', 'High inquiry value (₹30,193)', 'Large quantity (15 units)']",Handle after higher-priority leads,High,Small,30192.84,15
675,320,20.1,0.20090209279122467,Low,"['High urgency', 'Repeat buyer with 0 previous orders', 'Large buyer', 'High inquiry value (₹20,451)']",Handle after higher-priority leads,High,Large,20451.19,15
3389,847,20.1,0.2007825992239662,Low,"['High urgency', 'Repeat buyer with 0 previous orders', 'High inquiry value (₹26,001)', 'Large quantity (16 units)']",Handle after higher-priority leads,High,Micro,26000.94,16
3331,686,20.1,0.20104492301370255,Low,"['High urgency', 'Repeat buyer with 0 previous orders', 'Large quantity (12 units)', 'Strong seller rating (4.6)']",Handle after higher-priority leads,High,Small,17037.58,12
1205,599,20.1,0.20055457793299647,Low,"['Repeat buyer with 2 previous orders', 'High inquiry value (₹27,588)', 'Large quantity (14 units)']",Handle after higher-priority leads,Medium,Medium,27588.25,14
1855,715,20.1,0.20094126874423995,Low,"['Critical urgency', 'Repeat buyer with 0 previous orders', 'High inquiry value (₹28,648)', 'Large quantity (25 units)']",Handle after higher-priority leads,Critical,Small,28648.31,25
4620,782,20.1,0.20104492301370255,Low,"['High urgency', 'Repeat buyer with 0 previous orders']",Handle after higher-priority leads,High,Medium,5265.6,9
3304,359,20.1,0.2007825992239662,Low,"['High urgency', 'Repeat buyer with 0 previous orders', 'High inquiry value (₹31,158)', 'Large quantity (11 units)']",Handle after higher-priority leads,High,Medium,31158.11,11
1423,635,20.1,0.20104492301370255,Low,"['High urgency', 'Repeat buyer with 0 previous orders', 'High inquiry value (₹36,733)', 'Large quantity (14 units)']",Handle after higher-priority leads,High,Small,36732.62,14
4632,347,20.1,0.20108872163251007,Low,"['Repeat buyer with 1 previous orders', 'Enterprise buyer', 'Large quantity (11 units)']",Handle after higher-priority leads,Medium,Enterprise,16907.09,11
16,803,20.0,0.20029718225808377,Low,['Repeat buyer with 2 previous orders'],Handle after higher-priority leads,Medium,Small,10753.18,8
135,666,20.0,0.20021513742825967,Low,"['High urgency', 'Repeat buyer with 0 previous orders', 'Large quantity (12 units)']",Handle after higher-priority leads,High,Small,9802.24,12
771,940,20.0,0.1998991569132453,Low,"['Repeat buyer with 1 previous orders', 'Strong seller rating (5.0)']",Handle after higher-priority leads,Medium,Micro,11687.51,9
2442,74,20.0,0.200403677549653,Low,"['High urgency', 'Repeat buyer with 0 previous orders', 'High inquiry value (₹23,645)', 'Large quantity (12 units)']",Handle after higher-priority leads,High,Small,23644.71,12
3093,699,20.0,0.19994274811024176,Low,"['Repeat buyer with 1 previous orders', 'High inquiry value (₹20,869)', 'Large quantity (12 units)', 'Strong seller rating (4.5)']",Handle after higher-priority leads,Medium,Medium,20868.98,12
1618,739,20.0,0.1996905872495481,Low,"['High urgency', 'Repeat buyer with 0 previous orders', 'Large quantity (18 units)', 'Strong seller rating (4.5)']",Handle after higher-priority leads,High,Small,18033.62,18
3331,722,20.0,0.20013987212086307,Low,"['Repeat buyer with 1 previous orders', 'Large buyer', 'Large quantity (14 units)']",Handle after higher-priority leads,Medium,Large,17565.3,14
3643,226,20.0,0.1996905872495481,Low,"['High urgency', 'Repeat buyer with 0 previous orders', 'High inquiry value (₹22,904)', 'Large quantity (15 units)']",Handle after higher-priority leads,High,Medium,22904.22,15
3934,454,20.0,0.1998991569132453,Low,"['Repeat buyer with 1 previous orders', 'Strong seller rating (4.9)']",Handle after higher-priority leads,Medium,Small,16078.65,9
1474,893,20.0,0.20021513742825967,Low,"['High urgency', 'Repeat buyer with 0 previous orders', 'Large quantity (15 units)']",Handle after higher-priority leads,High,Medium,11489.57,15
3741,487,20.0,0.19951027466886867,Low,"['Repeat buyer with 1 previous orders', 'Large buyer', 'Large quantity (14 units)']",Handle after higher-priority leads,Medium,Large,6686.3,14
1279,577,20.0,0.1996905872495481,Low,"['High urgency', 'Repeat buyer with 0 previous orders', 'High inquiry value (₹22,510)', 'Large quantity (11 units)']",Handle after higher-priority leads,High,Micro,22510.26,11
2305,181,20.0,0.1996905872495481,Low,"['High urgency', 'Repeat buyer with 0 previous orders']",Handle after higher-priority leads,High,Small,11133.37,8
2073,382,20.0,0.1998991569132453,Low,"['Repeat buyer with 1 previous orders', 'High inquiry value (₹47,774)', 'Large quantity (16 units)', 'Strong seller rating (4.9)']",Handle after higher-priority leads,Medium,Small,47773.9,16
3751,730,20.0,0.2002912533570265,Low,"['Repeat buyer with 1 previous orders', 'High inquiry value (₹24,098)', 'Large quantity (13 units)']",Handle after higher-priority leads,Medium,Medium,24098.39,13
3951,938,20.0,0.1998991569132453,Low,"['Repeat buyer with 1 previous orders', 'High inquiry value (₹31,993)', 'Large quantity (11 units)', 'Strong seller rating (4.9)']",Handle after higher-priority leads,Medium,Medium,31992.7,11
3886,885,19.9,0.19854604368822718,Low,"['High urgency', 'Repeat buyer with 0 previous orders', 'Large quantity (14 units)', 'Strong seller rating (4.5)']",Handle after higher-priority leads,High,Medium,11904.63,14
643,686,19.9,0.1994244392613768,Low,"['Repeat buyer with 1 previous orders', 'Enterprise buyer', 'Large quantity (10 units)']",Handle after higher-priority leads,Medium,Enterprise,15453.27,10
3162,817,19.9,0.19902598585247464,Low,['Repeat buyer with 2 previous orders'],Handle after higher-priority leads,Medium,Micro,5145.09,8
2918,499,19.9,0.19903073459734436,Low,"['Repeat buyer with 1 previous orders', 'Large buyer', 'Large quantity (14 units)']",Handle after higher-priority leads,Medium,Large,14088.37,14
1804,318,19.9,0.19901715716208185,Low,"['Repeat buyer with 1 previous orders', 'Large quantity (10 units)', 'Strong seller rating (5.0)']",Handle after higher-priority leads,Medium,Medium,11725.83,10
4753,609,19.9,0.19862185698341095,Low,"['Repeat buyer with 1 previous orders', 'High inquiry value (₹21,993)', 'Large quantity (12 units)']",Handle after higher-priority leads,Medium,Small,21992.64,12
1070,650,19.9,0.19901715716208185,Low,"['Repeat buyer with 1 previous orders', 'High inquiry value (₹21,482)', 'Large quantity (15 units)', 'Strong seller rating (5.0)']",Handle after higher-priority leads,Medium,Micro,21481.59,15
4762,240,19.9,0.1990494065125269,Low,"['High urgency', 'Repeat buyer with 0 previous orders', 'Large buyer', 'High inquiry value (₹25,603)']",Handle after higher-priority leads,High,Large,25602.79,12
3496,209,19.9,0.1991941451924397,Low,"['Repeat buyer with 1 previous orders', 'High inquiry value (₹29,942)', 'Large quantity (19 units)']",Handle after higher-priority leads,Medium,Medium,29942.48,19
1494,929,19.9,0.19902384950163685,Low,"['High urgency', 'Repeat buyer with 0 previous orders', 'Large quantity (10 units)', 'Strong seller rating (5.0)']",Handle after higher-priority leads,High,Small,19154.2,10
4429,341,19.9,0.19936705433326446,Low,"['Repeat buyer with 3 previous orders', 'High inquiry value (₹28,404)', 'Large quantity (13 units)']",Handle after higher-priority leads,Medium,Small,28403.66,13
774,705,19.9,0.1989747917237001,Low,"['High urgency', 'Repeat buyer with 0 previous orders', 'High inquiry value (₹24,247)', 'Large quantity (18 units)']",Handle after higher-priority leads,High,Medium,24247.21,18
3890,609,19.9,0.19938479454417282,Low,"['High urgency', 'Repeat buyer with 0 previous orders', 'Large buyer', 'High inquiry value (₹28,252)']",Handle after higher-priority leads,High,Large,28252.33,13
3785,523,19.9,0.19939208484643503,Low,"['Repeat buyer with 2 previous orders', 'High inquiry value (₹23,417)', 'Large quantity (10 units)']",Handle after higher-priority leads,Medium,Small,23416.87,10
4464,307,19.9,0.19880097517742668,Low,"['High urgency', 'Repeat buyer with 0 previous orders', 'High inquiry value (₹20,636)', 'Large quantity (17 units)']",Handle after higher-priority leads,High,Medium,20636.36,17
368,685,19.8,0.19841950294480243,Low,"['High urgency', 'Repeat buyer with 0 previous orders', 'Large buyer', 'Large quantity (12 units)']",Handle after higher-priority leads,High,Large,15939.64,12
2545,557,19.8,0.1975337321232234,Low,"['High urgency', 'Repeat buyer with 0 previous orders', 'Enterprise buyer', 'High inquiry value (₹21,783)']",Handle after higher-priority leads,High,Enterprise,21782.67,13
1010,829,19.8,0.19820933697909662,Low,"['High urgency', 'Repeat buyer with 0 previous orders', 'Enterprise buyer', 'High inquiry value (₹22,456)']",Handle after higher-priority leads,High,Enterprise,22456.18,16
3430,149,19.8,0.19782803619845052,Low,"['High urgency', 'Repeat buyer with 0 previous orders', 'Large quantity (16 units)']",Handle after higher-priority leads,High,Small,9656.2,16
3600,821,19.8,0.19800522730189746,Low,"['Repeat buyer with 1 previous orders', 'Strong seller rating (4.8)']",Handle after higher-priority leads,Medium,Medium,12429.66,8
1074,115,19.8,0.1979024977204689,Low,"['High urgency', 'Repeat buyer with 0 previous orders', 'Enterprise buyer', 'Large quantity (13 units)']",Handle after higher-priority leads,High,Enterprise,17048.35,13
2962,930,19.8,0.19839021553054514,Low,"['Repeat buyer with 1 previous orders', 'High inquiry value (₹53,370)', 'Large quantity (19 units)', 'Strong seller rating (4.9)']",Handle after higher-priority leads,Medium,Medium,53370.13,19
3886,452,19.8,0.1979974341376623,Low,['Repeat buyer with 1 previous orders'],Handle after higher-priority leads,Medium,Medium,11209.48,4
538,589,19.8,0.1984048988156361,Low,['Repeat buyer with 1 previous orders'],Handle after higher-priority leads,Medium,Micro,11313.0,5
726,413,19.8,0.19753564362785334,Low,"['Repeat buyer with 1 previous orders', 'High inquiry value (₹20,532)', 'Large quantity (17 units)']",Handle after higher-priority leads,Medium,Micro,20531.79,17
2929,532,19.8,0.19815941530722456,Low,"['Repeat buyer with 1 previous orders', 'Large buyer', 'High inquiry value (₹24,088)', 'Large quantity (13 units)']",Handle after higher-priority leads,Medium,Large,24087.53,13
1470,840,19.8,0.19815941530722456,Low,"['Repeat buyer with 1 previous orders', 'Large buyer', 'Large quantity (10 units)']",Handle after higher-priority leads,Medium,Large,13467.11,10
2578,171,19.7,0.19677860237306544,Low,"['High urgency', 'Repeat buyer with 0 previous orders', 'High inquiry value (₹25,451)', 'Large quantity (13 units)']",Handle after higher-priority leads,High,Medium,25451.06,13
3744,67,19.7,0.19671216045117854,Low,"['High urgency', 'Repeat buyer with 0 previous orders', 'Large buyer', 'Large quantity (17 units)']",Handle after higher-priority leads,High,Large,17285.03,17
1357,13,19.7,0.19667964209803895,Low,"['Repeat buyer with 0 previous orders', 'Enterprise buyer', 'Large quantity (11 units)', 'Strong seller rating (4.6)']",Handle after higher-priority leads,Medium,Enterprise,16242.33,11
1974,683,19.7,0.19685592855578643,Low,"['High urgency', 'Repeat buyer with 0 previous orders', 'Large quantity (10 units)']",Handle after higher-priority leads,High,Small,5183.47,10
3005,122,19.7,0.19687917573610694,Low,"['Repeat buyer with 1 previous orders', 'Large quantity (16 units)']",Handle after higher-priority leads,Medium,Micro,14980.33,16
4709,558,19.7,0.19704980888403026,Low,"['High urgency', 'Enterprise buyer', 'Large quantity (12 units)']",Handle after higher-priority leads,High,Enterprise,15936.09,12
4864,44,19.7,0.19702917251951052,Low,"['High urgency', 'Repeat buyer with 0 previous orders', 'Strong seller rating (4.7)']",Handle after higher-priority leads,High,Small,15121.01,7
4787,794,19.7,0.19748299915690692,Low,"['Repeat buyer with 1 previous orders', 'Large quantity (11 units)']",Handle after higher-priority leads,Medium,Small,18989.87,11
3859,341,19.7,0.19747095317287558,Low,"['High urgency', 'Repeat buyer with 0 previous orders', 'High inquiry value (₹32,995)', 'Large quantity (16 units)']",Handle after higher-priority leads,High,Micro,32994.57,16
159,6,19.7,0.19738068790027505,Low,"['Repeat buyer with 1 previous orders', 'Strong seller rating (4.5)']",Handle after higher-priority leads,Medium,Medium,6683.54,7
2771,622,19.7,0.19693309738311307,Low,"['High urgency', 'Repeat buyer with 0 previous orders', 'Strong seller rating (4.5)']",Handle after higher-priority leads,High,Medium,7677.14,9
925,388,19.7,0.19687917573610694,Low,"['Repeat buyer with 1 previous orders', 'Large quantity (11 units)']",Handle after higher-priority leads,Medium,Small,9665.65,11
3465,763,19.7,0.19693309738311307,Low,"['High urgency', 'Repeat buyer with 0 previous orders', 'Large quantity (15 units)']",Handle after higher-priority leads,High,Medium,18030.88,15
4326,128,19.7,0.19717605048143383,Low,"['High urgency', 'Repeat buyer with 0 previous orders', 'Large quantity (12 units)', 'Strong seller rating (4.9)']",Handle after higher-priority leads,High,Medium,13905.08,12
2645,538,19.7,0.19687917573610694,Low,"['Repeat buyer with 1 previous orders', 'Large quantity (14 units)']",Handle after higher-priority leads,Medium,Micro,8138.42,14
3049,773,19.7,0.19650707104618462,Low,"['Repeat buyer with 1 previous orders', 'High inquiry value (₹38,134)', 'Large quantity (19 units)']",Handle after higher-priority leads,Medium,Micro,38133.68,19
1527,799,19.7,0.19677860237306544,Low,"['High urgency', 'Repeat buyer with 0 previous orders', 'High inquiry value (₹22,821)', 'Large quantity (11 units)']",Handle after higher-priority leads,High,Small,22821.2,11
1542,221,19.7,0.19693090971081476,Low,"['High urgency', 'Repeat buyer with 0 previous orders', 'Large quantity (10 units)', 'Strong seller rating (4.6)']",Handle after higher-priority leads,High,Small,8150.01,10
774,251,19.7,0.19677860237306544,Low,"['High urgency', 'Repeat buyer with 0 previous orders', 'High inquiry value (₹38,515)', 'Large quantity (13 units)']",Handle after higher-priority leads,High,Medium,38514.69,13
2873,533,19.7,0.1967078726544728,Low,['Repeat buyer with 1 previous orders'],Handle after higher-priority leads,Medium,Medium,16780.67,9
3506,758,19.6,0.19634898005436202,Low,"['Critical urgency', 'Enterprise buyer', 'High inquiry value (₹32,872)', 'Large quantity (11 units)']",Handle after higher-priority leads,Critical,Enterprise,32872.03,11
4429,323,19.6,0.19648894171026948,Low,"['Repeat buyer with 1 previous orders', 'Large quantity (13 units)']",Handle after higher-priority leads,Medium,Small,10116.02,13
1796,100,19.6,0.19646249231995905,Low,"['High urgency', 'Repeat buyer with 0 previous orders', 'Large quantity (10 units)']",Handle after higher-priority leads,High,Micro,19298.49,10
90,121,19.6,0.19562603217204413,Low,"['Repeat buyer with 1 previous orders', 'Large quantity (11 units)', 'Strong seller rating (4.6)']",Handle after higher-priority leads,Medium,Small,12279.72,11
2577,246,19.6,0.1961223318074092,Low,"['High urgency', 'Repeat buyer with 0 previous orders', 'High inquiry value (₹22,484)']",Handle after higher-priority leads,High,Small,22484.21,9
4531,651,19.6,0.19586801687426167,Low,"['Repeat buyer with 1 previous orders', 'Strong seller rating (4.6)']",Handle after higher-priority leads,Medium,Small,10779.43,8
4114,190,19.6,0.19562603217204413,Low,"['Repeat buyer with 1 previous orders', 'Large quantity (14 units)', 'Strong seller rating (4.7)']",Handle after higher-priority leads,Medium,Small,19342.96,14
3252,88,19.6,0.19609547228100616,Low,"['Repeat buyer with 1 previous orders', 'High inquiry value (₹25,903)', 'Large quantity (24 units)', 'Strong seller rating (4.5)']",Handle after higher-priority leads,Medium,Small,25903.46,24
1058,826,19.6,0.19562603217204413,Low,"['Repeat buyer with 1 previous orders', 'Large quantity (12 units)']",Handle after higher-priority leads,Medium,Medium,14630.4,12
4694,523,19.6,0.19562603217204413,Low,['Repeat buyer with 1 previous orders'],Handle after higher-priority leads,Medium,Medium,11345.59,9
2885,901,19.6,0.19626266641644174,Low,"['Repeat buyer with 2 previous orders', 'High inquiry value (₹25,727)', 'Large quantity (14 units)']",Handle after higher-priority leads,Medium,Medium,25727.35,14
4747,145,19.6,0.19571136748820872,Low,"['Repeat buyer with 1 previous orders', 'Large quantity (10 units)']",Handle after higher-priority leads,Medium,Medium,12367.84,10
4726,213,19.6,0.1955241128516761,Low,"['High urgency', 'Repeat buyer with 0 previous orders']",Handle after higher-priority leads,High,Micro,5865.38,7
1791,819,19.6,0.1961223318074092,Low,"['High urgency', 'Repeat buyer with 0 previous orders', 'High inquiry value (₹21,205)', 'Large quantity (12 units)']",Handle after higher-priority leads,High,Micro,21204.78,12
1895,109,19.6,0.19562603217204413,Low,['Repeat buyer with 1 previous orders'],Handle after higher-priority leads,Medium,Small,11318.29,7
2055,254,19.6,0.19571136748820872,Low,"['Repeat buyer with 1 previous orders', 'High inquiry value (₹29,398)', 'Large quantity (13 units)']",Handle after higher-priority leads,Medium,Medium,29398.45,13
3599,864,19.6,0.19562603217204413,Low,"['Repeat buyer with 1 previous orders', 'Large quantity (18 units)', 'Strong seller rating (4.8)']",Handle after higher-priority leads,Medium,Small,19414.69,18
4924,453,19.6,0.19561830980858752,Low,"['Repeat buyer with 1 previous orders', 'Large quantity (13 units)', 'Strong seller rating (4.7)']",Handle after higher-priority leads,Medium,Medium,13081.53,13
3018,751,19.6,0.19562603217204413,Low,"['Repeat buyer with 1 previous orders', 'High inquiry value (₹25,971)', 'Large quantity (10 units)']",Handle after higher-priority leads,Medium,Medium,25971.03,10
4457,290,19.6,0.19550127792607425,Low,"['Repeat buyer with 1 previous orders', 'High inquiry value (₹42,851)', 'Large quantity (17 units)']",Handle after higher-priority leads,Medium,Small,42851.29,17
2596,409,19.6,0.19562603217204413,Low,"['Repeat buyer with 1 previous orders', 'Large quantity (11 units)']",Handle after higher-priority leads,Medium,Small,16109.91,11
3546,45,19.6,0.19599616888506297,Low,"['High urgency', 'Repeat buyer with 0 previous orders', 'Large buyer', 'Large quantity (10 units)']",Handle after higher-priority leads,High,Large,13767.0,10
1248,530,19.6,0.19562603217204413,Low,"['Repeat buyer with 1 previous orders', 'Strong seller rating (4.7)']",Handle after higher-priority leads,Medium,Small,16721.4,9
839,462,19.6,0.1961223318074092,Low,"['High urgency', 'Repeat buyer with 0 previous orders', 'High inquiry value (₹32,776)', 'Large quantity (13 units)']",Handle after higher-priority leads,High,Medium,32775.89,13
339,996,19.6,0.19562603217204413,Low,"['Repeat buyer with 1 previous orders', 'Large quantity (11 units)']",Handle after higher-priority leads,Medium,Medium,17590.59,11
3369,268,19.6,0.19611566888587562,Low,"['High urgency', 'Repeat buyer with 0 previous orders', 'Large buyer']",Handle after higher-priority leads,High,Large,17903.36,7
739,643,19.6,0.19562603217204413,Low,"['Repeat buyer with 1 previous orders', 'High inquiry value (₹27,444)', 'Large quantity (10 units)', 'Strong seller rating (4.8)']",Handle after higher-priority leads,Medium,Small,27443.89,10
3497,407,19.6,0.19562603217204413,Low,"['Repeat buyer with 1 previous orders', 'High inquiry value (₹26,174)', 'Large quantity (15 units)', 'Strong seller rating (4.6)']",Handle after higher-priority leads,Medium,Micro,26174.13,15
2833,745,19.6,0.19562603217204413,Low,"['Repeat buyer with 1 previous orders', 'Large quantity (12 units)', 'Strong seller rating (4.5)']",Handle after higher-priority leads,Medium,Medium,14841.32,12
2601,955,19.6,0.19562603217204413,Low,"['Repeat buyer with 1 previous orders', 'High inquiry value (₹32,150)', 'Large quantity (11 units)']",Handle after higher-priority leads,Medium,Small,32149.57,11
4410,478,19.5,0.19475829701904768,Low,"['Repeat buyer with 1 previous orders', 'High inquiry value (₹20,946)', 'Large quantity (16 units)']",Handle after higher-priority leads,Medium,Small,20946.31,16
3559,343,19.5,0.19513079281738246,Low,"['Repeat buyer with 1 previous orders', 'High inquiry value (₹23,172)', 'Large quantity (19 units)', 'Strong seller rating (4.9)']",Handle after higher-priority leads,Medium,Small,23171.55,19
228,242,19.5,0.1952885586102366,Low,"['Critical urgency', 'Repeat buyer with 0 previous orders']",Handle after higher-priority leads,Critical,Medium,6622.81,7
91,617,19.5,0.19500717241986162,Low,"['Repeat buyer with 1 previous orders', 'High inquiry value (₹23,947)', 'Large quantity (19 units)', 'Strong seller rating (4.5)']",Handle after higher-priority leads,Medium,Micro,23947.27,19
4732,190,19.5,0.195060031950374,Low,"['Critical urgency', 'High inquiry value (₹27,972)', 'Large quantity (17 units)', 'Strong seller rating (4.5)']",Handle after higher-priority leads,Critical,Micro,27972.36,17
3894,843,19.5,0.19451312089300551,Low,"['Repeat buyer with 1 previous orders', 'High inquiry value (₹21,853)', 'Large quantity (10 units)', 'Strong seller rating (4.9)']",Handle after higher-priority leads,Medium,Medium,21852.85,10
2817,858,19.5,0.19475829701904768,Low,"['Repeat buyer with 1 previous orders', 'Large quantity (15 units)']",Handle after higher-priority leads,Medium,Medium,12863.41,15
4145,653,19.5,0.19500717241986162,Low,"['Repeat buyer with 1 previous orders', 'High inquiry value (₹23,086)', 'Large quantity (12 units)']",Handle after higher-priority leads,Medium,Medium,23085.93,12
4195,602,19.5,0.19492598625348057,Low,"['High urgency', 'Repeat buyer with 0 previous orders', 'Large quantity (13 units)', 'Strong seller rating (4.5)']",Handle after higher-priority leads,High,Small,18133.71,13
3339,205,19.5,0.19492598625348057,Low,"['High urgency', 'Repeat buyer with 0 previous orders', 'High inquiry value (₹21,341)']",Handle after higher-priority leads,High,Micro,21341.38,9
3975,424,19.4,0.19424836413839489,Low,"['Repeat buyer with 1 previous orders', 'High inquiry value (₹20,951)', 'Large quantity (17 units)', 'Strong seller rating (4.8)']",Handle after higher-priority leads,Medium,Medium,20951.36,17
2159,207,19.4,0.1936958297957047,Low,"['High urgency', 'Repeat buyer with 0 previous orders', 'High inquiry value (₹24,123)', 'Large quantity (24 units)']",Handle after higher-priority leads,High,Medium,24122.68,24
1334,209,19.4,0.19398583003574232,Low,"['High urgency', 'Repeat buyer with 0 previous orders', 'Large buyer']",Handle after higher-priority leads,High,Large,7330.44,9
2305,619,19.4,0.19414151979114816,Low,"['Repeat buyer with 1 previous orders', 'Strong seller rating (4.5)']",Handle after higher-priority leads,Medium,Small,9669.55,9
2548,404,19.4,0.193728606971041,Low,"['High urgency', 'Repeat buyer with 0 previous orders', 'High inquiry value (₹24,514)', 'Large quantity (12 units)']",Handle after higher-priority leads,High,Medium,24514.38,12
1449,984,19.4,0.193728606971041,Low,"['High urgency', 'Repeat buyer with 0 previous orders', 'High inquiry value (₹27,844)', 'Large quantity (12 units)']",Handle after higher-priority leads,High,Small,27844.1,12
435,679,19.4,0.1941261566282142,Low,['Repeat buyer with 1 previous orders'],Handle after higher-priority leads,Medium,Medium,15792.36,9
914,135,19.4,0.1942995112097629,Low,"['High urgency', 'Repeat buyer with 0 previous orders', 'Large quantity (12 units)', 'Strong seller rating (4.7)']",Handle after higher-priority leads,High,Medium,18761.86,12
751,623,19.4,0.1943053432360358,Low,"['Repeat buyer with 1 previous orders', 'Large buyer', 'Large quantity (12 units)']",Handle after higher-priority leads,Medium,Large,17224.77,12
4808,963,19.4,0.1935105122352588,Low,"['Repeat buyer with 1 previous orders', 'Large buyer']",Handle after higher-priority leads,Medium,Large,9690.01,6
4867,767,19.4,0.193728606971041,Low,"['High urgency', 'Repeat buyer with 0 previous orders', 'High inquiry value (₹36,992)', 'Large quantity (14 units)']",Handle after higher-priority leads,High,Medium,36991.81,14
3276,268,19.4,0.19414151979114816,Low,"['Repeat buyer with 1 previous orders', 'Large quantity (15 units)', 'Strong seller rating (4.7)']",Handle after higher-priority leads,Medium,Small,17206.82,15
4058,422,19.3,0.1934225183278149,Low,"['Repeat buyer with 1 previous orders', 'Large buyer', 'Large quantity (14 units)']",Handle after higher-priority leads,Medium,Large,19723.14,14
4202,442,19.3,0.19335308988994734,Low,"['Repeat buyer with 1 previous orders', 'Large quantity (15 units)']",Handle after higher-priority leads,Medium,Small,19377.1,15
179,792,19.3,0.19299192285648112,Low,"['Critical urgency', 'Large buyer', 'Large quantity (12 units)', 'Strong seller rating (4.7)']",Handle after higher-priority leads,Critical,Large,15988.58,12
4173,450,19.3,0.19267518619970944,Low,"['Repeat buyer with 1 previous orders', 'Large quantity (12 units)']",Handle after higher-priority leads,Medium,Micro,9172.99,12
3025,791,19.3,0.1926579333554919,Low,"['Repeat buyer with 1 previous orders', 'High inquiry value (₹29,826)', 'Large quantity (15 units)']",Handle after higher-priority leads,Medium,Medium,29826.02,15
4881,717,19.3,0.19316665837412533,Low,"['High urgency', 'Repeat buyer with 0 previous orders', 'Large quantity (19 units)']",Handle after higher-priority leads,High,Medium,15902.92,19
1940,435,19.3,0.1932304121220021,Low,"['Repeat buyer with 1 previous orders', 'High inquiry value (₹30,491)', 'Large quantity (16 units)']",Handle after higher-priority leads,Medium,Small,30490.68,16
4919,523,19.2,0.19231281345904258,Low,"['High urgency', 'Repeat buyer with 0 previous orders']",Handle after higher-priority leads,High,Medium,4844.5,6
4052,293,19.2,0.1917463574341758,Low,"['High urgency', 'Repeat buyer with 0 previous orders', 'High inquiry value (₹20,838)', 'Large quantity (13 units)']",Handle after higher-priority leads,High,Small,20838.32,13
1992,413,19.2,0.1917463574341758,Low,"['High urgency', 'Repeat buyer with 0 previous orders']",Handle after higher-priority leads,High,Micro,13301.37,7
3565,441,19.2,0.1920668066110163,Low,"['High urgency', 'Repeat buyer with 0 previous orders', 'High inquiry value (₹31,904)', 'Large quantity (15 units)']",Handle after higher-priority leads,High,Small,31904.36,15
4905,584,19.2,0.1920668066110163,Low,"['High urgency', 'Repeat buyer with 0 previous orders', 'High inquiry value (₹24,957)', 'Large quantity (13 units)']",Handle after higher-priority leads,High,Medium,24957.06,13
4044,996,19.2,0.1916125987432014,Low,"['Repeat buyer with 1 previous orders', 'Large quantity (11 units)']",Handle after higher-priority leads,Medium,Small,18089.42,11
3436,430,19.2,0.1917463574341758,Low,"['High urgency', 'Repeat buyer with 0 previous orders']",Handle after higher-priority leads,High,Micro,18217.85,8
3637,233,19.2,0.1917463574341758,Low,"['High urgency', 'Repeat buyer with 0 previous orders', 'Large quantity (14 units)']",Handle after higher-priority leads,High,Small,19775.77,14
2861,49,19.2,0.19200157532331338,Low,"['High urgency', 'Repeat buyer with 0 previous orders', 'Large buyer', 'Large quantity (11 units)']",Handle after higher-priority leads,High,Large,9335.33,11
3510,826,19.2,0.19200157532331338,Low,"['High urgency', 'Repeat buyer with 0 previous orders', 'Large buyer', 'Large quantity (12 units)']",Handle after higher-priority leads,High,Large,16963.65,12
2290,724,19.2,0.19178242572975182,Low,"['Repeat buyer with 1 previous orders', 'Strong seller rating (4.5)']",Handle after higher-priority leads,Medium,Small,7150.36,9
4094,162,19.2,0.19211184205727908,Low,"['Repeat buyer with 1 previous orders', 'Strong seller rating (4.6)']",Handle after higher-priority leads,Medium,Micro,10119.52,8
2881,465,19.2,0.19158139284041148,Low,"['Critical urgency', 'Large buyer', 'Large quantity (16 units)', 'Strong seller rating (4.8)']",Handle after higher-priority leads,Critical,Large,12027.82,16
3036,231,19.2,0.19195606011408892,Low,"['Repeat buyer with 1 previous orders', 'Large buyer', 'Large quantity (12 units)']",Handle after higher-priority leads,Medium,Large,18733.44,12
4746,352,19.2,0.1917463574341758,Low,"['High urgency', 'Repeat buyer with 0 previous orders', 'High inquiry value (₹27,167)', 'Large quantity (10 units)']",Handle after higher-priority leads,High,Micro,27167.04,10
2758,521,19.2,0.1922091302591886,Low,"['High urgency', 'Repeat buyer with 0 previous orders', 'High inquiry value (₹45,632)', 'Large quantity (16 units)']",Handle after higher-priority leads,High,Micro,45632.37,16
1416,633,19.2,0.1917463574341758,Low,"['High urgency', 'Repeat buyer with 0 previous orders']",Handle after higher-priority leads,High,Medium,14306.51,9
581,52,19.2,0.1920668066110163,Low,"['High urgency', 'Repeat buyer with 0 previous orders', 'High inquiry value (₹34,692)', 'Large quantity (11 units)']",Handle after higher-priority leads,High,Small,34691.93,11
2544,773,19.1,0.19093527395800794,Low,['Repeat buyer with 1 previous orders'],Handle after higher-priority leads,Medium,Medium,10834.94,8
628,449,19.1,0.19142250523997967,Low,"['High urgency', 'Repeat buyer with 0 previous orders', 'High inquiry value (₹24,627)', 'Large quantity (15 units)']",Handle after higher-priority leads,High,Small,24627.0,15
2846,232,19.1,0.19112122037346732,Low,"['Repeat buyer with 0 previous orders', 'Enterprise buyer', 'High inquiry value (₹32,415)', 'Large quantity (14 units)']",Handle after higher-priority leads,Medium,Enterprise,32415.18,14
664,6,19.1,0.19142250523997967,Low,"['High urgency', 'Repeat buyer with 0 previous orders']",Handle after higher-priority leads,High,Small,6991.65,9
3337,766,19.1,0.19091100338482464,Low,"['Repeat buyer with 1 previous orders', 'Large buyer', 'Large quantity (17 units)']",Handle after higher-priority leads,Medium,Large,18185.58,17
541,73,19.1,0.19117283533110685,Low,"['Repeat buyer with 1 previous orders', 'Strong seller rating (4.6)']",Handle after higher-priority leads,Medium,Micro,13453.29,9
4773,918,19.0,0.19032774216564124,Low,"['Repeat buyer with 1 previous orders', 'Large quantity (21 units)']",Handle after higher-priority leads,Medium,Small,17994.39,21
2657,880,19.0,0.19008342864093455,Low,['Repeat buyer with 1 previous orders'],Handle after higher-priority leads,Medium,Medium,12069.45,8
3613,905,19.0,0.19008342864093455,Low,"['Repeat buyer with 1 previous orders', 'High inquiry value (₹20,718)', 'Large quantity (11 units)']",Handle after higher-priority leads,Medium,Small,20717.92,11
2130,737,19.0,0.19008342864093455,Low,"['Repeat buyer with 1 previous orders', 'High inquiry value (₹31,866)', 'Large quantity (13 units)']",Handle after higher-priority leads,Medium,Small,31866.44,13
4542,607,19.0,0.19032774216564124,Low,"['Repeat buyer with 1 previous orders', 'Large quantity (11 units)']",Handle after higher-priority leads,Medium,Micro,16319.9,11
1006,95,19.0,0.19000231862816355,Low,"['High urgency', 'Repeat buyer with 0 previous orders']",Handle after higher-priority leads,High,Micro,8873.81,8
4677,739,19.0,0.19026145723767815,Low,"['High urgency', 'Repeat buyer with 0 previous orders', 'Large quantity (13 units)', 'Strong seller rating (4.7)']",Handle after higher-priority leads,High,Medium,15458.36,13
1540,873,19.0,0.19007261641543033,Low,"['High urgency', 'Repeat buyer with 0 previous orders', 'Large buyer', 'High inquiry value (₹37,858)']",Handle after higher-priority leads,High,Large,37858.21,15
2702,240,19.0,0.19008342864093455,Low,"['Repeat buyer with 1 previous orders', 'High inquiry value (₹20,396)', 'Large quantity (12 units)', 'Strong seller rating (4.5)']",Handle after higher-priority leads,Medium,Medium,20395.99,12
4721,208,19.0,0.19007261641543033,Low,"['High urgency', 'Repeat buyer with 0 previous orders', 'Large buyer', 'High inquiry value (₹26,442)']",Handle after higher-priority leads,High,Large,26442.04,16
4738,200,19.0,0.19008342864093455,Low,"['Repeat buyer with 1 previous orders', 'Large quantity (11 units)']",Handle after higher-priority leads,Medium,Medium,19212.11,11
116,118,19.0,0.19032774216564124,Low,['Repeat buyer with 1 previous orders'],Handle after higher-priority leads,Medium,Micro,6800.07,8
680,659,18.9,0.18874776838289958,Low,"['Critical urgency', 'Large buyer', 'Large quantity (10 units)']",Handle after higher-priority leads,Critical,Large,15711.77,10
1137,583,18.9,0.1894779725383066,Low,"['Repeat buyer with 1 previous orders', 'Strong seller rating (4.6)']",Handle after higher-priority leads,Medium,Small,4975.74,9
650,542,18.9,0.1894779725383066,Low,"['Repeat buyer with 1 previous orders', 'High inquiry value (₹35,195)', 'Large quantity (19 units)', 'Strong seller rating (4.6)']",Handle after higher-priority leads,Medium,Medium,35195.49,19
1081,193,18.9,0.18870404691512127,Low,"['Repeat buyer with 1 previous orders', 'Large quantity (10 units)']",Handle after higher-priority leads,Medium,Small,11474.51,10
1957,186,18.9,0.18907265129395265,Low,"['High urgency', 'Repeat buyer with 0 previous orders', 'Large quantity (13 units)']",Handle after higher-priority leads,High,Medium,12323.91,13
3710,193,18.9,0.1888418878721453,Low,"['High urgency', 'Repeat buyer with 0 previous orders']",Handle after higher-priority leads,High,Small,16258.66,8
3044,964,18.9,0.18888527512267334,Low,"['Repeat buyer with 1 previous orders', 'Large buyer', 'Large quantity (15 units)']",Handle after higher-priority leads,Medium,Large,14282.5,15
3275,402,18.9,0.188755862872071,Low,"['Repeat buyer with 1 previous orders', 'Large buyer', 'High inquiry value (₹31,502)', 'Large quantity (14 units)']",Handle after higher-priority leads,Medium,Large,31501.77,14
4234,184,18.9,0.188755862872071,Low,"['Repeat buyer with 1 previous orders', 'Large buyer', 'Large quantity (15 units)']",Handle after higher-priority leads,Medium,Large,15559.83,15
3025,637,18.9,0.18881748609489188,Low,"['Repeat buyer with 1 previous orders', 'Strong seller rating (4.6)']",Handle after higher-priority leads,Medium,Small,6468.74,7
59,52,18.9,0.18907265129395265,Low,"['High urgency', 'Repeat buyer with 0 previous orders', 'High inquiry value (₹27,193)', 'Large quantity (12 units)']",Handle after higher-priority leads,High,Small,27193.46,12
4320,284,18.9,0.18936665374598857,Low,"['High urgency', 'Repeat buyer with 0 previous orders', 'Large buyer', 'High inquiry value (₹22,437)']",Handle after higher-priority leads,High,Large,22436.75,12
2246,388,18.9,0.18902437512938755,Low,"['Repeat buyer with 1 previous orders', 'Large quantity (10 units)']",Handle after higher-priority leads,Medium,Small,13295.16,10
4968,791,18.8,0.18755541603330908,Low,"['Repeat buyer with 1 previous orders', 'Large quantity (19 units)']",Handle after higher-priority leads,Medium,Small,10154.78,19
1926,333,18.8,0.1884953319788022,Low,"['Repeat buyer with 1 previous orders', 'Large buyer', 'Large quantity (13 units)']",Handle after higher-priority leads,Medium,Large,11044.79,13
3535,171,18.8,0.18752846142759633,Low,"['Repeat buyer with 0 previous orders', 'Enterprise buyer', 'High inquiry value (₹22,731)', 'Large quantity (11 units)']",Handle after higher-priority leads,Medium,Enterprise,22731.08,11
2631,715,18.8,0.18764455036747113,Low,"['Repeat buyer with 1 previous orders', 'Large buyer', 'Large quantity (10 units)']",Handle after higher-priority leads,Medium,Large,12809.73,10
1531,750,18.8,0.1882075200090961,Low,"['Repeat buyer with 1 previous orders', 'Large quantity (15 units)']",Handle after higher-priority leads,Medium,Medium,17536.79,15
1910,95,18.7,0.1871269851608621,Low,"['High urgency', 'Repeat buyer with 0 previous orders', 'High inquiry value (₹26,425)']",Handle after higher-priority leads,High,Medium,26424.97,9
3216,523,18.7,0.1871269851608621,Low,"['High urgency', 'Repeat buyer with 0 previous orders', 'High inquiry value (₹30,610)', 'Large quantity (14 units)']",Handle after higher-priority leads,High,Micro,30609.62,14
626,155,18.7,0.18730944197531843,Low,"['High urgency', 'Repeat buyer with 0 previous orders', 'Large quantity (10 units)']",Handle after higher-priority leads,High,Medium,7030.48,10
2934,922,18.7,0.18730944197531843,Low,"['High urgency', 'Repeat buyer with 0 previous orders', 'High inquiry value (₹33,515)', 'Large quantity (15 units)']",Handle after higher-priority leads,High,Small,33514.61,15
1557,508,18.7,0.1870525905159178,Low,"['High urgency', 'Repeat buyer with 0 previous orders', 'High inquiry value (₹30,802)', 'Large quantity (14 units)']",Handle after higher-priority leads,High,Medium,30801.76,14
585,906,18.7,0.1871269851608621,Low,"['High urgency', 'Repeat buyer with 0 previous orders', 'High inquiry value (₹20,886)']",Handle after higher-priority leads,High,Medium,20885.92,8
1598,846,18.7,0.18679285346036184,Low,"['Repeat buyer with 1 previous orders', 'Large quantity (14 units)']",Handle after higher-priority leads,Medium,Medium,19318.58,14
1075,735,18.7,0.18730944197531843,Low,"['High urgency', 'Repeat buyer with 0 previous orders', 'High inquiry value (₹21,772)', 'Large quantity (12 units)']",Handle after higher-priority leads,High,Small,21772.26,12
4764,229,18.7,0.18719912435731706,Low,"['High urgency', 'Repeat buyer with 0 previous orders', 'Large quantity (10 units)']",Handle after higher-priority leads,High,Small,9398.32,10
3508,476,18.7,0.1871269851608621,Low,"['High urgency', 'Repeat buyer with 0 previous orders', 'Large quantity (16 units)']",Handle after higher-priority leads,High,Micro,16218.06,16
4656,899,18.7,0.1870525905159178,Low,"['High urgency', 'Repeat buyer with 0 previous orders', 'High inquiry value (₹37,539)', 'Large quantity (15 units)']",Handle after higher-priority leads,High,Medium,37538.63,15
4689,57,18.7,0.1870525905159178,Low,"['High urgency', 'Repeat buyer with 0 previous orders', 'High inquiry value (₹21,841)', 'Large quantity (15 units)']",Handle after higher-priority leads,High,Medium,21840.81,15
1161,462,18.7,0.18712180979269327,Low,"['Repeat buyer with 1 previous orders', 'Large quantity (12 units)']",Handle after higher-priority leads,Medium,Medium,19661.37,12
3631,383,18.7,0.1871269851608621,Low,"['High urgency', 'Repeat buyer with 0 previous orders', 'Large quantity (13 units)']",Handle after higher-priority leads,High,Small,11491.29,13
3420,269,18.7,0.18737472418333326,Low,"['Repeat buyer with 1 previous orders', 'High inquiry value (₹46,426)', 'Large quantity (18 units)']",Handle after higher-priority leads,Medium,Micro,46425.63,18
4177,17,18.6,0.1856155935944886,Low,"['High urgency', 'Repeat buyer with 0 previous orders', 'High inquiry value (₹33,911)', 'Large quantity (15 units)']",Handle after higher-priority leads,High,Medium,33910.63,15
3967,592,18.6,0.18640943117733713,Low,"['Repeat buyer with 1 previous orders', 'Large quantity (17 units)']",Handle after higher-priority leads,Medium,Medium,18076.79,17
1254,429,18.6,0.18584066467403595,Low,"['Repeat buyer with 1 previous orders', 'High inquiry value (₹34,383)', 'Large quantity (17 units)']",Handle after higher-priority leads,Medium,Medium,34383.3,17
4726,969,18.6,0.18626503664459965,Low,"['Repeat buyer with 1 previous orders', 'High inquiry value (₹30,004)', 'Large quantity (11 units)']",Handle after higher-priority leads,Medium,Small,30004.2,11
3277,966,18.6,0.1855016311000035,Low,['Repeat buyer with 1 previous orders'],Handle after higher-priority leads,Medium,Medium,17669.9,8
2634,696,18.6,0.18625436752629035,Low,"['Repeat buyer with 1 previous orders', 'Large buyer', 'High inquiry value (₹34,582)', 'Large quantity (15 units)']",Handle after higher-priority leads,Medium,Large,34581.94,15
2084,107,18.5,0.18527062179875217,Low,"['Repeat buyer with 1 previous orders', 'Large buyer', 'High inquiry value (₹29,856)', 'Large quantity (18 units)']",Handle after higher-priority leads,Medium,Large,29855.66,18
4790,527,18.5,0.1854874819544974,Low,"['High urgency', 'Enterprise buyer', 'High inquiry value (₹34,847)', 'Large quantity (17 units)']",Handle after higher-priority leads,High,Enterprise,34846.65,17
2765,162,18.5,0.18527062179875217,Low,"['Repeat buyer with 1 previous orders', 'Large buyer', 'High inquiry value (₹26,885)', 'Large quantity (17 units)']",Handle after higher-priority leads,Medium,Large,26884.99,17
437,310,18.5,0.18522157282154167,Low,"['Repeat buyer with 1 previous orders', 'High inquiry value (₹30,962)', 'Large quantity (17 units)']",Handle after higher-priority leads,Medium,Small,30962.23,17
1608,264,18.5,0.18534626694649814,Low,"['Repeat buyer with 2 previous orders', 'High inquiry value (₹24,949)', 'Large quantity (12 units)']",Handle after higher-priority leads,Medium,Micro,24949.05,12
2095,211,18.5,0.18524044171007217,Low,"['Repeat buyer with 1 previous orders', 'Large buyer', 'High inquiry value (₹24,422)', 'Large quantity (17 units)']",Handle after higher-priority leads,Medium,Large,24421.53,17
4007,278,18.5,0.18538990784051299,Low,"['Repeat buyer with 1 previous orders', 'Large buyer', 'High inquiry value (₹21,864)', 'Large quantity (12 units)']",Handle after higher-priority leads,Medium,Large,21864.33,12
4914,904,18.5,0.18544911840809586,Low,"['Repeat buyer with 1 previous orders', 'Large quantity (11 units)']",Handle after higher-priority leads,Medium,Medium,14968.22,11
4185,240,18.4,0.18371802708872842,Low,"['Repeat buyer with 1 previous orders', 'Large quantity (12 units)']",Handle after higher-priority leads,Medium,Small,15296.58,12
483,544,18.4,0.18409892097839822,Low,"['Repeat buyer with 1 previous orders', 'High inquiry value (₹29,970)', 'Large quantity (15 units)']",Handle after higher-priority leads,Medium,Medium,29970.13,15
3120,496,18.4,0.183989322396492,Low,"['Critical urgency', 'High inquiry value (₹21,545)', 'Large quantity (12 units)']",Handle after higher-priority leads,Critical,Small,21545.23,12
1217,832,18.3,0.18263431455282828,Low,"['High urgency', 'Repeat buyer with 0 previous orders', 'Large quantity (12 units)']",Handle after higher-priority leads,High,Medium,16002.75,12
1459,17,18.3,0.18250292843732824,Low,['High urgency'],Handle after higher-priority leads,High,Micro,9409.6,7
4017,999,18.3,0.18263431455282828,Low,"['High urgency', 'Repeat buyer with 0 previous orders', 'High inquiry value (₹21,343)', 'Large quantity (11 units)']",Handle after higher-priority leads,High,Small,21342.91,11
2454,107,18.3,0.1830853202795901,Low,"['High urgency', 'Repeat buyer with 0 previous orders', 'Large quantity (11 units)']",Handle after higher-priority leads,High,Small,7380.93,11
891,550,18.3,0.18312391827262037,Low,"['Repeat buyer with 1 previous orders', 'Large buyer', 'High inquiry value (₹26,159)', 'Large quantity (13 units)']",Handle after higher-priority leads,Medium,Large,26159.28,13
3057,256,18.3,0.18263431455282828,Low,"['High urgency', 'Repeat buyer with 0 previous orders']",Handle after higher-priority leads,High,Small,8483.28,8
1602,4,18.3,0.18312391827262037,Low,"['Repeat buyer with 1 previous orders', 'Large buyer', 'Large quantity (12 units)']",Handle after higher-priority leads,Medium,Large,12148.98,12
1058,730,18.3,0.1832706667085,Low,"['Repeat buyer with 1 previous orders', 'Large quantity (13 units)']",Handle after higher-priority leads,Medium,Medium,17838.34,13
4598,60,18.3,0.18299800770922314,Low,"['High urgency', 'Repeat buyer with 0 previous orders']",Handle after higher-priority leads,High,Micro,8651.33,9
4820,662,18.3,0.18286983884458943,Low,['High urgency'],Handle after higher-priority leads,High,Micro,18354.8,6
3002,831,18.3,0.18312768352394465,Low,"['Repeat buyer with 1 previous orders', 'Large buyer', 'Large quantity (12 units)']",Handle after higher-priority leads,Medium,Large,13197.0,12
326,127,18.3,0.18312768352394465,Low,"['Repeat buyer with 1 previous orders', 'Large buyer', 'High inquiry value (₹20,243)', 'Large quantity (11 units)']",Handle after higher-priority leads,Medium,Large,20243.31,11
3350,422,18.3,0.18252159772891063,Low,"['High urgency', 'Repeat buyer with 0 previous orders', 'High inquiry value (₹35,668)', 'Large quantity (16 units)']",Handle after higher-priority leads,High,Small,35667.94,16
4889,275,18.3,0.18307314537093536,Low,"['High urgency', 'Strong seller rating (4.6)']",Handle after higher-priority leads,High,Medium,3719.2,8
1895,493,18.3,0.18312768352394465,Low,"['Repeat buyer with 1 previous orders', 'Large buyer', 'High inquiry value (₹38,776)', 'Large quantity (13 units)']",Handle after higher-priority leads,Medium,Large,38776.05,13
4199,639,18.3,0.18312768352394465,Low,"['Repeat buyer with 1 previous orders', 'Large buyer', 'Large quantity (13 units)']",Handle after higher-priority leads,Medium,Large,16393.33,13
1459,236,18.3,0.18263431455282828,Low,"['High urgency', 'Repeat buyer with 0 previous orders', 'Large quantity (16 units)']",Handle after higher-priority leads,High,Small,7377.11,16
3455,690,18.3,0.18263431455282828,Low,"['High urgency', 'Repeat buyer with 0 previous orders', 'High inquiry value (₹29,201)', 'Large quantity (10 units)']",Handle after higher-priority leads,High,Small,29201.35,10
2859,447,18.3,0.18252076068669026,Low,"['High urgency', 'Repeat buyer with 0 previous orders', 'Large quantity (12 units)']",Handle after higher-priority leads,High,Micro,17353.47,12
2864,873,18.3,0.18311028281951672,Low,"['High urgency', 'Repeat buyer with 0 previous orders', 'Large quantity (11 units)', 'Strong seller rating (4.6)']",Handle after higher-priority leads,High,Medium,13897.1,11
1657,954,18.2,0.18163344778241064,Low,"['Repeat buyer with 0 previous orders', 'Large quantity (12 units)', 'Strong seller rating (4.9)']",Handle after higher-priority leads,Medium,Medium,17466.36,12
583,846,18.2,0.181629088673834,Low,"['Repeat buyer with 1 previous orders', 'High inquiry value (₹44,137)', 'Large quantity (16 units)']",Handle after higher-priority leads,Medium,Medium,44136.78,16
2683,710,18.2,0.18193072459089915,Low,"['Repeat buyer with 1 previous orders', 'Large buyer', 'High inquiry value (₹25,623)', 'Large quantity (13 units)']",Handle after higher-priority leads,Medium,Large,25623.15,13
2050,435,18.2,0.18193072459089915,Low,"['Repeat buyer with 1 previous orders', 'Large buyer', 'High inquiry value (₹20,544)', 'Large quantity (11 units)']",Handle after higher-priority leads,Medium,Large,20543.74,11
2347,445,18.2,0.181629088673834,Low,"['Repeat buyer with 1 previous orders', 'High inquiry value (₹20,213)', 'Large quantity (12 units)']",Handle after higher-priority leads,Medium,Medium,20213.36,12
4503,469,18.2,0.18180108697873212,Low,"['Repeat buyer with 0 previous orders', 'Enterprise buyer', 'High inquiry value (₹29,295)', 'Large quantity (12 units)']",Handle after higher-priority leads,Medium,Enterprise,29294.78,12
501,788,18.2,0.1820247536986608,Low,"['High urgency', 'Repeat buyer with 0 previous orders', 'High inquiry value (₹23,175)', 'Large quantity (12 units)']",Handle after higher-priority leads,High,Small,23175.36,12
1303,499,18.1,0.18078132707620034,Low,"['Repeat buyer with 1 previous orders', 'High inquiry value (₹36,249)', 'Large quantity (13 units)']",Handle after higher-priority leads,Medium,Small,36248.81,13
2557,61,18.1,0.18144187659701003,Low,"['High urgency', 'Repeat buyer with 0 previous orders', 'Large quantity (14 units)']",Handle after higher-priority leads,High,Micro,16997.4,14
4568,174,18.1,0.18050272303089004,Low,"['High urgency', 'Repeat buyer with 0 previous orders', 'Large buyer', 'High inquiry value (₹34,391)']",Handle after higher-priority leads,High,Large,34391.44,14
1911,380,18.1,0.18061997345666267,Low,"['High urgency', 'Repeat buyer with 0 previous orders', 'High inquiry value (₹25,383)', 'Large quantity (13 units)']",Handle after higher-priority leads,High,Micro,25382.58,13
4117,934,18.1,0.1812024064894975,Low,"['Repeat buyer with 1 previous orders', 'Large quantity (16 units)']",Handle after higher-priority leads,Medium,Small,17471.36,16
796,580,18.1,0.18088320491795157,Low,"['Repeat buyer with 1 previous orders', 'Large buyer', 'High inquiry value (₹33,012)', 'Large quantity (13 units)']",Handle after higher-priority leads,Medium,Large,33011.96,13
1992,982,18.1,0.1808105359442282,Low,"['High urgency', 'Repeat buyer with 0 previous orders', 'High inquiry value (₹25,058)', 'Large quantity (16 units)']",Handle after higher-priority leads,High,Medium,25058.17,16
4830,764,18.1,0.18145474791036081,Low,"['Critical urgency', 'High inquiry value (₹21,372)', 'Large quantity (13 units)', 'Strong seller rating (4.5)']",Handle after higher-priority leads,Critical,Small,21372.39,13
2066,678,18.1,0.18141569697438914,Low,"['Repeat buyer with 1 previous orders', 'High inquiry value (₹31,277)', 'Large quantity (15 units)', 'Strong seller rating (4.7)']",Handle after higher-priority leads,Medium,Medium,31277.33,15
2144,159,18.1,0.18141569697438914,Low,['Repeat buyer with 1 previous orders'],Handle after higher-priority leads,Medium,Small,17215.02,8
3441,978,18.1,0.18085511147125766,Low,"['High urgency', 'Repeat buyer with 0 previous orders', 'Large quantity (11 units)']",Handle after higher-priority leads,High,Medium,11280.21,11
3518,634,18.0,0.18023074667611533,Low,"['Critical urgency', 'High inquiry value (₹25,567)', 'Large quantity (13 units)']",Handle after higher-priority leads,Critical,Medium,25567.25,13
3669,401,18.0,0.18019879234319633,Low,"['Repeat buyer with 1 previous orders', 'High inquiry value (₹37,802)', 'Large quantity (17 units)']",Handle after higher-priority leads,Medium,Medium,37801.65,17
3949,47,18.0,0.1801569043119901,Low,"['High urgency', 'High inquiry value (₹46,133)', 'Large quantity (17 units)', 'Strong seller rating (4.7)']",Handle after higher-priority leads,High,Micro,46132.81,17
1662,922,18.0,0.1798692335564162,Low,"['Repeat buyer with 1 previous orders', 'High inquiry value (₹24,232)', 'Large quantity (19 units)']",Handle after higher-priority leads,Medium,Small,24231.98,19
99,827,18.0,0.18003815886172364,Low,"['Repeat buyer with 1 previous orders', 'Large buyer', 'High inquiry value (₹42,729)', 'Large quantity (15 units)']",Handle after higher-priority leads,Medium,Large,42729.25,15
1586,433,18.0,0.17994900008344492,Low,['Repeat buyer with 1 previous orders'],Handle after higher-priority leads,Medium,Small,11286.46,6
171,233,18.0,0.1801177139385799,Low,"['High urgency', 'Repeat buyer with 0 previous orders', 'High inquiry value (₹22,976)', 'Large quantity (13 units)']",Handle after higher-priority leads,High,Medium,22975.95,13
4644,140,18.0,0.1804190583397046,Low,"['High urgency', 'Repeat buyer with 0 previous orders', 'Large quantity (14 units)']",Handle after higher-priority leads,High,Medium,9844.94,14
163,869,18.0,0.18044268081111162,Low,"['High urgency', 'Repeat buyer with 0 previous orders', 'Large buyer', 'Large quantity (12 units)']",Handle after higher-priority leads,High,Large,14319.35,12
4760,707,18.0,0.17994900008344492,Low,"['Repeat buyer with 1 previous orders', 'Large quantity (15 units)']",Handle after higher-priority leads,Medium,Medium,18302.99,15
2613,856,18.0,0.17962283996611467,Low,['Repeat buyer with 1 previous orders'],Handle after higher-priority leads,Medium,Small,7683.87,5
791,865,17.9,0.1785429352310951,Low,"['Critical urgency', 'Repeat buyer with 0 previous orders', 'High inquiry value (₹35,410)', 'Large quantity (20 units)']",Handle after higher-priority leads,Critical,Medium,35410.24,20
1887,317,17.9,0.17855435787080812,Low,"['High urgency', 'Repeat buyer with 0 previous orders', 'High inquiry value (₹20,746)', 'Large quantity (15 units)']",Handle after higher-priority leads,High,Medium,20745.94,15
3145,283,17.9,0.1791255786766713,Low,"['Repeat buyer with 1 previous orders', 'High inquiry value (₹26,158)', 'Large quantity (10 units)']",Handle after higher-priority leads,Medium,Small,26158.33,10
3019,874,17.9,0.17889753848377277,Low,"['Critical urgency', 'High inquiry value (₹21,797)', 'Large quantity (15 units)']",Handle after higher-priority leads,Critical,Small,21797.28,15
3016,819,17.9,0.17948544624071952,Low,"['High urgency', 'Repeat buyer with 0 previous orders', 'Large quantity (11 units)']",Handle after higher-priority leads,High,Micro,12168.27,11
204,848,17.9,0.17855672983585294,Low,"['High urgency', 'Repeat buyer with 0 previous orders', 'High inquiry value (₹35,871)', 'Large quantity (14 units)']",Handle after higher-priority leads,High,Small,35870.99,14
3042,388,17.9,0.17879811320118089,Low,"['Repeat buyer with 1 previous orders', 'High inquiry value (₹20,482)', 'Large quantity (26 units)']",Handle after higher-priority leads,Medium,Medium,20482.23,26
2165,62,17.9,0.17856301203374006,Low,['Repeat buyer with 1 previous orders'],Handle after higher-priority leads,Medium,Medium,17371.81,9
4664,342,17.9,0.17855932012040604,Low,"['Repeat buyer with 1 previous orders', 'Large quantity (14 units)']",Handle after higher-priority leads,Medium,Medium,8907.21,14
2806,3,17.9,0.17855435787080812,Low,"['High urgency', 'Repeat buyer with 0 previous orders', 'High inquiry value (₹24,131)', 'Large quantity (12 units)']",Handle after higher-priority leads,High,Small,24130.71,12
4201,102,17.9,0.17859849844458903,Low,"['High urgency', 'Repeat buyer with 0 previous orders', 'Large quantity (12 units)']",Handle after higher-priority leads,High,Micro,16787.88,12
526,483,17.9,0.17862848796398414,Low,"['High urgency', 'Repeat buyer with 0 previous orders', 'High inquiry value (₹24,011)', 'Large quantity (15 units)']",Handle after higher-priority leads,High,Medium,24011.07,15
4122,357,17.9,0.17856301203374006,Low,"['Repeat buyer with 1 previous orders', 'High inquiry value (₹21,460)', 'Large quantity (10 units)']",Handle after higher-priority leads,Medium,Small,21459.98,10
620,542,17.8,0.17808336184476237,Low,"['Repeat buyer with 1 previous orders', 'Large quantity (10 units)']",Handle after higher-priority leads,Medium,Micro,12987.91,10
2659,392,17.8,0.1783178685578457,Low,"['Repeat buyer with 1 previous orders', 'High inquiry value (₹22,394)', 'Large quantity (16 units)']",Handle after higher-priority leads,Medium,Small,22394.16,16
4195,362,17.8,0.1779471911192377,Low,"['High urgency', 'Large buyer', 'High inquiry value (₹23,473)', 'Large quantity (12 units)']",Handle after higher-priority leads,High,Large,23472.61,12
4202,413,17.8,0.17787558790937158,Low,"['Repeat buyer with 1 previous orders', 'Large quantity (15 units)']",Handle after higher-priority leads,Medium,Micro,12505.75,15
4420,245,17.8,0.17827358305618077,Low,"['Repeat buyer with 0 previous orders', 'Enterprise buyer', 'Large quantity (12 units)', 'Strong seller rating (4.8)']",Handle after higher-priority leads,Medium,Enterprise,13207.78,12
4395,221,17.8,0.17808336184476237,Low,['Repeat buyer with 1 previous orders'],Handle after higher-priority leads,Medium,Micro,11072.77,8
2975,245,17.8,0.1777037796330685,Low,"['Repeat buyer with 1 previous orders', 'Large quantity (17 units)']",Handle after higher-priority leads,Medium,Medium,11288.46,17
2508,456,17.8,0.1779471911192377,Low,"['High urgency', 'High inquiry value (₹23,299)', 'Large quantity (11 units)']",Handle after higher-priority leads,High,Small,23299.12,11
3416,113,17.8,0.17808336184476237,Low,"['Repeat buyer with 1 previous orders', 'High inquiry value (₹27,309)']",Handle after higher-priority leads,Medium,Micro,27309.32,9
570,935,17.8,0.17827358305618077,Low,"['Repeat buyer with 0 previous orders', 'Enterprise buyer', 'Large quantity (10 units)']",Handle after higher-priority leads,Medium,Enterprise,12094.98,10
1616,101,17.8,0.17808336184476237,Low,['Repeat buyer with 1 previous orders'],Handle after higher-priority leads,Medium,Small,8591.92,8
2123,410,17.8,0.1779749003929174,Low,"['High urgency', 'Repeat buyer with 0 previous orders', 'Large quantity (11 units)']",Handle after higher-priority leads,High,Medium,15956.23,11
3297,237,17.8,0.17805721171437883,Low,"['Repeat buyer with 0 previous orders', 'Enterprise buyer', 'Large quantity (12 units)']",Handle after higher-priority leads,Medium,Enterprise,9079.14,12
2279,370,17.8,0.17808336184476237,Low,['Repeat buyer with 1 previous orders'],Handle after higher-priority leads,Medium,Medium,19744.09,9
3541,607,17.8,0.17789251838010606,Low,"['Repeat buyer with 0 previous orders', 'Large buyer', 'Large quantity (13 units)', 'Strong seller rating (5.0)']",Handle after higher-priority leads,Medium,Large,17736.22,13
3531,850,17.8,0.17831786419856763,Low,"['High urgency', 'Repeat buyer with 0 previous orders', 'High inquiry value (₹50,806)', 'Large quantity (19 units)']",Handle after higher-priority leads,High,Micro,50805.96,19
4865,931,17.8,0.17808336184476237,Low,"['Repeat buyer with 1 previous orders', 'Large quantity (12 units)']",Handle after higher-priority leads,Medium,Medium,18933.94,12
859,603,17.8,0.17788117181984645,Low,"['High urgency', 'Repeat buyer with 0 previous orders', 'Large quantity (20 units)']",Handle after higher-priority leads,High,Micro,17246.51,20
1482,421,17.8,0.17789251838010606,Low,"['Repeat buyer with 0 previous orders', 'Large buyer', 'Large quantity (14 units)', 'Strong seller rating (5.0)']",Handle after higher-priority leads,Medium,Large,18928.09,14
3515,754,17.8,0.17814557954874832,Low,"['Repeat buyer with 1 previous orders', 'High inquiry value (₹21,716)', 'Large quantity (16 units)']",Handle after higher-priority leads,Medium,Small,21716.09,16
792,976,17.7,0.17658012398365025,Low,"['Repeat buyer with 0 previous orders', 'Enterprise buyer', 'High inquiry value (₹33,575)', 'Large quantity (13 units)']",Handle after higher-priority leads,Medium,Enterprise,33574.73,13
1492,788,17.7,0.1767186052928922,Low,"['Repeat buyer with 1 previous orders', 'High inquiry value (₹26,736)', 'Large quantity (18 units)']",Handle after higher-priority leads,Medium,Small,26736.12,18
3081,911,17.7,0.17669962648139756,Low,"['Repeat buyer with 1 previous orders', 'Large quantity (13 units)']",Handle after higher-priority leads,Medium,Small,12896.99,13
1057,268,17.7,0.1765988876104912,Low,"['Repeat buyer with 1 previous orders', 'High inquiry value (₹23,255)', 'Large quantity (17 units)']",Handle after higher-priority leads,Medium,Small,23255.0,17
3677,52,17.7,0.1771559603350618,Low,"['Repeat buyer with 1 previous orders', 'High inquiry value (₹43,145)', 'Large quantity (16 units)']",Handle after higher-priority leads,Medium,Medium,43144.9,16
1823,882,17.7,0.17727629102548514,Low,['Repeat buyer with 1 previous orders'],Handle after higher-priority leads,Medium,Small,8502.05,9
3794,465,17.7,0.17671949804284337,Low,"['Repeat buyer with 0 previous orders', 'Enterprise buyer', 'High inquiry value (₹42,558)', 'Large quantity (17 units)']",Handle after higher-priority leads,Medium,Enterprise,42557.8,17
4904,925,17.6,0.17574651469965988,Low,"['High urgency', 'Repeat buyer with 0 previous orders', 'Large quantity (10 units)']",Handle after higher-priority leads,High,Small,6015.48,10
4557,320,17.6,0.17590521994410402,Low,"['High urgency', 'Enterprise buyer', 'Large quantity (12 units)']",Handle after higher-priority leads,High,Enterprise,17865.39,12
2702,182,17.6,0.17566143479307395,Low,"['High urgency', 'Repeat buyer with 0 previous orders', 'High inquiry value (₹23,344)', 'Large quantity (19 units)']",Handle after higher-priority leads,High,Small,23343.97,19
2850,696,17.6,0.17631068081188664,Low,['Repeat buyer with 1 previous orders'],Handle after higher-priority leads,Medium,Medium,11170.56,6
1710,83,17.6,0.17631068081188664,Low,['Repeat buyer with 1 previous orders'],Handle after higher-priority leads,Medium,Medium,15746.44,9
3616,283,17.6,0.17613707551305952,Low,"['High urgency', 'Repeat buyer with 0 previous orders', 'High inquiry value (₹30,407)', 'Large quantity (13 units)']",Handle after higher-priority leads,High,Medium,30406.88,13
557,722,17.6,0.17636831747774165,Low,"['Repeat buyer with 1 previous orders', 'High inquiry value (₹21,191)', 'Large quantity (20 units)']",Handle after higher-priority leads,Medium,Micro,21191.05,20
2237,62,17.6,0.17566143479307395,Low,"['High urgency', 'Repeat buyer with 0 previous orders', 'High inquiry value (₹46,584)', 'Large quantity (22 units)']",Handle after higher-priority leads,High,Small,46583.87,22
418,604,17.6,0.17580557387151854,Low,"['High urgency', 'Repeat buyer with 0 previous orders', 'Large quantity (14 units)', 'Strong seller rating (4.6)']",Handle after higher-priority leads,High,Small,17332.11,14
3882,313,17.6,0.17615676018597928,Low,"['Repeat buyer with 0 previous orders', 'Enterprise buyer', 'Large quantity (14 units)']",Handle after higher-priority leads,Medium,Enterprise,13224.2,14
2888,687,17.6,0.17639926548841972,Low,"['Repeat buyer with 1 previous orders', 'Enterprise buyer']",Handle after higher-priority leads,Medium,Enterprise,6755.99,7
3839,874,17.6,0.1756562590991583,Low,['Repeat buyer with 1 previous orders'],Handle after higher-priority leads,Medium,Small,9308.52,7
2012,865,17.5,0.1749252758325802,Low,"['Repeat buyer with 1 previous orders', 'High inquiry value (₹20,558)', 'Large quantity (10 units)']",Handle after higher-priority leads,Medium,Small,20558.09,10
3349,84,17.5,0.1754530828244899,Low,"['High urgency', 'Large quantity (11 units)', 'Strong seller rating (4.5)']",Handle after higher-priority leads,High,Micro,16881.27,11
1048,186,17.5,0.17452072695729917,Low,"['Repeat buyer with 1 previous orders', 'Large quantity (10 units)']",Handle after higher-priority leads,Medium,Medium,15118.0,10
3159,886,17.5,0.17528939676994812,Low,"['High urgency', 'Repeat buyer with 0 previous orders', 'High inquiry value (₹31,489)', 'Large quantity (15 units)']",Handle after higher-priority leads,High,Micro,31489.05,15
4278,580,17.5,0.17508941356607288,Low,"['High urgency', 'Repeat buyer with 0 previous orders', 'Large buyer', 'High inquiry value (₹21,888)']",Handle after higher-priority leads,High,Large,21888.27,18
2130,949,17.5,0.17452072695729917,Low,"['Repeat buyer with 1 previous orders', 'High inquiry value (₹34,624)', 'Large quantity (16 units)']",Handle after higher-priority leads,Medium,Medium,34623.63,16
2981,311,17.5,0.1749948576795346,Low,"['Repeat buyer with 1 previous orders', 'High inquiry value (₹26,535)', 'Large quantity (14 units)']",Handle after higher-priority leads,Medium,Small,26534.86,14
2411,809,17.5,0.17528939676994812,Low,"['High urgency', 'Repeat buyer with 0 previous orders', 'High inquiry value (₹33,615)', 'Large quantity (12 units)']",Handle after higher-priority leads,High,Medium,33614.68,12
3677,705,17.5,0.17536095563423673,Low,"['Repeat buyer with 1 previous orders', 'High inquiry value (₹47,963)', 'Large quantity (17 units)']",Handle after higher-priority leads,Medium,Small,47962.8,17
2763,201,17.5,0.17536095563423673,Low,"['Repeat buyer with 1 previous orders', 'High inquiry value (₹31,843)', 'Large quantity (17 units)']",Handle after higher-priority leads,Medium,Medium,31843.33,17
4287,700,17.5,0.17452072695729917,Low,"['Repeat buyer with 1 previous orders', 'High inquiry value (₹20,316)', 'Large quantity (16 units)']",Handle after higher-priority leads,Medium,Medium,20316.33,16
2891,197,17.5,0.17528939676994812,Low,"['High urgency', 'Repeat buyer with 0 previous orders', 'Large quantity (15 units)']",Handle after higher-priority leads,High,Small,12488.03,15
2060,884,17.5,0.1747719805457985,Low,"['Repeat buyer with 1 previous orders', 'Large quantity (15 units)']",Handle after higher-priority leads,Medium,Medium,19738.64,15
3499,179,17.5,0.17528939676994812,Low,"['High urgency', 'Repeat buyer with 0 previous orders', 'Large quantity (12 units)']",Handle after higher-priority leads,High,Medium,15659.5,12
4649,594,17.5,0.17528939676994812,Low,"['High urgency', 'Repeat buyer with 0 previous orders', 'High inquiry value (₹28,713)', 'Large quantity (12 units)']",Handle after higher-priority leads,High,Micro,28712.88,12
4698,251,17.5,0.17452072695729917,Low,"['Repeat buyer with 1 previous orders', 'Large quantity (16 units)']",Handle after higher-priority leads,Medium,Medium,18787.36,16
4659,896,17.5,0.17452072695729917,Low,"['Repeat buyer with 1 previous orders', 'Strong seller rating (4.5)']",Handle after higher-priority leads,Medium,Small,16512.37,8
4074,939,17.4,0.17430569621730735,Low,"['Repeat buyer with 4 previous orders', 'Enterprise buyer', 'Large quantity (13 units)', 'Strong seller rating (4.5)']",Handle after higher-priority leads,Low,Enterprise,11390.76,13
3206,726,17.4,0.17378140290936187,Low,"['Repeat buyer with 0 previous orders', 'Enterprise buyer', 'High inquiry value (₹28,725)', 'Large quantity (20 units)']",Handle after higher-priority leads,Medium,Enterprise,28725.21,20
2171,837,17.4,0.17372239825881908,Low,"['Repeat buyer with 1 previous orders', 'High inquiry value (₹30,617)', 'Large quantity (11 units)']",Handle after higher-priority leads,Medium,Medium,30616.74,11
804,562,17.4,0.17372239825881908,Low,"['Repeat buyer with 1 previous orders', 'Large quantity (11 units)']",Handle after higher-priority leads,Medium,Medium,16950.62,11
707,98,17.4,0.17391128536676373,Low,"['High urgency', 'Repeat buyer with 0 previous orders']",Handle after higher-priority leads,High,Small,12279.26,9
2572,100,17.4,0.17381738679553574,Low,"['Repeat buyer with 1 previous orders', 'Large quantity (12 units)']",Handle after higher-priority leads,Medium,Small,15765.12,12
2239,736,17.4,0.17402886948057067,Low,"['Critical urgency', 'Large buyer', 'Large quantity (14 units)']",Handle after higher-priority leads,Critical,Large,14309.73,14
1126,69,17.4,0.17385527959610234,Low,"['Repeat buyer with 1 previous orders', 'Large quantity (11 units)']",Handle after higher-priority leads,Medium,Medium,7981.51,11
97,637,17.4,0.17364165746736676,Low,"['High urgency', 'Large quantity (15 units)']",Handle after higher-priority leads,High,Small,19648.27,15
174,526,17.3,0.1733663967878868,Low,"['Repeat buyer with 1 previous orders', 'Large quantity (11 units)']",Handle after higher-priority leads,Medium,Medium,7947.4,11
2426,949,17.3,0.17308289446091177,Low,"['High urgency', 'Enterprise buyer', 'High inquiry value (₹28,019)', 'Large quantity (11 units)']",Handle after higher-priority leads,High,Enterprise,28018.97,11
1597,546,17.3,0.17308289446091177,Low,"['High urgency', 'Enterprise buyer', 'Large quantity (12 units)']",Handle after higher-priority leads,High,Enterprise,16645.76,12
4881,349,17.3,0.17338204912802013,Low,"['Repeat buyer with 1 previous orders', 'Large quantity (15 units)']",Handle after higher-priority leads,Medium,Small,13600.23,15
2773,170,17.3,0.17308755561450623,Low,"['High urgency', 'Repeat buyer with 0 previous orders', 'High inquiry value (₹30,876)', 'Large quantity (14 units)']",Handle after higher-priority leads,High,Medium,30876.31,14
2138,406,17.3,0.17304789679469054,Low,"['Repeat buyer with 1 previous orders', 'High inquiry value (₹29,825)', 'Large quantity (16 units)']",Handle after higher-priority leads,Medium,Medium,29824.97,16
2269,483,17.3,0.1733663967878868,Low,"['Repeat buyer with 1 previous orders', 'High inquiry value (₹23,124)', 'Large quantity (12 units)']",Handle after higher-priority leads,Medium,Small,23124.2,12
2321,599,17.3,0.1733663967878868,Low,"['Repeat buyer with 1 previous orders', 'Large quantity (10 units)']",Handle after higher-priority leads,Medium,Micro,17103.75,10
992,666,17.3,0.17277743658823708,Low,"['High urgency', 'Repeat buyer with 0 previous orders', 'Large quantity (11 units)']",Handle after higher-priority leads,High,Small,9057.41,11
4642,471,17.3,0.1733663967878868,Low,['Repeat buyer with 1 previous orders'],Handle after higher-priority leads,Medium,Medium,9332.04,9
2098,176,17.3,0.1733663967878868,Low,['Repeat buyer with 1 previous orders'],Handle after higher-priority leads,Medium,Small,17610.75,9
1575,437,17.3,0.1729309329550192,Low,"['Repeat buyer with 1 previous orders', 'High inquiry value (₹22,945)', 'Large quantity (12 units)']",Handle after higher-priority leads,Medium,Medium,22945.38,12
1490,992,17.3,0.17308755561450623,Low,"['High urgency', 'Repeat buyer with 0 previous orders', 'Large quantity (13 units)']",Handle after higher-priority leads,High,Medium,14960.81,13
1281,651,17.2,0.17197918375221388,Low,"['Critical urgency', 'High inquiry value (₹21,644)', 'Large quantity (14 units)']",Handle after higher-priority leads,Critical,Medium,21643.8,14
1150,964,17.2,0.17247915919034973,Low,"['High urgency', 'Repeat buyer with 0 previous orders']",Handle after higher-priority leads,High,Medium,19197.93,9
4570,603,17.2,0.17168181716777894,Low,"['Repeat buyer with 1 previous orders', 'Large quantity (17 units)']",Handle after higher-priority leads,Medium,Micro,12863.28,17
2035,15,17.2,0.17247915919034973,Low,"['High urgency', 'Repeat buyer with 0 previous orders']",Handle after higher-priority leads,High,Medium,3514.72,8
1414,316,17.2,0.17247915919034973,Low,"['High urgency', 'Repeat buyer with 0 previous orders', 'Large quantity (15 units)']",Handle after higher-priority leads,High,Small,10491.45,15
3042,37,17.2,0.17247915919034973,Low,"['High urgency', 'Repeat buyer with 0 previous orders', 'High inquiry value (₹38,095)', 'Large quantity (13 units)']",Handle after higher-priority leads,High,Medium,38095.22,13
1007,287,17.2,0.17247915919034973,Low,"['High urgency', 'Repeat buyer with 0 previous orders', 'Large quantity (17 units)']",Handle after higher-priority leads,High,Small,12104.75,17
281,221,17.2,0.17247915919034973,Low,"['High urgency', 'Repeat buyer with 0 previous orders']",Handle after higher-priority leads,High,Medium,10178.29,7
4380,367,17.2,0.17247915919034973,Low,"['High urgency', 'Repeat buyer with 0 previous orders', 'Large quantity (17 units)']",Handle after higher-priority leads,High,Small,12902.47,17
2201,91,17.2,0.17215014395501047,Low,"['Repeat buyer with 3 previous orders', 'Enterprise buyer', 'Strong seller rating (4.6)']",Handle after higher-priority leads,Low,Enterprise,16294.27,9
2294,442,17.2,0.17244004424876933,Low,"['Critical urgency', 'Large buyer', 'Large quantity (15 units)']",Handle after higher-priority leads,Critical,Large,19331.26,15
3440,11,17.2,0.17247915919034973,Low,"['High urgency', 'Repeat buyer with 0 previous orders', 'High inquiry value (₹29,603)', 'Large quantity (14 units)']",Handle after higher-priority leads,High,Medium,29603.36,14
710,507,17.2,0.17247915919034973,Low,"['High urgency', 'Repeat buyer with 0 previous orders', 'High inquiry value (₹30,565)', 'Large quantity (11 units)']",Handle after higher-priority leads,High,Small,30564.62,11
2396,595,17.2,0.17247915919034973,Low,"['High urgency', 'Repeat buyer with 0 previous orders', 'Large quantity (14 units)']",Handle after higher-priority leads,High,Small,12492.52,14
3698,258,17.2,0.17247915919034973,Low,"['High urgency', 'Repeat buyer with 0 previous orders', 'Large quantity (10 units)']",Handle after higher-priority leads,High,Small,6624.01,10
4427,2,17.2,0.1718211395299055,Low,"['High urgency', 'High inquiry value (₹25,165)', 'Large quantity (10 units)']",Handle after higher-priority leads,High,Medium,25165.26,10
229,510,17.2,0.17247915919034973,Low,"['High urgency', 'Repeat buyer with 0 previous orders', 'Large quantity (10 units)']",Handle after higher-priority leads,High,Medium,14182.93,10
680,564,17.2,0.17247915919034973,Low,"['High urgency', 'Repeat buyer with 0 previous orders', 'Large quantity (12 units)']",Handle after higher-priority leads,High,Small,14408.2,12
4931,451,17.2,0.1719440345710896,Low,"['Repeat buyer with 1 previous orders', 'Large quantity (14 units)']",Handle after higher-priority leads,Medium,Micro,15292.6,14
2837,739,17.2,0.17195972471903742,Low,"['Repeat buyer with 0 previous orders', 'Enterprise buyer', 'High inquiry value (₹25,718)', 'Large quantity (14 units)']",Handle after higher-priority leads,Medium,Enterprise,25718.15,14
4671,378,17.2,0.17247915919034973,Low,"['High urgency', 'Repeat buyer with 0 previous orders']",Handle after higher-priority leads,High,Small,9694.55,7
2701,837,17.2,0.1716465544410865,Low,"['Repeat buyer with 1 previous orders', 'Large quantity (18 units)']",Handle after higher-priority leads,Medium,Micro,17813.86,18
4883,542,17.2,0.17166792368076783,Low,"['Repeat buyer with 3 previous orders', 'Large quantity (10 units)']",Handle after higher-priority leads,Medium,Small,13400.9,10
3143,79,17.2,0.17247915919034973,Low,"['High urgency', 'Repeat buyer with 0 previous orders', 'Large quantity (10 units)']",Handle after higher-priority leads,High,Medium,15401.83,10
4453,413,17.1,0.17085564829509525,Low,"['Repeat buyer with 1 previous orders', 'High inquiry value (₹21,117)', 'Large quantity (13 units)']",Handle after higher-priority leads,Medium,Medium,21117.39,13
2689,695,17.1,0.1707380648108126,Low,"['Repeat buyer with 1 previous orders', 'High inquiry value (₹40,346)', 'Large quantity (22 units)']",Handle after higher-priority leads,Medium,Small,40345.71,22
3095,259,17.1,0.17102585452625807,Low,"['Repeat buyer with 1 previous orders', 'High inquiry value (₹22,529)', 'Large quantity (10 units)']",Handle after higher-priority leads,Medium,Medium,22529.37,10
3881,390,17.1,0.17090302598876428,Low,"['High urgency', 'Enterprise buyer', 'High inquiry value (₹33,417)', 'Large quantity (15 units)']",Handle after higher-priority leads,High,Enterprise,33417.15,15
72,348,17.1,0.1711478703802088,Low,"['Repeat buyer with 0 previous orders', 'Large buyer', 'High inquiry value (₹20,974)', 'Large quantity (11 units)']",Handle after higher-priority leads,Medium,Large,20973.69,11
3719,262,17.1,0.1709046795810968,Low,"['Repeat buyer with 1 previous orders', 'High inquiry value (₹43,934)', 'Large quantity (16 units)']",Handle after higher-priority leads,Medium,Micro,43934.34,16
582,1000,17.1,0.17050371242066353,Low,"['High urgency', 'Repeat buyer with 0 previous orders', 'Large buyer', 'High inquiry value (₹27,387)']",Handle after higher-priority leads,High,Large,27386.62,15
3065,880,17.1,0.1710168077112642,Low,"['High urgency', 'High inquiry value (₹23,632)', 'Large quantity (13 units)', 'Strong seller rating (4.6)']",Handle after higher-priority leads,High,Medium,23632.02,13
4074,399,17.1,0.17085564829509525,Low,"['Repeat buyer with 1 previous orders', 'Large quantity (11 units)']",Handle after higher-priority leads,Medium,Small,11872.81,11
4287,864,17.1,0.17100582011050824,Low,"['High urgency', 'Repeat buyer with 0 previous orders', 'Large quantity (10 units)']",Handle after higher-priority leads,High,Small,13501.37,10
3277,282,17.1,0.17050371242066353,Low,"['High urgency', 'Repeat buyer with 0 previous orders', 'Large buyer', 'Large quantity (16 units)']",Handle after higher-priority leads,High,Large,13088.29,16
385,961,17.1,0.1707380648108126,Low,"['Repeat buyer with 1 previous orders', 'High inquiry value (₹20,982)', 'Large quantity (10 units)']",Handle after higher-priority leads,Medium,Small,20982.19,10
511,372,17.1,0.1707380648108126,Low,"['Repeat buyer with 1 previous orders', 'Large quantity (15 units)']",Handle after higher-priority leads,Medium,Medium,19838.09,15
4647,100,17.1,0.1709046795810968,Low,"['Repeat buyer with 1 previous orders', 'High inquiry value (₹50,765)', 'Large quantity (18 units)']",Handle after higher-priority leads,Medium,Small,50765.45,18
4221,430,17.1,0.17062162748554663,Low,['High urgency'],Handle after higher-priority leads,High,Small,7516.83,9
446,966,17.1,0.17111855741425397,Low,"['High urgency', 'Repeat buyer with 0 previous orders', 'Large quantity (12 units)']",Handle after higher-priority leads,High,Small,15832.3,12
4215,30,17.1,0.17085564829509525,Low,"['Repeat buyer with 1 previous orders', 'Large quantity (12 units)']",Handle after higher-priority leads,Medium,Medium,13317.68,12
1908,766,17.0,0.17030532838833143,Low,"['High urgency', 'Repeat buyer with 0 previous orders', 'High inquiry value (₹23,054)', 'Large quantity (14 units)']",Handle after higher-priority leads,High,Medium,23053.66,14
3984,409,17.0,0.16958958075777414,Low,"['Repeat buyer with 0 previous orders', 'Enterprise buyer', 'High inquiry value (₹21,671)', 'Large quantity (14 units)']",Handle after higher-priority leads,Medium,Enterprise,21670.9,14
2813,740,17.0,0.17030532838833143,Low,"['High urgency', 'Repeat buyer with 0 previous orders', 'Large quantity (13 units)']",Handle after higher-priority leads,High,Medium,19895.12,13
4542,702,17.0,0.16958958075777414,Low,"['Repeat buyer with 0 previous orders', 'Enterprise buyer', 'High inquiry value (₹38,143)', 'Large quantity (20 units)']",Handle after higher-priority leads,Medium,Enterprise,38142.97,20
1492,471,17.0,0.17030532838833143,Low,"['High urgency', 'Repeat buyer with 0 previous orders', 'High inquiry value (₹32,111)', 'Large quantity (13 units)']",Handle after higher-priority leads,High,Medium,32110.65,13
1157,32,17.0,0.17007750253993142,Low,"['Repeat buyer with 1 previous orders', 'High inquiry value (₹22,381)', 'Large quantity (18 units)']",Handle after higher-priority leads,Medium,Medium,22380.82,18
1064,144,17.0,0.17030532838833143,Low,"['High urgency', 'Repeat buyer with 0 previous orders', 'Large quantity (12 units)']",Handle after higher-priority leads,High,Small,6910.99,12
1527,137,17.0,0.17030532838833143,Low,"['High urgency', 'Repeat buyer with 0 previous orders', 'High inquiry value (₹28,312)', 'Large quantity (17 units)']",Handle after higher-priority leads,High,Medium,28311.86,17
120,748,17.0,0.17021729007542336,Low,"['Repeat buyer with 1 previous orders', 'High inquiry value (₹41,714)', 'Large quantity (15 units)']",Handle after higher-priority leads,Medium,Medium,41714.22,15
912,760,17.0,0.16958958075777414,Low,"['Repeat buyer with 0 previous orders', 'Enterprise buyer', 'High inquiry value (₹29,171)', 'Large quantity (17 units)']",Handle after higher-priority leads,Medium,Enterprise,29171.34,17
2851,864,17.0,0.17030532838833143,Low,"['High urgency', 'Repeat buyer with 0 previous orders', 'Large quantity (10 units)']",Handle after higher-priority leads,High,Medium,19880.25,10
319,513,17.0,0.17030532838833143,Low,"['High urgency', 'Repeat buyer with 0 previous orders', 'High inquiry value (₹22,709)', 'Large quantity (13 units)']",Handle after higher-priority leads,High,Medium,22709.01,13
4152,795,17.0,0.17007750253993142,Low,"['Repeat buyer with 1 previous orders', 'Large quantity (16 units)']",Handle after higher-priority leads,Medium,Medium,12849.53,16
1740,244,17.0,0.17030532838833143,Low,"['High urgency', 'Repeat buyer with 0 previous orders', 'Large quantity (15 units)']",Handle after higher-priority leads,High,Medium,11571.55,15
2959,666,17.0,0.17030532838833143,Low,"['High urgency', 'Repeat buyer with 0 previous orders', 'High inquiry value (₹36,818)', 'Large quantity (14 units)']",Handle after higher-priority leads,High,Small,36817.65,14
4893,223,17.0,0.16958958075777414,Low,"['Repeat buyer with 0 previous orders', 'Enterprise buyer', 'High inquiry value (₹22,024)', 'Large quantity (14 units)']",Handle after higher-priority leads,Medium,Enterprise,22024.17,14
1480,725,17.0,0.16958958075777414,Low,"['Repeat buyer with 0 previous orders', 'Enterprise buyer', 'High inquiry value (₹27,459)']",Handle after higher-priority leads,Medium,Enterprise,27459.45,9
411,213,17.0,0.17030532838833143,Low,"['High urgency', 'Repeat buyer with 0 previous orders']",Handle after higher-priority leads,High,Medium,17870.55,8
4132,850,17.0,0.17030532838833143,Low,"['High urgency', 'Repeat buyer with 0 previous orders', 'High inquiry value (₹29,343)', 'Large quantity (17 units)']",Handle after higher-priority leads,High,Medium,29342.82,17
4180,950,16.9,0.16852201122023697,Low,"['Repeat buyer with 1 previous orders', 'Large quantity (11 units)']",Handle after higher-priority leads,Medium,Medium,17339.45,11
270,471,16.9,0.16897911756057404,Low,"['Repeat buyer with 0 previous orders', 'Enterprise buyer', 'High inquiry value (₹21,795)', 'Large quantity (15 units)']",Handle after higher-priority leads,Medium,Enterprise,21795.4,15
4032,63,16.9,0.16940453772494693,Low,"['Repeat buyer with 4 previous orders', 'Enterprise buyer', 'Large quantity (14 units)']",Handle after higher-priority leads,Low,Enterprise,17581.47,14
1704,596,16.9,0.16947715399456934,Low,"['High urgency', 'Repeat buyer with 0 previous orders', 'High inquiry value (₹33,065)', 'Large quantity (20 units)']",Handle after higher-priority leads,High,Medium,33064.52,20
4977,812,16.9,0.1686172304799838,Low,"['High urgency', 'Strong seller rating (4.5)']",Handle after higher-priority leads,High,Small,6271.92,9
39,172,16.9,0.1694501048401342,Low,"['High urgency', 'Large quantity (13 units)']",Handle after higher-priority leads,High,Small,17740.07,13
1963,947,16.9,0.1691125249414955,Low,"['Repeat buyer with 1 previous orders', 'High inquiry value (₹29,821)', 'Large quantity (14 units)']",Handle after higher-priority leads,Medium,Medium,29821.38,14
2446,349,16.9,0.16878489201761931,Low,"['Critical urgency', 'Large quantity (12 units)']",Handle after higher-priority leads,Critical,Small,10101.14,12
1702,55,16.9,0.16873051185554194,Low,['Repeat buyer with 1 previous orders'],Handle after higher-priority leads,Medium,Micro,17524.1,9
4489,800,16.9,0.16890971147245842,Low,"['Repeat buyer with 1 previous orders', 'High inquiry value (₹33,051)', 'Large quantity (14 units)']",Handle after higher-priority leads,Medium,Medium,33051.23,14
83,747,16.9,0.16940453772494693,Low,"['Repeat buyer with 3 previous orders', 'Enterprise buyer', 'Large quantity (15 units)']",Handle after higher-priority leads,Low,Enterprise,15183.91,15
1907,284,16.9,0.16924293869115614,Low,"['Repeat buyer with 1 previous orders', 'Large quantity (15 units)']",Handle after higher-priority leads,Medium,Small,17211.41,15
4908,366,16.9,0.16935362321797762,Low,"['High urgency', 'Strong seller rating (4.9)']",Handle after higher-priority leads,High,Medium,11269.65,8
2975,691,16.8,0.1675822601722558,Low,"['High urgency', 'High inquiry value (₹30,486)', 'Large quantity (20 units)', 'Strong seller rating (5.0)']",Handle after higher-priority leads,High,Small,30485.62,20
2282,265,16.8,0.1675823973830255,Low,"['Repeat buyer with 2 previous orders', 'Enterprise buyer', 'Large quantity (12 units)']",Handle after higher-priority leads,Low,Enterprise,18154.23,12
3305,60,16.8,0.16814208268877343,Low,"['Repeat buyer with 1 previous orders', 'Enterprise buyer', 'Large quantity (15 units)']",Handle after higher-priority leads,Low,Enterprise,13609.63,15
4558,634,16.8,0.16848211504071586,Low,"['Repeat buyer with 1 previous orders', 'High inquiry value (₹24,943)', 'Large quantity (12 units)']",Handle after higher-priority leads,Medium,Small,24943.31,12
1196,120,16.8,0.16808135509229072,Low,"['High urgency', 'High inquiry value (₹50,262)', 'Large quantity (17 units)']",Handle after higher-priority leads,High,Medium,50262.46,17
388,175,16.8,0.16791922242398385,Low,"['Repeat buyer with 3 previous orders', 'Enterprise buyer']",Handle after higher-priority leads,Low,Enterprise,8144.89,9
2148,544,16.8,0.16780439535929542,Low,"['Repeat buyer with 0 previous orders', 'High inquiry value (₹24,080)', 'Large quantity (13 units)']",Handle after higher-priority leads,Medium,Small,24080.41,13
4295,127,16.8,0.16833871500790887,Low,"['Repeat buyer with 1 previous orders', 'High inquiry value (₹20,022)', 'Large quantity (10 units)']",Handle after higher-priority leads,Medium,Micro,20022.4,10
1065,799,16.8,0.1682502464619972,Low,"['High urgency', 'Repeat buyer with 0 previous orders', 'High inquiry value (₹24,365)']",Handle after higher-priority leads,High,Small,24365.25,9
3405,315,16.8,0.1679306008586675,Low,['Repeat buyer with 1 previous orders'],Handle after higher-priority leads,Medium,Small,17948.88,9
366,560,16.8,0.1680731032380728,Low,"['Repeat buyer with 1 previous orders', 'Large buyer', 'High inquiry value (₹24,612)', 'Large quantity (10 units)']",Handle after higher-priority leads,Medium,Large,24612.05,10
785,991,16.8,0.1682502464619972,Low,"['High urgency', 'Repeat buyer with 0 previous orders', 'High inquiry value (₹31,240)', 'Large quantity (16 units)']",Handle after higher-priority leads,High,Small,31239.72,16
959,83,16.8,0.16811575577854682,Low,"['High urgency', 'Repeat buyer with 0 previous orders', 'High inquiry value (₹27,653)', 'Large quantity (18 units)']",Handle after higher-priority leads,High,Small,27653.47,18
2493,807,16.8,0.1679810758424365,Low,"['Repeat buyer with 1 previous orders', 'High inquiry value (₹31,518)', 'Large quantity (13 units)']",Handle after higher-priority leads,Medium,Small,31517.96,13
4135,451,16.8,0.16766461617165562,Low,"['High urgency', 'Large buyer', 'High inquiry value (₹28,767)', 'Large quantity (12 units)']",Handle after higher-priority leads,High,Large,28767.17,12
4008,969,16.7,0.16678628214664165,Low,"['High urgency', 'Repeat buyer with 0 previous orders', 'Large quantity (14 units)']",Handle after higher-priority leads,High,Medium,19829.93,14
3568,404,16.7,0.1666728234242953,Low,"['Repeat buyer with 4 previous orders', 'Enterprise buyer', 'Large quantity (16 units)']",Handle after higher-priority leads,Low,Enterprise,13561.24,16
18,546,16.7,0.16678628214664165,Low,"['High urgency', 'Repeat buyer with 0 previous orders', 'Large quantity (13 units)']",Handle after higher-priority leads,High,Small,13684.19,13
2870,114,16.7,0.16688402510113726,Low,"['Repeat buyer with 3 previous orders', 'Enterprise buyer', 'Large quantity (11 units)']",Handle after higher-priority leads,Low,Enterprise,16018.02,11
4874,144,16.7,0.1671454513195775,Low,"['Repeat buyer with 0 previous orders', 'Large quantity (12 units)', 'Strong seller rating (5.0)']",Handle after higher-priority leads,Medium,Medium,19942.33,12
4852,247,16.7,0.16720503862044991,Low,"['Repeat buyer with 1 previous orders', 'High inquiry value (₹29,637)', 'Large quantity (16 units)']",Handle after higher-priority leads,Medium,Small,29636.67,16
238,317,16.7,0.16690640635477577,Low,"['Repeat buyer with 0 previous orders', 'Large buyer', 'Large quantity (17 units)', 'Strong seller rating (5.0)']",Handle after higher-priority leads,Medium,Large,19330.64,17
3544,152,16.7,0.16683727099438822,Low,"['High urgency', 'Repeat buyer with 0 previous orders', 'Large quantity (14 units)']",Handle after higher-priority leads,High,Small,10890.91,14
4489,290,16.7,0.1671454513195775,Low,"['Repeat buyer with 0 previous orders', 'Large quantity (15 units)', 'Strong seller rating (4.8)']",Handle after higher-priority leads,Medium,Micro,19333.79,15
1514,455,16.6,0.1658380519561515,Low,"['Repeat buyer with 1 previous orders', 'High inquiry value (₹27,440)', 'Large quantity (14 units)']",Handle after higher-priority leads,Medium,Medium,27439.78,14
991,313,16.6,0.1658380519561515,Low,"['Repeat buyer with 1 previous orders', 'High inquiry value (₹35,947)', 'Large quantity (13 units)']",Handle after higher-priority leads,Medium,Small,35947.4,13
1687,447,16.6,0.16572323141439624,Low,"['Repeat buyer with 1 previous orders', 'Large quantity (12 units)']",Handle after higher-priority leads,Medium,Medium,18445.64,12
4691,754,16.6,0.16624209671387594,Low,"['Repeat buyer with 1 previous orders', 'High inquiry value (₹20,592)', 'Large quantity (13 units)']",Handle after higher-priority leads,Medium,Small,20591.76,13
1797,944,16.6,0.1660042604249733,Low,"['Repeat buyer with 1 previous orders', 'Large quantity (10 units)']",Handle after higher-priority leads,Medium,Small,7683.96,10
3994,914,16.6,0.16602701574727502,Low,"['Repeat buyer with 1 previous orders', 'Enterprise buyer', 'Large quantity (10 units)', 'Strong seller rating (5.0)']",Handle after higher-priority leads,Low,Enterprise,18456.32,10
110,150,16.5,0.16512198283617976,Low,"['Repeat buyer with 1 previous orders', 'High inquiry value (₹33,276)', 'Large quantity (15 units)']",Handle after higher-priority leads,Medium,Medium,33275.79,15
815,107,16.5,0.16463343494815616,Low,"['High urgency', 'Repeat buyer with 0 previous orders', 'Large quantity (10 units)']",Handle after higher-priority leads,High,Small,5866.45,10
4841,844,16.5,0.16457761135357815,Low,"['High urgency', 'Repeat buyer with 0 previous orders', 'Large quantity (12 units)']",Handle after higher-priority leads,High,Small,16181.76,12
290,295,16.5,0.16467882853650254,Low,"['Repeat buyer with 1 previous orders', 'High inquiry value (₹22,760)', 'Large quantity (11 units)']",Handle after higher-priority leads,Medium,Medium,22759.51,11
654,124,16.5,0.16521470519010972,Low,"['Repeat buyer with 1 previous orders', 'Large quantity (11 units)']",Handle after higher-priority leads,Medium,Medium,11300.67,11
4970,493,16.5,0.16511005624688432,Low,"['Repeat buyer with 0 previous orders', 'Enterprise buyer', 'Large quantity (17 units)']",Handle after higher-priority leads,Medium,Enterprise,18348.8,17
1467,476,16.5,0.16525626075624467,Low,"['Repeat buyer with 1 previous orders', 'High inquiry value (₹29,152)', 'Large quantity (13 units)']",Handle after higher-priority leads,Medium,Medium,29151.76,13
2664,513,16.5,0.16488067895453573,Low,"['Repeat buyer with 4 previous orders', 'Large buyer', 'Large quantity (13 units)', 'Strong seller rating (4.6)']",Handle after higher-priority leads,Low,Large,15536.67,13
3456,395,16.5,0.16467882853650254,Low,"['Repeat buyer with 1 previous orders', 'High inquiry value (₹28,950)', 'Large quantity (15 units)']",Handle after higher-priority leads,Medium,Medium,28950.27,15
1597,912,16.5,0.16467882853650254,Low,"['Repeat buyer with 1 previous orders', 'High inquiry value (₹29,031)', 'Large quantity (16 units)']",Handle after higher-priority leads,Medium,Medium,29031.32,16
1017,97,16.5,0.1647251136011219,Low,"['High urgency', 'Large quantity (11 units)']",Handle after higher-priority leads,High,Small,12348.97,11
3719,773,16.5,0.16488067895453573,Low,"['Repeat buyer with 3 previous orders', 'Large buyer', 'High inquiry value (₹26,187)', 'Large quantity (11 units)']",Handle after higher-priority leads,Low,Large,26186.6,11
317,818,16.5,0.16464285595452732,Low,"['Repeat buyer with 3 previous orders', 'Large buyer', 'High inquiry value (₹29,945)', 'Large quantity (15 units)']",Handle after higher-priority leads,Low,Large,29945.28,15
3268,362,16.5,0.16488067895453573,Low,"['Repeat buyer with 5 previous orders', 'Large buyer', 'Large quantity (11 units)', 'Strong seller rating (4.5)']",Handle after higher-priority leads,Low,Large,15600.57,11
4821,520,16.5,0.16482845445337022,Low,"['Repeat buyer with 0 previous orders', 'High inquiry value (₹27,210)', 'Large quantity (10 units)', 'Strong seller rating (4.8)']",Handle after higher-priority leads,Medium,Small,27210.2,10
1579,967,16.5,0.16477203057737813,Low,"['Repeat buyer with 3 previous orders', 'Enterprise buyer', 'High inquiry value (₹21,629)', 'Large quantity (10 units)']",Handle after higher-priority leads,Low,Enterprise,21629.02,10
4899,36,16.4,0.1643667231833885,Low,"['High urgency', 'Repeat buyer with 0 previous orders', 'High inquiry value (₹35,060)', 'Large quantity (12 units)']",Handle after higher-priority leads,High,Medium,35060.42,12
1303,327,16.4,0.16432919008342844,Low,"['Repeat buyer with 2 previous orders', 'Enterprise buyer']",Handle after higher-priority leads,Low,Enterprise,17046.71,9
633,865,16.4,0.16374181499097187,Low,"['Repeat buyer with 1 previous orders', 'Enterprise buyer', 'High inquiry value (₹21,245)', 'Large quantity (12 units)']",Handle after higher-priority leads,Low,Enterprise,21244.94,12
2090,146,16.4,0.164195122796456,Low,"['Repeat buyer with 1 previous orders', 'Enterprise buyer', 'Strong seller rating (4.6)']",Handle after higher-priority leads,Low,Enterprise,18473.87,8
667,640,16.4,0.16389820674958816,Low,['Repeat buyer with 1 previous orders'],Handle after higher-priority leads,Medium,Medium,4692.34,8
1763,901,16.4,0.16350803441261808,Low,"['High urgency', 'High inquiry value (₹28,715)', 'Large quantity (17 units)']",Handle after higher-priority leads,High,Medium,28715.04,17
2860,840,16.4,0.16418400350247223,Low,"['Repeat buyer with 0 previous orders', 'Enterprise buyer', 'High inquiry value (₹51,133)', 'Large quantity (18 units)']",Handle after higher-priority leads,Medium,Enterprise,51132.63,18
621,92,16.4,0.16432919008342844,Low,"['Repeat buyer with 5 previous orders', 'Enterprise buyer', 'Large quantity (11 units)']",Handle after higher-priority leads,Low,Enterprise,17245.39,11
3439,597,16.4,0.16412119206400924,Low,['Repeat buyer with 1 previous orders'],Handle after higher-priority leads,Medium,Medium,8123.12,9
1696,755,16.4,0.1639484851594707,Low,"['Repeat buyer with 4 previous orders', 'Enterprise buyer', 'Large quantity (11 units)', 'Strong seller rating (4.7)']",Handle after higher-priority leads,Low,Enterprise,13783.11,11
3440,869,16.4,0.16356844560503678,Low,"['Repeat buyer with 1 previous orders', 'High inquiry value (₹29,218)', 'Large quantity (16 units)']",Handle after higher-priority leads,Medium,Small,29217.59,16
373,238,16.3,0.16348974845711597,Low,"['High urgency', 'Large quantity (14 units)', 'Strong seller rating (5.0)']",Handle after higher-priority leads,High,Small,9145.89,14
2559,176,16.3,0.16349848858509694,Low,"['High urgency', 'Enterprise buyer', 'High inquiry value (₹24,786)', 'Large quantity (10 units)']",Handle after higher-priority leads,High,Enterprise,24786.48,10
4134,319,16.3,0.16258326999054956,Low,"['Repeat buyer with 5 previous orders', 'Large buyer']",Handle after higher-priority leads,Low,Large,8363.11,7
1197,190,16.3,0.16276743303648436,Low,"['Enterprise buyer', 'High inquiry value (₹22,867)', 'Large quantity (15 units)', 'Strong seller rating (5.0)']",Handle after higher-priority leads,Medium,Enterprise,22866.96,15
2869,798,16.3,0.16258326999054956,Low,"['Repeat buyer with 3 previous orders', 'Large buyer', 'Large quantity (15 units)']",Handle after higher-priority leads,Low,Large,13704.05,15
2390,102,16.3,0.1631493628399534,Low,['Repeat buyer with 1 previous orders'],Handle after higher-priority leads,Medium,Small,15246.96,8
3251,471,16.3,0.16257516572261446,Low,"['Repeat buyer with 1 previous orders', 'Large quantity (14 units)']",Handle after higher-priority leads,Medium,Micro,19245.95,14
3809,735,16.3,0.16258326999054956,Low,"['Repeat buyer with 3 previous orders', 'Large buyer', 'High inquiry value (₹26,412)', 'Large quantity (15 units)']",Handle after higher-priority leads,Low,Large,26412.07,15
2653,468,16.3,0.162864482561516,Low,"['Repeat buyer with 1 previous orders', 'Enterprise buyer', 'High inquiry value (₹36,609)', 'Large quantity (15 units)']",Handle after higher-priority leads,Medium,Enterprise,36609.25,15
2886,224,16.3,0.16349848858509694,Low,"['High urgency', 'Enterprise buyer']",Handle after higher-priority leads,High,Enterprise,10484.23,6
4481,549,16.3,0.16258326999054956,Low,"['Repeat buyer with 2 previous orders', 'Large buyer', 'Large quantity (11 units)']",Handle after higher-priority leads,Low,Large,8827.27,11
204,691,16.3,0.16330130677934288,Low,"['Repeat buyer with 1 previous orders', 'High inquiry value (₹23,564)', 'Large quantity (12 units)']",Handle after higher-priority leads,Medium,Small,23563.66,12
4480,310,16.3,0.16314121087646918,Low,"['Repeat buyer with 1 previous orders', 'Large quantity (15 units)']",Handle after higher-priority leads,Medium,Medium,16246.09,15
4219,467,16.3,0.1631493628399534,Low,['Repeat buyer with 1 previous orders'],Handle after higher-priority leads,Medium,Medium,9262.35,9
1684,925,16.2,0.1615321964966935,Low,"['High urgency', 'Repeat buyer with 0 previous orders', 'Large quantity (13 units)']",Handle after higher-priority leads,High,Small,18873.53,13
69,613,16.2,0.16231708261783379,Low,"['Repeat buyer with 1 previous orders', 'Enterprise buyer', 'High inquiry value (₹25,268)', 'Large quantity (11 units)']",Handle after higher-priority leads,Low,Enterprise,25267.78,11
1942,979,16.2,0.16234662749914075,Low,"['Repeat buyer with 1 previous orders', 'Enterprise buyer']",Handle after higher-priority leads,Low,Enterprise,14542.74,9
4671,206,16.2,0.16238619535549087,Low,"['High urgency', 'Large quantity (13 units)']",Handle after higher-priority leads,High,Medium,6897.72,13
4582,71,16.2,0.16196980388639917,Low,"['Repeat buyer with 1 previous orders', 'Large quantity (14 units)']",Handle after higher-priority leads,Medium,Medium,12333.44,14
3845,607,16.2,0.16195553373791047,Low,['Repeat buyer with 1 previous orders'],Handle after higher-priority leads,Medium,Medium,10664.94,8
3071,287,16.2,0.16245082898444171,Low,"['High urgency', 'Repeat buyer with 0 previous orders', 'Large quantity (13 units)']",Handle after higher-priority leads,High,Medium,12153.15,13
360,158,16.2,0.161832614097032,Low,"['Repeat buyer with 4 previous orders', 'Large buyer', 'Large quantity (16 units)']",Handle after higher-priority leads,Low,Large,8599.28,16
2121,930,16.2,0.16221709600322173,Low,"['Repeat buyer with 0 previous orders', 'High inquiry value (₹23,540)', 'Large quantity (13 units)']",Handle after higher-priority leads,Medium,Small,23539.98,13
4997,629,16.1,0.16071323447998348,Low,"['Repeat buyer with 0 previous orders', 'High inquiry value (₹21,543)', 'Large quantity (12 units)', 'Strong seller rating (4.8)']",Handle after higher-priority leads,Medium,Micro,21542.82,12
29,360,16.1,0.1614772211961611,Low,"['High urgency', 'Repeat buyer with 0 previous orders', 'Large quantity (15 units)']",Handle after higher-priority leads,High,Micro,19850.78,15
939,319,16.1,0.1614772211961611,Low,"['High urgency', 'Repeat buyer with 0 previous orders', 'Large quantity (16 units)']",Handle after higher-priority leads,High,Medium,14639.04,16
4396,521,16.1,0.16071323447998348,Low,"['Repeat buyer with 0 previous orders', 'Large quantity (14 units)', 'Strong seller rating (4.8)']",Handle after higher-priority leads,Medium,Medium,16225.75,14
4645,316,16.1,0.1614772211961611,Low,"['High urgency', 'Repeat buyer with 0 previous orders', 'Large quantity (13 units)']",Handle after higher-priority leads,High,Micro,15820.4,13
3090,566,16.1,0.1607886794602403,Low,"['Repeat buyer with 0 previous orders', 'Enterprise buyer', 'Large quantity (16 units)']",Handle after higher-priority leads,Medium,Enterprise,14651.72,16
3462,60,16.1,0.16063756872609325,Low,"['High urgency', 'High inquiry value (₹24,511)', 'Large quantity (13 units)']",Handle after higher-priority leads,High,Small,24510.61,13
2139,270,16.1,0.16056538210674282,Low,"['Critical urgency', 'Large buyer', 'High inquiry value (₹42,042)', 'Large quantity (15 units)']",Handle after higher-priority leads,Critical,Large,42041.67,15
2080,259,16.1,0.1610292998842674,Low,"['Repeat buyer with 2 previous orders', 'Large buyer', 'Strong seller rating (4.9)']",Handle after higher-priority leads,Low,Large,8629.99,6
3179,22,16.1,0.1609695908413461,Low,"['Repeat buyer with 1 previous orders', 'Large quantity (11 units)']",Handle after higher-priority leads,Medium,Small,10239.48,11
2093,783,16.1,0.16117130783343786,Low,"['Repeat buyer with 1 previous orders', 'High inquiry value (₹24,824)', 'Large quantity (17 units)']",Handle after higher-priority leads,Medium,Micro,24823.66,17
4054,988,16.0,0.15987617038316318,Low,"['High urgency', 'Large buyer', 'High inquiry value (₹21,537)', 'Large quantity (16 units)']",Handle after higher-priority leads,High,Large,21536.54,16
4912,153,16.0,0.15983228404395486,Low,"['Repeat buyer with 4 previous orders', 'Enterprise buyer', 'High inquiry value (₹28,165)', 'Large quantity (11 units)']",Handle after higher-priority leads,Low,Enterprise,28165.11,11
4541,326,16.0,0.15953056103897822,Low,"['High urgency', 'Large buyer', 'Large quantity (11 units)']",Handle after higher-priority leads,High,Large,12709.54,11
1571,2,16.0,0.15978005608976353,Low,"['High urgency', 'Repeat buyer with 0 previous orders']",Handle after higher-priority leads,High,Small,8458.17,7
729,111,16.0,0.1601049233060873,Low,['High urgency'],Handle after higher-priority leads,High,Medium,7133.67,9
2950,643,16.0,0.160301283467652,Low,"['Repeat buyer with 2 previous orders', 'Enterprise buyer', 'High inquiry value (₹44,044)', 'Large quantity (16 units)']",Handle after higher-priority leads,Low,Enterprise,44044.39,16
2004,52,16.0,0.1601152196210594,Low,"['Repeat buyer with 1 previous orders', 'Large quantity (19 units)']",Handle after higher-priority leads,Medium,Small,18377.69,19
2283,434,16.0,0.1599288714172942,Low,"['Repeat buyer with 2 previous orders', 'Enterprise buyer', 'Large quantity (11 units)']",Handle after higher-priority leads,Low,Enterprise,6485.66,11
4357,709,16.0,0.15993725415075197,Low,"['Repeat buyer with 1 previous orders', 'Large quantity (12 units)']",Handle after higher-priority leads,Medium,Medium,17299.13,12
2861,61,16.0,0.16038822707003572,Low,"['Repeat buyer with 0 previous orders', 'Large quantity (18 units)', 'Strong seller rating (5.0)']",Handle after higher-priority leads,Medium,Micro,10465.27,18
549,541,16.0,0.15993725415075197,Low,['Repeat buyer with 1 previous orders'],Handle after higher-priority leads,Medium,Small,9270.52,6
1824,24,16.0,0.1599837567040603,Low,"['Repeat buyer with 1 previous orders', 'High inquiry value (₹23,275)', 'Large quantity (16 units)']",Handle after higher-priority leads,Medium,Medium,23275.27,16
2650,279,15.9,0.15949715375128745,Low,"['Repeat buyer with 0 previous orders', 'Large buyer', 'Large quantity (13 units)', 'Strong seller rating (4.8)']",Handle after higher-priority leads,Medium,Large,17000.82,13
1353,71,15.9,0.15900631312658933,Low,"['Repeat buyer with 2 previous orders', 'Large buyer', 'High inquiry value (₹24,371)', 'Large quantity (15 units)']",Handle after higher-priority leads,Low,Large,24371.09,15
2200,36,15.9,0.15946287952219093,Low,"['Repeat buyer with 1 previous orders', 'High inquiry value (₹27,867)', 'Large quantity (13 units)']",Handle after higher-priority leads,Medium,Medium,27867.14,13
5000,725,15.9,0.15861123158301393,Low,"['High urgency', 'Repeat buyer with 0 previous orders', 'Large quantity (18 units)']",Handle after higher-priority leads,High,Medium,15005.22,18
141,11,15.9,0.1594697473040779,Low,"['High urgency', 'Repeat buyer with 0 previous orders', 'High inquiry value (₹31,532)', 'Large quantity (13 units)']",Handle after higher-priority leads,High,Medium,31532.5,13
4303,806,15.9,0.1586110953141027,Low,"['Repeat buyer with 3 previous orders', 'Enterprise buyer', 'High inquiry value (₹23,156)']",Handle after higher-priority leads,Low,Enterprise,23156.47,9
1319,833,15.9,0.15850478296866183,Low,"['Repeat buyer with 0 previous orders', 'High inquiry value (₹21,796)', 'Large quantity (19 units)']",Handle after higher-priority leads,Medium,Small,21795.87,19
4455,552,15.9,0.1594697473040779,Low,"['High urgency', 'Repeat buyer with 0 previous orders', 'High inquiry value (₹31,343)', 'Large quantity (13 units)']",Handle after higher-priority leads,High,Micro,31342.63,13
4369,907,15.9,0.15928775768184988,Low,"['Repeat buyer with 0 previous orders', 'Large quantity (15 units)', 'Strong seller rating (4.8)']",Handle after higher-priority leads,Medium,Medium,18938.31,15
552,695,15.9,0.1585468218226599,Low,"['Critical urgency', 'Large buyer', 'High inquiry value (₹55,949)', 'Large quantity (19 units)']",Handle after higher-priority leads,Critical,Large,55948.84,19
1518,20,15.8,0.15846930300788295,Low,['Repeat buyer with 3 previous orders'],Handle after higher-priority leads,Low,Medium,5873.41,9
3578,823,15.8,0.15760347015810466,Low,"['Repeat buyer with 0 previous orders', 'Large buyer', 'Large quantity (11 units)']",Handle after higher-priority leads,Medium,Large,9457.4,11
529,563,15.8,0.1577836249268942,Low,"['Repeat buyer with 3 previous orders', 'Large buyer', 'Large quantity (10 units)', 'Strong seller rating (4.9)']",Handle after higher-priority leads,Low,Large,15324.14,10
2553,129,15.8,0.15757918483091995,Low,"['Repeat buyer with 0 previous orders', 'Large buyer', 'High inquiry value (₹49,497)', 'Large quantity (19 units)']",Handle after higher-priority leads,Medium,Large,49496.75,19
3458,551,15.8,0.15839359850678633,Low,"['High urgency', 'Repeat buyer with 0 previous orders', 'High inquiry value (₹22,536)', 'Large quantity (15 units)']",Handle after higher-priority leads,High,Small,22535.53,15
2832,80,15.8,0.1578837841006363,Low,"['Repeat buyer with 0 previous orders', 'Enterprise buyer', 'Large quantity (11 units)']",Handle after higher-priority leads,Medium,Enterprise,15437.96,11
126,581,15.8,0.15846930300788295,Low,"['Repeat buyer with 5 previous orders', 'High inquiry value (₹48,008)', 'Large quantity (19 units)']",Handle after higher-priority leads,Low,Medium,48008.06,19
943,224,15.7,0.15718567743324116,Low,"['Repeat buyer with 0 previous orders', 'Large buyer', 'Large quantity (12 units)', 'Strong seller rating (5.0)']",Handle after higher-priority leads,Medium,Large,6572.84,12
3297,714,15.7,0.15745587821820275,Low,['Repeat buyer with 1 previous orders'],Handle after higher-priority leads,Medium,Small,14807.58,9
1111,884,15.7,0.15730228108250627,Low,"['Repeat buyer with 0 previous orders', 'Large buyer', 'Strong seller rating (4.5)']",Handle after higher-priority leads,Medium,Large,18457.83,9
1152,404,15.7,0.15733919760212653,Low,"['Repeat buyer with 0 previous orders', 'Large quantity (12 units)', 'Strong seller rating (4.7)']",Handle after higher-priority leads,Medium,Micro,5687.45,12
3118,210,15.7,0.15666129634445702,Low,"['Repeat buyer with 6 previous orders', 'High inquiry value (₹35,393)', 'Large quantity (18 units)']",Handle after higher-priority leads,Low,Small,35392.77,18
2626,194,15.7,0.15666129634445702,Low,['Repeat buyer with 6 previous orders'],Handle after higher-priority leads,Low,Small,14454.22,6
1330,962,15.7,0.15659338898583078,Low,['Repeat buyer with 1 previous orders'],Handle after higher-priority leads,Medium,Medium,5809.43,8
2847,318,15.7,0.15746311022491316,Low,"['Repeat buyer with 0 previous orders', 'Enterprise buyer', 'High inquiry value (₹26,575)', 'Large quantity (16 units)']",Handle after higher-priority leads,Medium,Enterprise,26575.27,16
3983,380,15.7,0.15679161748511572,Low,"['Repeat buyer with 0 previous orders', 'High inquiry value (₹46,237)', 'Large quantity (17 units)', 'Strong seller rating (4.7)']",Handle after higher-priority leads,Medium,Small,46237.16,17
1967,929,15.7,0.15745587821820275,Low,"['Repeat buyer with 1 previous orders', 'High inquiry value (₹21,412)', 'Large quantity (12 units)']",Handle after higher-priority leads,Medium,Micro,21412.19,12
4537,408,15.7,0.15746311022491316,Low,"['Repeat buyer with 0 previous orders', 'Enterprise buyer', 'High inquiry value (₹20,867)', 'Large quantity (12 units)']",Handle after higher-priority leads,Medium,Enterprise,20867.1,12
4515,8,15.7,0.15666129634445702,Low,"['Repeat buyer with 4 previous orders', 'High inquiry value (₹23,314)']",Handle after higher-priority leads,Low,Medium,23313.71,9
3427,23,15.7,0.15745587821820275,Low,"['Repeat buyer with 1 previous orders', 'Large quantity (11 units)']",Handle after higher-priority leads,Medium,Medium,13398.73,11
3630,156,15.7,0.15677539027587165,Low,"['Repeat buyer with 2 previous orders', 'Large buyer', 'High inquiry value (₹24,208)', 'Large quantity (14 units)']",Handle after higher-priority leads,Low,Large,24207.81,14
3514,255,15.7,0.15694763216547242,Low,"['High urgency', 'Repeat buyer with 0 previous orders', 'High inquiry value (₹29,947)', 'Large quantity (15 units)']",Handle after higher-priority leads,High,Medium,29946.92,15
2393,61,15.7,0.15735996381342104,Low,"['Repeat buyer with 2 previous orders', 'Enterprise buyer', 'Large quantity (14 units)']",Handle after higher-priority leads,Low,Enterprise,12935.39,14
1534,369,15.7,0.1566412454385266,Low,"['Repeat buyer with 0 previous orders', 'Large buyer', 'Large quantity (16 units)', 'Strong seller rating (4.7)']",Handle after higher-priority leads,Medium,Large,12729.62,16
3937,484,15.7,0.15739284417838717,Low,"['Repeat buyer with 0 previous orders', 'Enterprise buyer', 'Large quantity (15 units)']",Handle after higher-priority leads,Medium,Enterprise,8805.11,15
3474,9,15.7,0.15677539027587165,Low,"['Repeat buyer with 3 previous orders', 'Large buyer', 'High inquiry value (₹20,767)']",Handle after higher-priority leads,Low,Large,20766.66,9
2519,691,15.6,0.15570037608312137,Low,"['Repeat buyer with 0 previous orders', 'Enterprise buyer', 'High inquiry value (₹25,764)', 'Large quantity (20 units)']",Handle after higher-priority leads,Medium,Enterprise,25764.14,20
314,825,15.6,0.15556668359588738,Low,"['Repeat buyer with 2 previous orders', 'Large buyer', 'Large quantity (19 units)']",Handle after higher-priority leads,Low,Large,15618.47,19
3150,864,15.6,0.15581216032173864,Low,"['High urgency', 'High inquiry value (₹22,953)', 'Large quantity (10 units)']",Handle after higher-priority leads,High,Micro,22952.66,10
448,496,15.6,0.15565570549598054,Low,"['High urgency', 'Repeat buyer with 0 previous orders', 'Large quantity (16 units)']",Handle after higher-priority leads,High,Small,14263.15,16
2168,893,15.6,0.1561805742716944,Low,"['Repeat buyer with 0 previous orders', 'Large buyer', 'High inquiry value (₹35,922)', 'Large quantity (20 units)']",Handle after higher-priority leads,Medium,Large,35921.96,20
537,380,15.6,0.156108460519654,Low,"['Repeat buyer with 0 previous orders', 'Large buyer', 'Large quantity (12 units)']",Handle after higher-priority leads,Medium,Large,11569.09,12
3457,996,15.6,0.15591937508180376,Low,"['Repeat buyer with 0 previous orders', 'Large buyer', 'High inquiry value (₹35,130)', 'Large quantity (20 units)']",Handle after higher-priority leads,Medium,Large,35129.95,20
1333,648,15.6,0.15565570549598054,Low,"['High urgency', 'Repeat buyer with 0 previous orders', 'High inquiry value (₹22,115)', 'Large quantity (11 units)']",Handle after higher-priority leads,High,Small,22114.66,11
1092,238,15.6,0.15565570549598054,Low,"['High urgency', 'Repeat buyer with 0 previous orders', 'High inquiry value (₹21,232)', 'Large quantity (10 units)']",Handle after higher-priority leads,High,Small,21232.21,10
2846,126,15.6,0.15565570549598054,Low,"['High urgency', 'Repeat buyer with 0 previous orders', 'High inquiry value (₹20,368)', 'Large quantity (17 units)']",Handle after higher-priority leads,High,Micro,20368.4,17
3763,82,15.6,0.15590080080033636,Low,"['Repeat buyer with 2 previous orders', 'Large quantity (12 units)']",Handle after higher-priority leads,Low,Small,10399.74,12
853,983,15.5,0.15538859307668423,Low,"['Repeat buyer with 0 previous orders', 'Large buyer']",Handle after higher-priority leads,Medium,Large,17298.16,9
304,896,15.5,0.15538859307668423,Low,"['Repeat buyer with 0 previous orders', 'Large buyer']",Handle after higher-priority leads,Medium,Large,9342.21,9
578,608,15.5,0.1548778550808506,Low,"['Repeat buyer with 1 previous orders', 'Large quantity (15 units)']",Handle after higher-priority leads,Medium,Small,17085.65,15
4553,678,15.5,0.15477170900155215,Low,['Repeat buyer with 2 previous orders'],Handle after higher-priority leads,Low,Small,14206.35,9
1783,476,15.5,0.15490948070421057,Low,"['Repeat buyer with 0 previous orders', 'High inquiry value (₹24,133)', 'Large quantity (19 units)']",Handle after higher-priority leads,Medium,Small,24132.89,19
165,330,15.5,0.1548778550808506,Low,"['Repeat buyer with 1 previous orders', 'Large quantity (12 units)']",Handle after higher-priority leads,Medium,Small,6170.29,12
707,813,15.5,0.1551155110071488,Low,"['Repeat buyer with 2 previous orders', 'Large buyer', 'Large quantity (11 units)']",Handle after higher-priority leads,Low,Large,19825.1,11
730,731,15.5,0.15477170900155215,Low,"['Repeat buyer with 3 previous orders', 'High inquiry value (₹20,297)', 'Large quantity (15 units)', 'Strong seller rating (4.5)']",Handle after higher-priority leads,Low,Medium,20297.18,15
1141,833,15.5,0.1546830667975874,Low,"['Repeat buyer with 3 previous orders', 'High inquiry value (₹32,454)', 'Large quantity (17 units)']",Handle after higher-priority leads,Low,Medium,32454.39,17
568,661,15.5,0.1548778550808506,Low,"['Repeat buyer with 1 previous orders', 'High inquiry value (₹26,414)', 'Large quantity (10 units)']",Handle after higher-priority leads,Medium,Micro,26414.34,10
2844,452,15.5,0.154760215605157,Low,"['Repeat buyer with 0 previous orders', 'Large buyer', 'Large quantity (13 units)']",Handle after higher-priority leads,Medium,Large,16826.46,13
533,815,15.5,0.15477170900155215,Low,"['Repeat buyer with 2 previous orders', 'High inquiry value (₹25,092)', 'Large quantity (12 units)', 'Strong seller rating (4.8)']",Handle after higher-priority leads,Low,Medium,25092.25,12
4192,792,15.5,0.15471742821783974,Low,['Repeat buyer with 1 previous orders'],Handle after higher-priority leads,Medium,Medium,13586.74,7
4060,403,15.5,0.15479552645473246,Low,"['Repeat buyer with 0 previous orders', 'Enterprise buyer']",Handle after higher-priority leads,Medium,Enterprise,11868.69,8
4515,947,15.5,0.15532383750449694,Low,"['High urgency', 'Repeat buyer with 0 previous orders', 'High inquiry value (₹23,162)', 'Large quantity (13 units)']",Handle after higher-priority leads,High,Medium,23162.45,13
3317,190,15.5,0.1553745373034431,Low,"['Repeat buyer with 2 previous orders', 'Enterprise buyer']",Handle after higher-priority leads,Low,Enterprise,11908.63,7
3974,138,15.5,0.15490948070421057,Low,"['Repeat buyer with 0 previous orders', 'Large quantity (13 units)']",Handle after higher-priority leads,Medium,Medium,17275.54,13
4522,881,15.5,0.15510623632109935,Low,"['Repeat buyer with 0 previous orders', 'Enterprise buyer']",Handle after higher-priority leads,Medium,Enterprise,5791.77,9
4186,541,15.5,0.15477170900155215,Low,"['Repeat buyer with 3 previous orders', 'Large quantity (15 units)']",Handle after higher-priority leads,Low,Medium,11715.93,15
2886,80,15.5,0.15477170900155215,Low,"['Repeat buyer with 2 previous orders', 'High inquiry value (₹25,671)', 'Large quantity (12 units)', 'Strong seller rating (4.9)']",Handle after higher-priority leads,Low,Small,25671.17,12
1554,764,15.5,0.15482998368800663,Low,"['Repeat buyer with 0 previous orders', 'High inquiry value (₹26,056)', 'Large quantity (14 units)']",Handle after higher-priority leads,Medium,Medium,26056.11,14
4912,958,15.5,0.1551155110071488,Low,"['Repeat buyer with 4 previous orders', 'Large buyer', 'High inquiry value (₹34,240)', 'Large quantity (15 units)']",Handle after higher-priority leads,Low,Large,34240.4,15
4852,515,15.5,0.1551155110071488,Low,"['Repeat buyer with 2 previous orders', 'Large buyer', 'High inquiry value (₹57,016)', 'Large quantity (19 units)']",Handle after higher-priority leads,Low,Large,57015.55,19
4438,637,15.5,0.1553745373034431,Low,"['Repeat buyer with 2 previous orders', 'Enterprise buyer']",Handle after higher-priority leads,Low,Enterprise,4750.38,8
128,512,15.5,0.1553745373034431,Low,"['Repeat buyer with 3 previous orders', 'Enterprise buyer', 'Large quantity (10 units)', 'Strong seller rating (4.8)']",Handle after higher-priority leads,Low,Enterprise,12045.73,10
4489,46,15.4,0.1535628248568346,Low,"['Repeat buyer with 1 previous orders', 'Large quantity (11 units)']",Handle after higher-priority leads,Medium,Micro,8332.88,11
801,166,15.4,0.15400536401452247,Low,"['High urgency', 'Repeat buyer with 0 previous orders', 'High inquiry value (₹28,425)', 'Large quantity (19 units)']",Handle after higher-priority leads,High,Small,28424.53,19
2930,284,15.4,0.15372384647568094,Low,"['Repeat buyer with 0 previous orders', 'Large buyer', 'Large quantity (11 units)']",Handle after higher-priority leads,Medium,Large,16747.8,11
4509,830,15.4,0.1537292717822647,Low,"['Repeat buyer with 0 previous orders', 'Large buyer', 'Large quantity (12 units)', 'Strong seller rating (4.6)']",Handle after higher-priority leads,Medium,Large,15182.39,12
840,37,15.4,0.15405048476835043,Low,"['Repeat buyer with 4 previous orders', 'High inquiry value (₹25,337)', 'Large quantity (17 units)']",Handle after higher-priority leads,Low,Medium,25337.25,17
3907,782,15.4,0.15379159238181994,Low,"['Repeat buyer with 0 previous orders', 'High inquiry value (₹39,443)', 'Large quantity (14 units)', 'Strong seller rating (5.0)']",Handle after higher-priority leads,Medium,Micro,39443.41,14
1315,994,15.4,0.15405048476835043,Low,"['Repeat buyer with 3 previous orders', 'High inquiry value (₹24,130)', 'Large quantity (16 units)']",Handle after higher-priority leads,Low,Medium,24130.34,16
3359,470,15.4,0.1535143532166351,Low,"['High urgency', 'Repeat buyer with 0 previous orders', 'High inquiry value (₹38,486)', 'Large quantity (22 units)']",Handle after higher-priority leads,High,Micro,38486.07,22
1382,294,15.4,0.153563662014409,Low,"['Repeat buyer with 0 previous orders', 'Large quantity (10 units)']",Handle after higher-priority leads,Medium,Small,18831.63,10
2720,307,15.4,0.153563662014409,Low,"['Repeat buyer with 0 previous orders', 'High inquiry value (₹20,238)', 'Large quantity (13 units)', 'Strong seller rating (4.7)']",Handle after higher-priority leads,Medium,Medium,20238.17,13
1274,934,15.4,0.15418531571068644,Low,"['Repeat buyer with 4 previous orders', 'High inquiry value (₹31,389)', 'Large quantity (15 units)']",Handle after higher-priority leads,Low,Medium,31389.09,15
4710,700,15.4,0.15351376996966262,Low,"['Repeat buyer with 1 previous orders', 'Enterprise buyer']",Handle after higher-priority leads,Low,Enterprise,11445.8,9
1075,391,15.4,0.15405048476835043,Low,"['Repeat buyer with 3 previous orders', 'Large quantity (11 units)']",Handle after higher-priority leads,Low,Medium,17094.25,11
3120,539,15.4,0.15365453760898848,Low,"['High urgency', 'Repeat buyer with 0 previous orders', 'Large quantity (14 units)']",Handle after higher-priority leads,High,Small,17563.79,14
2207,757,15.3,0.1530066212682901,Low,"['Repeat buyer with 0 previous orders', 'Large buyer', 'High inquiry value (₹29,789)', 'Large quantity (14 units)']",Handle after higher-priority leads,Medium,Large,29788.9,14
1795,748,15.3,0.15314596236607148,Low,"['High urgency', 'Large quantity (13 units)']",Handle after higher-priority leads,High,Medium,8802.82,13
1697,832,15.3,0.15308523405687657,Low,"['Repeat buyer with 3 previous orders', 'High inquiry value (₹25,745)', 'Large quantity (16 units)']",Handle after higher-priority leads,Low,Small,25744.52,16
135,403,15.3,0.15275929854600837,Low,"['Repeat buyer with 1 previous orders', 'Large quantity (15 units)']",Handle after higher-priority leads,Medium,Medium,16042.58,15
789,550,15.3,0.15275929854600837,Low,"['Repeat buyer with 1 previous orders', 'Large quantity (15 units)']",Handle after higher-priority leads,Medium,Small,10890.72,15
36,161,15.3,0.1526327776434789,Low,"['Repeat buyer with 1 previous orders', 'Large quantity (10 units)']",Handle after higher-priority leads,Medium,Small,15301.02,10
3178,473,15.3,0.1528440911567478,Low,"['Repeat buyer with 3 previous orders', 'Enterprise buyer']",Handle after higher-priority leads,Low,Enterprise,11453.9,7
3224,738,15.3,0.15313598163746414,Low,"['Repeat buyer with 0 previous orders', 'Enterprise buyer', 'Large quantity (14 units)']",Handle after higher-priority leads,Medium,Enterprise,10010.4,14
4467,31,15.3,0.15303667202582344,Low,"['Repeat buyer with 2 previous orders', 'Large buyer', 'Large quantity (10 units)']",Handle after higher-priority leads,Low,Large,16501.7,10
2617,908,15.3,0.1533504985283243,Low,"['Repeat buyer with 1 previous orders', 'Enterprise buyer', 'Large quantity (22 units)']",Handle after higher-priority leads,Low,Enterprise,14090.2,22
1539,214,15.3,0.1531701364045457,Low,"['Repeat buyer with 0 previous orders', 'High inquiry value (₹27,953)', 'Large quantity (10 units)']",Handle after higher-priority leads,Medium,Small,27953.12,10
63,40,15.3,0.1530066212682901,Low,"['Repeat buyer with 0 previous orders', 'Large buyer', 'Large quantity (14 units)']",Handle after higher-priority leads,Medium,Large,13269.25,14
4338,788,15.2,0.15175675932357358,Low,"['Repeat buyer with 0 previous orders', 'High inquiry value (₹33,387)', 'Large quantity (14 units)']",Handle after higher-priority leads,Medium,Micro,33386.95,14
4420,621,15.2,0.15199974781035902,Low,"['Repeat buyer with 1 previous orders', 'Enterprise buyer']",Handle after higher-priority leads,Low,Enterprise,4936.84,7
2734,119,15.2,0.1517163134814449,Low,"['Repeat buyer with 1 previous orders', 'Large buyer', 'High inquiry value (₹39,057)', 'Large quantity (15 units)']",Handle after higher-priority leads,Low,Large,39056.84,15
707,528,15.2,0.15228709052264622,Low,"['Repeat buyer with 1 previous orders', 'High inquiry value (₹30,246)', 'Large quantity (11 units)']",Handle after higher-priority leads,Medium,Medium,30246.28,11
1753,488,15.2,0.15200079555902415,Low,"['Repeat buyer with 0 previous orders', 'Large buyer', 'Large quantity (10 units)', 'Strong seller rating (4.7)']",Handle after higher-priority leads,Medium,Large,19311.98,10
1339,766,15.2,0.15163094030540625,Low,"['Repeat buyer with 1 previous orders', 'Large quantity (17 units)']",Handle after higher-priority leads,Medium,Small,14882.91,17
3356,631,15.2,0.15187224632965718,Low,"['Repeat buyer with 0 previous orders', 'Enterprise buyer', 'High inquiry value (₹22,783)', 'Large quantity (10 units)']",Handle after higher-priority leads,Medium,Enterprise,22783.43,10
177,325,15.2,0.15183429981332516,Low,"['Repeat buyer with 3 previous orders', 'High inquiry value (₹29,090)', 'Large quantity (11 units)']",Handle after higher-priority leads,Low,Small,29090.12,11
1614,701,15.2,0.15155904506790496,Low,"['Repeat buyer with 0 previous orders', 'Large buyer']",Handle after higher-priority leads,Medium,Large,11284.98,8
270,254,15.2,0.15187224632965718,Low,"['Repeat buyer with 0 previous orders', 'Enterprise buyer', 'High inquiry value (₹24,890)', 'Large quantity (12 units)']",Handle after higher-priority leads,Medium,Enterprise,24889.7,12
1866,842,15.2,0.15187224632965718,Low,"['Repeat buyer with 0 previous orders', 'Enterprise buyer', 'High inquiry value (₹28,317)', 'Large quantity (13 units)']",Handle after higher-priority leads,Medium,Enterprise,28316.9,13
3803,371,15.2,0.1521422449139901,Low,"['Repeat buyer with 2 previous orders', 'Large quantity (10 units)']",Handle after higher-priority leads,Low,Medium,9743.31,10
441,652,15.2,0.15190987391479818,Low,"['High urgency', 'Large quantity (11 units)']",Handle after higher-priority leads,High,Small,7209.72,11
1726,252,15.2,0.15223270768085848,Low,"['Repeat buyer with 3 previous orders', 'High inquiry value (₹23,411)', 'Large quantity (19 units)', 'Strong seller rating (5.0)']",Handle after higher-priority leads,Low,Small,23411.0,19
3579,508,15.2,0.15223270768085848,Low,"['Repeat buyer with 3 previous orders', 'High inquiry value (₹22,059)', 'Large quantity (15 units)', 'Strong seller rating (5.0)']",Handle after higher-priority leads,Low,Small,22059.4,15
193,357,15.2,0.15225229517711697,Low,"['Repeat buyer with 4 previous orders', 'High inquiry value (₹20,653)', 'Strong seller rating (5.0)']",Handle after higher-priority leads,Low,Medium,20652.87,9
1882,693,15.2,0.15152119399638203,Low,"['Repeat buyer with 3 previous orders', 'Large quantity (17 units)']",Handle after higher-priority leads,Low,Medium,15761.66,17
2067,556,15.2,0.1515407063081679,Low,"['Repeat buyer with 3 previous orders', 'Large quantity (11 units)']",Handle after higher-priority leads,Low,Medium,9206.15,11
4352,971,15.2,0.15183724962523473,Low,"['Repeat buyer with 1 previous orders', 'Large quantity (15 units)', 'Strong seller rating (4.5)']",Handle after higher-priority leads,Low,Medium,16738.43,15
3008,947,15.1,0.1511563980514588,Low,"['Repeat buyer with 2 previous orders', 'Large quantity (14 units)']",Handle after higher-priority leads,Low,Medium,15877.69,14
526,287,15.1,0.1511712837391161,Low,"['High urgency', 'Large buyer', 'High inquiry value (₹30,769)', 'Large quantity (12 units)']",Handle after higher-priority leads,High,Large,30769.44,12
150,935,15.1,0.15136795464006778,Low,"['Repeat buyer with 4 previous orders', 'High inquiry value (₹22,933)', 'Large quantity (12 units)']",Handle after higher-priority leads,Low,Small,22933.45,12
1885,768,15.1,0.1511563980514588,Low,"['Repeat buyer with 2 previous orders', 'High inquiry value (₹38,022)', 'Large quantity (20 units)']",Handle after higher-priority leads,Low,Medium,38021.64,20
2311,622,15.1,0.15140071282447287,Low,"['Repeat buyer with 0 previous orders', 'Large quantity (10 units)']",Handle after higher-priority leads,Medium,Medium,18200.34,10
1327,850,15.1,0.15107653135763813,Low,['Repeat buyer with 0 previous orders'],Handle after higher-priority leads,Medium,Small,4104.67,9
801,775,15.1,0.15129017236431136,Low,"['Repeat buyer with 0 previous orders', 'Large buyer', 'High inquiry value (₹31,553)', 'Large quantity (18 units)']",Handle after higher-priority leads,Medium,Large,31553.34,18
3175,686,15.1,0.15128769846403917,Low,"['Repeat buyer with 0 previous orders', 'Large quantity (14 units)', 'Strong seller rating (4.8)']",Handle after higher-priority leads,Medium,Medium,7675.14,14
247,623,15.1,0.15090042975515616,Low,"['Repeat buyer with 0 previous orders', 'Enterprise buyer', 'Large quantity (20 units)']",Handle after higher-priority leads,Medium,Enterprise,14807.87,20
634,594,15.1,0.1511712837391161,Low,"['High urgency', 'Large quantity (12 units)']",Handle after higher-priority leads,High,Small,15417.77,12
2357,7,15.1,0.1505494342040751,Low,"['Repeat buyer with 0 previous orders', 'Large buyer', 'Large quantity (18 units)']",Handle after higher-priority leads,Medium,Large,11187.84,18
4509,592,15.1,0.15132803292360508,Low,"['Repeat buyer with 1 previous orders', 'High inquiry value (₹41,085)', 'Large quantity (16 units)']",Handle after higher-priority leads,Medium,Small,41085.42,16
4545,991,15.1,0.15145503747298183,Low,"['Repeat buyer with 3 previous orders', 'Large quantity (13 units)', 'Strong seller rating (5.0)']",Handle after higher-priority leads,Low,Medium,13355.04,13
1136,361,15.1,0.1511712837391161,Low,"['High urgency', 'Large quantity (11 units)']",Handle after higher-priority leads,High,Small,10918.4,11
1749,161,15.1,0.15111373351734103,Low,['Repeat buyer with 2 previous orders'],Handle after higher-priority leads,Low,Medium,12680.36,9
886,217,15.1,0.15140071282447287,Low,"['Repeat buyer with 0 previous orders', 'High inquiry value (₹24,784)', 'Large quantity (10 units)']",Handle after higher-priority leads,Medium,Medium,24783.77,10
2628,319,15.1,0.15107653135763813,Low,['Repeat buyer with 0 previous orders'],Handle after higher-priority leads,Medium,Medium,4244.08,6
3818,678,15.0,0.14950316981104642,Low,['Repeat buyer with 2 previous orders'],Handle after higher-priority leads,Low,Small,11348.92,9
3590,117,15.0,0.1499596806146369,Low,"['Repeat buyer with 0 previous orders', 'High inquiry value (₹45,988)', 'Large quantity (18 units)']",Handle after higher-priority leads,Medium,Small,45987.55,18
4848,105,15.0,0.1497279795187588,Low,"['Repeat buyer with 4 previous orders', 'Enterprise buyer', 'High inquiry value (₹37,792)', 'Large quantity (13 units)']",Handle after higher-priority leads,Low,Enterprise,37792.06,13
4145,995,15.0,0.14992113255871165,Low,"['Repeat buyer with 0 previous orders', 'Enterprise buyer']",Handle after higher-priority leads,Medium,Enterprise,11339.67,9
993,181,15.0,0.15044134254624397,Low,"['Repeat buyer with 0 previous orders', 'High inquiry value (₹49,564)', 'Large quantity (25 units)']",Handle after higher-priority leads,Medium,Small,49564.41,25
1106,401,15.0,0.14965910164384935,Low,"['Repeat buyer with 0 previous orders', 'Large quantity (13 units)', 'Strong seller rating (5.0)']",Handle after higher-priority leads,Medium,Small,7932.26,13
2275,384,15.0,0.15040652189025813,Low,"['Repeat buyer with 2 previous orders', 'Large quantity (11 units)']",Handle after higher-priority leads,Low,Medium,11508.14,11
2008,266,15.0,0.14965910164384935,Low,"['Repeat buyer with 0 previous orders', 'High inquiry value (₹30,013)', 'Large quantity (15 units)', 'Strong seller rating (5.0)']",Handle after higher-priority leads,Medium,Medium,30013.07,15
2162,464,15.0,0.14965910164384935,Low,"['Repeat buyer with 0 previous orders', 'High inquiry value (₹21,262)', 'Large quantity (10 units)', 'Strong seller rating (4.9)']",Handle after higher-priority leads,Medium,Small,21262.48,10
4774,774,15.0,0.1498559621334426,Low,"['Repeat buyer with 0 previous orders', 'Large buyer', 'High inquiry value (₹22,295)', 'Large quantity (14 units)']",Handle after higher-priority leads,Medium,Large,22295.0,14
3115,228,15.0,0.14965910164384935,Low,"['Repeat buyer with 0 previous orders', 'Strong seller rating (4.9)']",Handle after higher-priority leads,Medium,Medium,17433.1,9
1206,972,15.0,0.15039715357943673,Low,"['Repeat buyer with 0 previous orders', 'Large buyer', 'High inquiry value (₹22,735)', 'Large quantity (15 units)']",Handle after higher-priority leads,Medium,Large,22734.92,15
4450,487,15.0,0.1503537244064133,Low,"['Repeat buyer with 1 previous orders', 'High inquiry value (₹45,116)', 'Large quantity (17 units)']",Handle after higher-priority leads,Medium,Medium,45115.65,17
4401,102,15.0,0.1498737394937544,Low,"['Repeat buyer with 1 previous orders', 'Large quantity (15 units)', 'Strong seller rating (4.5)']",Handle after higher-priority leads,Low,Small,17481.98,15
3655,533,14.9,0.14910600043719832,Low,"['Repeat buyer with 1 previous orders', 'High inquiry value (₹22,984)', 'Large quantity (13 units)']",Handle after higher-priority leads,Low,Small,22984.32,13
3914,593,14.9,0.14919316278430658,Low,"['Repeat buyer with 3 previous orders', 'High inquiry value (₹21,465)']",Handle after higher-priority leads,Low,Medium,21464.79,9
4989,949,14.9,0.14868623286226815,Low,"['Repeat buyer with 3 previous orders', 'Large buyer', 'Large quantity (10 units)', 'Strong seller rating (5.0)']",Handle after higher-priority leads,Low,Large,18685.34,10
2634,645,14.9,0.14919316278430658,Low,"['Repeat buyer with 3 previous orders', 'High inquiry value (₹30,713)', 'Large quantity (13 units)', 'Strong seller rating (4.9)']",Handle after higher-priority leads,Low,Medium,30712.61,13
1019,966,14.9,0.1485231728055117,Low,"['Repeat buyer with 0 previous orders', 'Large buyer', 'Large quantity (16 units)', 'Strong seller rating (4.6)']",Handle after higher-priority leads,Medium,Large,19583.07,16
2132,128,14.9,0.14919316278430658,Low,"['Repeat buyer with 2 previous orders', 'High inquiry value (₹33,757)', 'Large quantity (12 units)', 'Strong seller rating (4.6)']",Handle after higher-priority leads,Low,Small,33757.13,12
1895,487,14.9,0.14906474787596044,Low,"['Repeat buyer with 1 previous orders', 'High inquiry value (₹31,228)', 'Large quantity (14 units)']",Handle after higher-priority leads,Medium,Medium,31227.79,14
1571,17,14.9,0.14919316278430658,Low,"['Repeat buyer with 2 previous orders', 'Large quantity (11 units)', 'Strong seller rating (4.5)']",Handle after higher-priority leads,Low,Medium,10447.42,11
4222,358,14.9,0.14895750311818967,Low,"['Repeat buyer with 0 previous orders', 'High inquiry value (₹35,693)', 'Large quantity (19 units)', 'Strong seller rating (4.8)']",Handle after higher-priority leads,Medium,Medium,35693.15,19
2273,429,14.9,0.14919316278430658,Low,"['Repeat buyer with 3 previous orders', 'Strong seller rating (4.6)']",Handle after higher-priority leads,Low,Small,14521.39,6
232,927,14.9,0.14919316278430658,Low,"['Repeat buyer with 2 previous orders', 'High inquiry value (₹25,037)', 'Large quantity (12 units)', 'Strong seller rating (4.5)']",Handle after higher-priority leads,Low,Small,25037.0,12
1304,20,14.9,0.14919316278430658,Low,"['Repeat buyer with 2 previous orders', 'High inquiry value (₹29,563)', 'Large quantity (17 units)']",Handle after higher-priority leads,Low,Small,29562.91,17
4622,193,14.9,0.14919316278430658,Low,"['Repeat buyer with 3 previous orders', 'Large quantity (16 units)']",Handle after higher-priority leads,Low,Medium,12822.84,16
4083,93,14.9,0.14895750311818967,Low,"['Repeat buyer with 0 previous orders', 'Large quantity (10 units)', 'Strong seller rating (5.0)']",Handle after higher-priority leads,Medium,Medium,13268.8,10
525,774,14.9,0.14929317741917109,Low,"['Repeat buyer with 0 previous orders', 'Large buyer', 'High inquiry value (₹21,834)', 'Large quantity (10 units)']",Handle after higher-priority leads,Medium,Large,21833.87,10
4706,609,14.9,0.14919316278430658,Low,"['Repeat buyer with 2 previous orders', 'Large quantity (11 units)', 'Strong seller rating (4.9)']",Handle after higher-priority leads,Low,Medium,12760.75,11
3407,484,14.9,0.14919316278430658,Low,"['Repeat buyer with 3 previous orders', 'High inquiry value (₹20,566)', 'Large quantity (12 units)']",Handle after higher-priority leads,Low,Medium,20565.91,12
3757,263,14.9,0.14919316278430658,Low,"['Repeat buyer with 4 previous orders', 'Large quantity (12 units)', 'Strong seller rating (4.6)']",Handle after higher-priority leads,Low,Medium,16971.82,12
170,833,14.9,0.14919316278430658,Low,"['Repeat buyer with 2 previous orders', 'High inquiry value (₹35,778)', 'Large quantity (14 units)']",Handle after higher-priority leads,Low,Medium,35777.93,14
1747,680,14.9,0.1493349723510706,Low,"['Repeat buyer with 3 previous orders', 'Large quantity (13 units)']",Handle after higher-priority leads,Low,Small,13286.17,13
3524,732,14.9,0.14919316278430658,Low,"['Repeat buyer with 3 previous orders', 'Large quantity (11 units)']",Handle after higher-priority leads,Low,Micro,8202.86,11
3508,920,14.9,0.1491273023556538,Low,"['Repeat buyer with 1 previous orders', 'Enterprise buyer', 'Large quantity (13 units)', 'Strong seller rating (5.0)']",Handle after higher-priority leads,Low,Enterprise,17609.96,13
945,374,14.9,0.14895750311818967,Low,"['Repeat buyer with 0 previous orders', 'High inquiry value (₹25,157)', 'Large quantity (13 units)', 'Strong seller rating (5.0)']",Handle after higher-priority leads,Medium,Small,25157.21,13
3406,624,14.9,0.14935551099197328,Low,"['Repeat buyer with 0 previous orders', 'Enterprise buyer', 'High inquiry value (₹31,361)', 'Large quantity (18 units)']",Handle after higher-priority leads,Medium,Enterprise,31360.98,18
4285,687,14.9,0.14933200523559323,Low,"['Repeat buyer with 3 previous orders', 'Large quantity (12 units)']",Handle after higher-priority leads,Low,Small,9732.32,12
3921,612,14.9,0.14919316278430658,Low,"['Repeat buyer with 3 previous orders', 'Large quantity (13 units)']",Handle after higher-priority leads,Low,Medium,16823.86,13
19,84,14.9,0.14868623286226815,Low,"['Repeat buyer with 2 previous orders', 'Large buyer', 'Large quantity (13 units)', 'Strong seller rating (4.7)']",Handle after higher-priority leads,Low,Large,16211.19,13
1308,677,14.8,0.1479039495377126,Low,['Repeat buyer with 1 previous orders'],Handle after higher-priority leads,Medium,Medium,10696.43,7
4899,511,14.8,0.14753231462938063,Low,['Repeat buyer with 3 previous orders'],Handle after higher-priority leads,Low,Micro,8791.31,8
934,988,14.8,0.14759950934285235,Low,"['Repeat buyer with 3 previous orders', 'High inquiry value (₹30,786)', 'Large quantity (21 units)']",Handle after higher-priority leads,Low,Medium,30786.25,21
3636,870,14.8,0.14751425795916256,Low,"['Repeat buyer with 4 previous orders', 'High inquiry value (₹20,218)']",Handle after higher-priority leads,Low,Medium,20217.78,8
314,803,14.8,0.14759950934285235,Low,"['Repeat buyer with 2 previous orders', 'High inquiry value (₹22,431)', 'Large quantity (18 units)']",Handle after higher-priority leads,Low,Micro,22431.05,18
4163,183,14.8,0.14753231462938063,Low,"['Repeat buyer with 3 previous orders', 'Large quantity (10 units)']",Handle after higher-priority leads,Low,Micro,11448.69,10
4582,876,14.8,0.14786167513705437,Low,"['Repeat buyer with 0 previous orders', 'Large quantity (10 units)', 'Strong seller rating (4.8)']",Handle after higher-priority leads,Medium,Small,19069.24,10
4078,611,14.8,0.1483146653991081,Low,"['Repeat buyer with 0 previous orders', 'High inquiry value (₹42,948)', 'Large quantity (21 units)', 'Strong seller rating (4.5)']",Handle after higher-priority leads,Medium,Medium,42947.99,21
298,32,14.8,0.14759950934285235,Low,"['Repeat buyer with 2 previous orders', 'Large quantity (14 units)']",Handle after higher-priority leads,Low,Medium,17808.82,14
1348,484,14.8,0.14759950934285235,Low,"['Repeat buyer with 2 previous orders', 'High inquiry value (₹21,424)', 'Large quantity (12 units)']",Handle after higher-priority leads,Low,Micro,21424.23,12
2189,363,14.8,0.14759950934285235,Low,"['Repeat buyer with 2 previous orders', 'Large quantity (17 units)']",Handle after higher-priority leads,Low,Medium,16386.77,17
4021,828,14.8,0.14786167513705437,Low,"['Repeat buyer with 0 previous orders', 'High inquiry value (₹25,198)', 'Large quantity (11 units)']",Handle after higher-priority leads,Medium,Small,25197.54,11
3952,233,14.8,0.14753231462938063,Low,"['Repeat buyer with 2 previous orders', 'Large quantity (19 units)']",Handle after higher-priority leads,Low,Micro,17903.02,19
1307,750,14.8,0.1484933671276633,Low,"['Repeat buyer with 2 previous orders', 'High inquiry value (₹41,837)', 'Large quantity (15 units)']",Handle after higher-priority leads,Low,Small,41836.51,15
1491,804,14.8,0.14767617167324668,Low,"['Repeat buyer with 0 previous orders', 'High inquiry value (₹30,923)', 'Large quantity (17 units)']",Handle after higher-priority leads,Medium,Micro,30922.54,17
2122,716,14.8,0.14759950934285235,Low,"['Repeat buyer with 3 previous orders', 'High inquiry value (₹22,683)', 'Large quantity (16 units)']",Handle after higher-priority leads,Low,Medium,22683.32,16
3849,482,14.8,0.1484933671276633,Low,"['Repeat buyer with 3 previous orders', 'High inquiry value (₹23,786)', 'Large quantity (18 units)', 'Strong seller rating (4.6)']",Handle after higher-priority leads,Low,Medium,23785.88,18
3451,752,14.8,0.14751425795916256,Low,"['Repeat buyer with 4 previous orders', 'High inquiry value (₹31,151)', 'Large quantity (16 units)']",Handle after higher-priority leads,Low,Small,31151.22,16
2286,966,14.8,0.1483944950207503,Low,"['Repeat buyer with 2 previous orders', 'Enterprise buyer', 'High inquiry value (₹21,394)', 'Large quantity (14 units)']",Handle after higher-priority leads,Low,Enterprise,21394.36,14
3308,418,14.8,0.14754156203485824,Low,"['Repeat buyer with 0 previous orders', 'High inquiry value (₹29,493)', 'Large quantity (11 units)', 'Strong seller rating (5.0)']",Handle after higher-priority leads,Medium,Small,29492.89,11
3179,979,14.8,0.14786167513705437,Low,"['Repeat buyer with 0 previous orders', 'Large quantity (10 units)', 'Strong seller rating (4.6)']",Handle after higher-priority leads,Medium,Small,13171.17,10
4183,456,14.8,0.14763945193609124,Low,"['Repeat buyer with 1 previous orders', 'Enterprise buyer', 'High inquiry value (₹24,966)', 'Large quantity (12 units)']",Handle after higher-priority leads,Low,Enterprise,24965.93,12
2103,196,14.8,0.14786167513705437,Low,"['Repeat buyer with 0 previous orders', 'Large quantity (11 units)']",Handle after higher-priority leads,Medium,Medium,14517.29,11
2570,10,14.8,0.1483146653991081,Low,"['Repeat buyer with 0 previous orders', 'High inquiry value (₹46,832)', 'Large quantity (22 units)', 'Strong seller rating (4.6)']",Handle after higher-priority leads,Medium,Small,46832.42,22
4698,636,14.7,0.1472584289317344,Low,"['Repeat buyer with 0 previous orders', 'Large quantity (12 units)']",Handle after higher-priority leads,Medium,Small,5174.49,12
723,204,14.7,0.14694855226130538,Low,"['Repeat buyer with 0 previous orders', 'Large quantity (12 units)']",Handle after higher-priority leads,Medium,Small,7224.84,12
2685,277,14.7,0.1470367482467326,Low,"['Repeat buyer with 0 previous orders', 'Large buyer', 'Large quantity (11 units)']",Handle after higher-priority leads,Medium,Large,19446.34,11
4373,283,14.7,0.14694855226130538,Low,['Repeat buyer with 0 previous orders'],Handle after higher-priority leads,Medium,Micro,13479.9,9
2014,11,14.7,0.1468803746707655,Low,"['Repeat buyer with 2 previous orders', 'Large buyer', 'Large quantity (11 units)']",Handle after higher-priority leads,Low,Large,13261.88,11
3009,619,14.7,0.1472584289317344,Low,"['Repeat buyer with 0 previous orders', 'Large quantity (12 units)', 'Strong seller rating (4.7)']",Handle after higher-priority leads,Medium,Small,12185.32,12
5,746,14.6,0.14626360322721685,Low,['Repeat buyer with 0 previous orders'],Handle after higher-priority leads,Medium,Micro,15487.18,9
2214,185,14.6,0.14626360322721685,Low,"['Repeat buyer with 0 previous orders', 'Strong seller rating (4.7)']",Handle after higher-priority leads,Medium,Medium,17511.2,9
3835,753,14.6,0.14626360322721685,Low,"['Repeat buyer with 0 previous orders', 'Large quantity (13 units)', 'Strong seller rating (4.6)']",Handle after higher-priority leads,Medium,Medium,8914.9,13
4766,209,14.6,0.14626360322721685,Low,"['Repeat buyer with 0 previous orders', 'Large quantity (18 units)', 'Strong seller rating (4.5)']",Handle after higher-priority leads,Medium,Small,17982.32,18
1972,480,14.6,0.14576520793468165,Low,"['Repeat buyer with 0 previous orders', 'High inquiry value (₹27,364)', 'Large quantity (12 units)']",Handle after higher-priority leads,Medium,Medium,27363.6,12
2748,741,14.6,0.1455751976163736,Low,"['Repeat buyer with 0 previous orders', 'High inquiry value (₹25,922)', 'Large quantity (10 units)', 'Strong seller rating (4.6)']",Handle after higher-priority leads,Medium,Micro,25921.64,10
2714,258,14.6,0.14626360322721685,Low,"['Repeat buyer with 0 previous orders', 'Large quantity (10 units)']",Handle after higher-priority leads,Medium,Medium,10617.1,10
2308,858,14.6,0.14626360322721685,Low,"['Repeat buyer with 0 previous orders', 'Large quantity (10 units)']",Handle after higher-priority leads,Medium,Small,12246.07,10
1492,363,14.6,0.14553104755165305,Low,"['Repeat buyer with 2 previous orders', 'Enterprise buyer', 'Large quantity (13 units)']",Handle after higher-priority leads,Low,Enterprise,16019.16,13
4440,342,14.6,0.14626360322721685,Low,"['Repeat buyer with 0 previous orders', 'Large quantity (15 units)']",Handle after higher-priority leads,Medium,Small,14397.26,15
4780,71,14.6,0.14626360322721685,Low,"['Repeat buyer with 0 previous orders', 'Large quantity (16 units)']",Handle after higher-priority leads,Medium,Small,17113.42,16
3743,400,14.6,0.14626360322721685,Low,"['Repeat buyer with 0 previous orders', 'High inquiry value (₹20,952)', 'Large quantity (13 units)', 'Strong seller rating (4.6)']",Handle after higher-priority leads,Medium,Small,20951.83,13
3948,534,14.6,0.14588099784783254,Low,"['Repeat buyer with 1 previous orders', 'Large buyer', 'Large quantity (11 units)']",Handle after higher-priority leads,Low,Large,5513.64,11
938,6,14.6,0.14626360322721685,Low,"['Repeat buyer with 0 previous orders', 'High inquiry value (₹25,901)', 'Large quantity (18 units)', 'Strong seller rating (4.7)']",Handle after higher-priority leads,Medium,Medium,25900.77,18
2141,350,14.6,0.14626360322721685,Low,"['Repeat buyer with 0 previous orders', 'Large quantity (15 units)', 'Strong seller rating (4.6)']",Handle after higher-priority leads,Medium,Medium,13957.55,15
4273,773,14.6,0.14626360322721685,Low,"['Repeat buyer with 0 previous orders', 'Large quantity (15 units)']",Handle after higher-priority leads,Medium,Medium,14845.48,15
2054,927,14.6,0.14626360322721685,Low,"['Repeat buyer with 0 previous orders', 'Strong seller rating (4.8)']",Handle after higher-priority leads,Medium,Medium,17840.25,7
2721,866,14.6,0.14626360322721685,Low,"['Repeat buyer with 0 previous orders', 'Large quantity (16 units)']",Handle after higher-priority leads,Medium,Medium,16851.83,16
719,886,14.6,0.14579302158611715,Low,"['Repeat buyer with 0 previous orders', 'High inquiry value (₹34,594)', 'Large quantity (15 units)']",Handle after higher-priority leads,Medium,Medium,34593.79,15
3018,255,14.6,0.1455751976163736,Low,"['Repeat buyer with 0 previous orders', 'Large quantity (14 units)']",Handle after higher-priority leads,Medium,Medium,9176.47,14
1834,693,14.6,0.14587066607276353,Low,"['Repeat buyer with 0 previous orders', 'Large quantity (12 units)', 'Strong seller rating (4.9)']",Handle after higher-priority leads,Medium,Small,14131.0,12
2296,907,14.6,0.14626360322721685,Low,"['Repeat buyer with 0 previous orders', 'Large quantity (15 units)', 'Strong seller rating (4.5)']",Handle after higher-priority leads,Medium,Medium,17873.69,15
2923,975,14.6,0.1455751976163736,Low,"['Repeat buyer with 0 previous orders', 'High inquiry value (₹31,256)', 'Large quantity (17 units)']",Handle after higher-priority leads,Medium,Medium,31256.11,17
3876,22,14.6,0.1455751976163736,Low,"['Repeat buyer with 0 previous orders', 'High inquiry value (₹27,608)', 'Large quantity (16 units)', 'Strong seller rating (4.8)']",Handle after higher-priority leads,Medium,Micro,27607.66,16
3026,329,14.6,0.1455751976163736,Low,"['Repeat buyer with 0 previous orders', 'High inquiry value (₹33,210)', 'Large quantity (17 units)']",Handle after higher-priority leads,Medium,Small,33210.22,17
4436,146,14.5,0.14512701242254375,Low,"['Repeat buyer with 1 previous orders', 'Large quantity (10 units)', 'Strong seller rating (4.7)']",Handle after higher-priority leads,Low,Small,4718.8,10
2480,980,14.5,0.14512701242254375,Low,"['Repeat buyer with 1 previous orders', 'High inquiry value (₹21,331)', 'Large quantity (14 units)', 'Strong seller rating (4.6)']",Handle after higher-priority leads,Low,Small,21331.11,14
2883,647,14.5,0.14463789689007253,Low,"['High inquiry value (₹31,256)', 'Large quantity (13 units)']",Handle after higher-priority leads,Medium,Small,31256.49,13
128,839,14.5,0.14500441696701832,Low,"['Repeat buyer with 2 previous orders', 'Large buyer', 'Large quantity (12 units)']",Handle after higher-priority leads,Low,Large,18289.37,12
3384,921,14.5,0.1451837953599517,Low,"['Repeat buyer with 0 previous orders', 'High inquiry value (₹28,125)', 'Large quantity (13 units)', 'Strong seller rating (4.9)']",Handle after higher-priority leads,Medium,Micro,28125.38,13
1785,76,14.5,0.14475806474451883,Low,"['Repeat buyer with 0 previous orders', 'Enterprise buyer', 'Large quantity (15 units)']",Handle after higher-priority leads,Medium,Enterprise,10514.74,15
1842,628,14.5,0.1450709820799219,Low,"['Repeat buyer with 2 previous orders', 'High inquiry value (₹21,441)']",Handle after higher-priority leads,Low,Medium,21441.0,9
4842,296,14.5,0.14514665674715285,Low,['Repeat buyer with 0 previous orders'],Handle after higher-priority leads,Medium,Medium,12468.14,8
3298,618,14.5,0.1450047426594321,Low,['Repeat buyer with 3 previous orders'],Handle after higher-priority leads,Low,Micro,10707.15,9
1782,901,14.5,0.14512701242254375,Low,"['Repeat buyer with 1 previous orders', 'Large quantity (15 units)', 'Strong seller rating (4.8)']",Handle after higher-priority leads,Low,Medium,15165.47,15
3243,305,14.5,0.1447749057014899,Low,"['Repeat buyer with 3 previous orders', 'High inquiry value (₹35,752)', 'Large quantity (17 units)']",Handle after higher-priority leads,Low,Small,35751.91,17
3474,76,14.5,0.14526939369586936,Low,"['Repeat buyer with 3 previous orders', 'High inquiry value (₹35,602)', 'Large quantity (14 units)']",Handle after higher-priority leads,Low,Small,35602.35,14
4367,993,14.5,0.14512701242254375,Low,"['Repeat buyer with 1 previous orders', 'High inquiry value (₹20,061)', 'Large quantity (15 units)']",Handle after higher-priority leads,Low,Medium,20061.41,15
3763,490,14.5,0.1451690577927435,Low,"['Repeat buyer with 0 previous orders', 'Large quantity (14 units)']",Handle after higher-priority leads,Medium,Medium,13337.49,14
3639,350,14.5,0.1452984399068741,Low,"['Repeat buyer with 0 previous orders', 'Large buyer', 'High inquiry value (₹45,551)', 'Large quantity (15 units)']",Handle after higher-priority leads,Medium,Large,45550.71,15
749,115,14.5,0.14500441696701832,Low,"['Repeat buyer with 2 previous orders', 'Large buyer', 'High inquiry value (₹33,369)', 'Large quantity (13 units)']",Handle after higher-priority leads,Low,Large,33368.89,13
1444,228,14.5,0.14480091461127093,Low,"['Repeat buyer with 0 previous orders', 'Enterprise buyer', 'Large quantity (19 units)']",Handle after higher-priority leads,Medium,Enterprise,9038.86,19
4744,841,14.5,0.14450660743878155,Low,"['Repeat buyer with 0 previous orders', 'Enterprise buyer', 'Large quantity (13 units)']",Handle after higher-priority leads,Medium,Enterprise,13939.23,13
3954,496,14.5,0.1447749057014899,Low,"['Repeat buyer with 4 previous orders', 'Large quantity (13 units)']",Handle after higher-priority leads,Low,Small,15612.53,13
3616,677,14.5,0.1450709820799219,Low,"['Repeat buyer with 2 previous orders', 'High inquiry value (₹37,148)', 'Large quantity (17 units)']",Handle after higher-priority leads,Low,Micro,37147.93,17
1559,317,14.5,0.14486283089438529,Low,"['Repeat buyer with 0 previous orders', 'Large quantity (13 units)']",Handle after higher-priority leads,Medium,Small,12216.35,13
4612,862,14.4,0.14442661713285965,Low,"['Repeat buyer with 3 previous orders', 'High inquiry value (₹43,050)', 'Large quantity (16 units)', 'Strong seller rating (4.6)']",Handle after higher-priority leads,Low,Micro,43049.91,16
4780,868,14.4,0.1441110281769299,Low,"['Repeat buyer with 0 previous orders', 'High inquiry value (₹38,647)', 'Large quantity (21 units)', 'Strong seller rating (4.6)']",Handle after higher-priority leads,Medium,Small,38646.54,21
937,529,14.4,0.14357298446941757,Low,"['Repeat buyer with 0 previous orders', 'Large quantity (14 units)']",Handle after higher-priority leads,Medium,Micro,15470.18,14
4839,721,14.4,0.14418596049263985,Low,"['Repeat buyer with 0 previous orders', 'High inquiry value (₹33,540)', 'Large quantity (15 units)', 'Strong seller rating (4.5)']",Handle after higher-priority leads,Medium,Small,33539.6,15
3692,29,14.4,0.1441110281769299,Low,"['Repeat buyer with 0 previous orders', 'High inquiry value (₹34,135)', 'Large quantity (21 units)']",Handle after higher-priority leads,Medium,Medium,34135.28,21
4942,495,14.4,0.14418596049263985,Low,"['Repeat buyer with 0 previous orders', 'High inquiry value (₹39,926)', 'Large quantity (19 units)']",Handle after higher-priority leads,Medium,Medium,39926.05,19
4571,94,14.4,0.14357298446941757,Low,"['Repeat buyer with 0 previous orders', 'Large quantity (11 units)']",Handle after higher-priority leads,Medium,Medium,7405.6,11
3999,179,14.4,0.14418596049263985,Low,"['Repeat buyer with 0 previous orders', 'Large quantity (10 units)', 'Strong seller rating (4.7)']",Handle after higher-priority leads,Medium,Micro,15706.33,10
3367,246,14.4,0.14357298446941757,Low,"['Repeat buyer with 0 previous orders', 'High inquiry value (₹22,985)', 'Large quantity (15 units)']",Handle after higher-priority leads,Medium,Medium,22985.43,15
354,348,14.4,0.1441110281769299,Low,"['Repeat buyer with 0 previous orders', 'Large quantity (11 units)']",Handle after higher-priority leads,Medium,Medium,18847.95,11
3000,533,14.4,0.14421704257417534,Low,"['Repeat buyer with 2 previous orders', 'Large quantity (15 units)']",Handle after higher-priority leads,Low,Small,16678.18,15
183,101,14.4,0.14357298446941757,Low,"['Repeat buyer with 0 previous orders', 'Large quantity (12 units)']",Handle after higher-priority leads,Medium,Small,10486.33,12
4903,264,14.4,0.14418596049263985,Low,['Repeat buyer with 0 previous orders'],Handle after higher-priority leads,Medium,Medium,19403.3,9
2878,642,14.4,0.1441110281769299,Low,"['Repeat buyer with 0 previous orders', 'High inquiry value (₹27,801)', 'Large quantity (12 units)', 'Strong seller rating (4.8)']",Handle after higher-priority leads,Medium,Medium,27800.51,12
3200,782,14.4,0.14357298446941757,Low,"['Repeat buyer with 0 previous orders', 'Large quantity (11 units)', 'Strong seller rating (4.6)']",Handle after higher-priority leads,Medium,Medium,11981.36,11
2110,671,14.4,0.14350568982736225,Low,"['Repeat buyer with 0 previous orders', 'High inquiry value (₹30,152)', 'Large quantity (12 units)', 'Strong seller rating (4.6)']",Handle after higher-priority leads,Medium,Medium,30151.66,12
2883,541,14.4,0.14418596049263985,Low,"['Repeat buyer with 0 previous orders', 'Large quantity (13 units)']",Handle after higher-priority leads,Medium,Micro,7917.24,13
1936,195,14.3,0.14254671182250567,Low,"['Repeat buyer with 0 previous orders', 'Large quantity (14 units)']",Handle after higher-priority leads,Medium,Micro,15725.49,14
1818,162,14.3,0.14254671182250567,Low,"['Repeat buyer with 0 previous orders', 'High inquiry value (₹23,913)', 'Large quantity (10 units)', 'Strong seller rating (4.7)']",Handle after higher-priority leads,Medium,Medium,23913.11,10
2235,684,14.3,0.14254671182250567,Low,"['Repeat buyer with 0 previous orders', 'High inquiry value (₹27,151)', 'Strong seller rating (4.6)']",Handle after higher-priority leads,Medium,Micro,27150.99,9
1831,530,14.3,0.14315521633493303,Low,"['Repeat buyer with 0 previous orders', 'Enterprise buyer', 'Large quantity (13 units)']",Handle after higher-priority leads,Medium,Enterprise,19483.27,13
4411,702,14.3,0.14254671182250567,Low,"['Repeat buyer with 0 previous orders', 'Large quantity (14 units)']",Handle after higher-priority leads,Medium,Micro,16848.77,14
1113,721,14.3,0.14254671182250567,Low,['Repeat buyer with 0 previous orders'],Handle after higher-priority leads,Medium,Small,11128.0,8
1280,681,14.3,0.14254671182250567,Low,"['Repeat buyer with 0 previous orders', 'Large quantity (16 units)', 'Strong seller rating (4.7)']",Handle after higher-priority leads,Medium,Medium,17097.06,16
786,646,14.3,0.14302251961302706,Low,"['Repeat buyer with 0 previous orders', 'Enterprise buyer', 'Large quantity (10 units)']",Handle after higher-priority leads,Medium,Enterprise,6365.7,10
1356,762,14.3,0.14254671182250567,Low,"['Repeat buyer with 0 previous orders', 'High inquiry value (₹20,871)', 'Large quantity (14 units)']",Handle after higher-priority leads,Medium,Small,20870.65,14
4639,266,14.3,0.14254671182250567,Low,"['Repeat buyer with 0 previous orders', 'Large quantity (12 units)']",Handle after higher-priority leads,Medium,Medium,10611.55,12
546,239,14.3,0.14254671182250567,Low,['Repeat buyer with 0 previous orders'],Handle after higher-priority leads,Medium,Medium,5673.01,9
4141,306,14.3,0.1434437770930897,Low,"['Repeat buyer with 1 previous orders', 'High inquiry value (₹20,829)', 'Large quantity (15 units)']",Handle after higher-priority leads,Medium,Small,20828.72,15
4020,369,14.3,0.14271951470335606,Low,"['Repeat buyer with 1 previous orders', 'Large quantity (14 units)']",Handle after higher-priority leads,Low,Medium,13132.36,14
653,945,14.2,0.14206351072604254,Low,"['Repeat buyer with 1 previous orders', 'Large quantity (15 units)']",Handle after higher-priority leads,Low,Medium,14191.3,15
3733,951,14.2,0.14205887441646334,Low,"['Repeat buyer with 0 previous orders', 'Large quantity (12 units)']",Handle after higher-priority leads,Medium,Medium,16582.14,12
4401,55,14.2,0.1415356807909006,Low,"['High inquiry value (₹23,736)', 'Large quantity (11 units)']",Handle after higher-priority leads,Medium,Medium,23736.32,11
1844,359,14.2,0.1423042131235528,Low,"['Repeat buyer with 3 previous orders', 'Large quantity (11 units)']",Handle after higher-priority leads,Low,Micro,17130.18,11
3662,963,14.2,0.1419265519632212,Low,"['Repeat buyer with 1 previous orders', 'Large buyer', 'Large quantity (14 units)']",Handle after higher-priority leads,Low,Large,15200.93,14
4082,167,14.2,0.1418728930421775,Low,"['Repeat buyer with 0 previous orders', 'Large quantity (19 units)', 'Strong seller rating (4.7)']",Handle after higher-priority leads,Medium,Medium,9829.22,19
2710,102,14.2,0.141998481770896,Low,"['Repeat buyer with 0 previous orders', 'Large quantity (11 units)', 'Strong seller rating (4.7)']",Handle after higher-priority leads,Medium,Micro,8873.75,11
3543,3,14.2,0.14206351072604254,Low,"['Repeat buyer with 1 previous orders', 'Large quantity (12 units)', 'Strong seller rating (4.5)']",Handle after higher-priority leads,Low,Medium,18899.47,12
3644,271,14.2,0.1421179365032483,Low,"['Repeat buyer with 1 previous orders', 'High inquiry value (₹21,052)', 'Large quantity (15 units)']",Handle after higher-priority leads,Low,Medium,21051.87,15
1930,272,14.2,0.14205264825942113,Low,"['Repeat buyer with 1 previous orders', 'High inquiry value (₹23,683)', 'Large quantity (20 units)']",Handle after higher-priority leads,Low,Medium,23683.38,20
2631,925,14.1,0.14126308444410554,Low,"['Repeat buyer with 0 previous orders', 'Large buyer', 'High inquiry value (₹32,937)', 'Large quantity (19 units)']",Handle after higher-priority leads,Medium,Large,32937.42,19
2464,305,14.1,0.14051317696454133,Low,"['Repeat buyer with 0 previous orders', 'Large quantity (12 units)', 'Strong seller rating (4.8)']",Handle after higher-priority leads,Medium,Small,9349.49,12
3913,372,14.1,0.14117564994156742,Low,"['Repeat buyer with 0 previous orders', 'Large quantity (17 units)']",Handle after higher-priority leads,Medium,Medium,15746.22,17
4981,468,14.1,0.1411702269407381,Low,"['Repeat buyer with 0 previous orders', 'Enterprise buyer', 'High inquiry value (₹21,224)', 'Large quantity (15 units)']",Handle after higher-priority leads,Medium,Enterprise,21224.49,15
2765,365,14.1,0.14067111943503924,Low,"['Repeat buyer with 0 previous orders', 'Large buyer', 'Large quantity (20 units)']",Handle after higher-priority leads,Medium,Large,11957.26,20
854,967,14.1,0.1411732047541347,Low,"['Repeat buyer with 1 previous orders', 'Large buyer']",Handle after higher-priority leads,Low,Large,19356.63,9
1162,859,14.1,0.1413457020622553,Low,"['High urgency', 'Large buyer', 'Large quantity (13 units)']",Handle after higher-priority leads,High,Large,9035.69,13
1245,105,14.0,0.13993798011317946,Low,"['Repeat buyer with 3 previous orders', 'High inquiry value (₹34,638)', 'Large quantity (12 units)']",Handle after higher-priority leads,Low,Small,34637.5,12
4095,240,14.0,0.14001916960126343,Low,"['Repeat buyer with 0 previous orders', 'Large buyer', 'Large quantity (15 units)']",Handle after higher-priority leads,Medium,Large,18253.15,15
2197,148,14.0,0.13961598818659637,Low,"['Repeat buyer with 3 previous orders', 'High inquiry value (₹20,432)', 'Large quantity (14 units)']",Handle after higher-priority leads,Low,Medium,20432.23,14
836,510,14.0,0.13967385592740242,Low,"['Repeat buyer with 0 previous orders', 'High inquiry value (₹20,016)', 'Large quantity (14 units)', 'Strong seller rating (4.9)']",Handle after higher-priority leads,Medium,Medium,20016.34,14
3638,394,14.0,0.1402282152436292,Low,"['Repeat buyer with 1 previous orders', 'Large quantity (10 units)', 'Strong seller rating (4.5)']",Handle after higher-priority leads,Low,Medium,19395.49,10
2063,140,14.0,0.1399565228654558,Low,"['Repeat buyer with 0 previous orders', 'High inquiry value (₹31,777)', 'Large quantity (17 units)']",Handle after higher-priority leads,Medium,Medium,31777.27,17
3868,387,14.0,0.14036370932426182,Low,"['Repeat buyer with 1 previous orders', 'Large quantity (11 units)']",Handle after higher-priority leads,Low,Medium,16888.02,11
2625,264,14.0,0.13991326232754012,Low,"['Repeat buyer with 0 previous orders', 'Large quantity (10 units)', 'Strong seller rating (4.6)']",Handle after higher-priority leads,Medium,Small,14177.63,10
71,878,14.0,0.13961598818659637,Low,"['Repeat buyer with 2 previous orders', 'Large quantity (15 units)']",Handle after higher-priority leads,Low,Medium,14451.41,15
4500,498,14.0,0.14047044252914254,Low,"['High urgency', 'High inquiry value (₹27,369)', 'Large quantity (18 units)']",Handle after higher-priority leads,High,Medium,27368.77,18
3741,752,14.0,0.13977601962144345,Low,"['Repeat buyer with 2 previous orders', 'High inquiry value (₹57,935)', 'Large quantity (21 units)']",Handle after higher-priority leads,Low,Medium,57935.04,21
1960,848,14.0,0.13969742300363686,Low,"['Repeat buyer with 3 previous orders', 'Large quantity (10 units)']",Handle after higher-priority leads,Low,Medium,14072.0,10
2083,227,14.0,0.1399947471342451,Low,"['Large quantity (16 units)', 'Strong seller rating (4.5)']",Handle after higher-priority leads,Medium,Medium,18817.72,16
4690,16,14.0,0.13964878315236498,Low,"['Repeat buyer with 0 previous orders', 'Enterprise buyer', 'High inquiry value (₹46,892)', 'Large quantity (19 units)']",Handle after higher-priority leads,Medium,Enterprise,46892.25,19
2034,449,13.9,0.13866001442934914,Low,"['Repeat buyer with 0 previous orders', 'Large buyer', 'Large quantity (12 units)']",Handle after higher-priority leads,Medium,Large,12320.4,12
2611,283,13.9,0.13856511404456115,Low,"['Repeat buyer with 5 previous orders', 'High inquiry value (₹27,688)', 'Large quantity (14 units)']",Handle after higher-priority leads,Low,Medium,27688.08,14
2310,548,13.9,0.13930721098424806,Low,"['Repeat buyer with 2 previous orders', 'Large quantity (12 units)', 'Strong seller rating (5.0)']",Handle after higher-priority leads,Low,Medium,17006.34,12
4895,561,13.9,0.13940441622104285,Low,"['Repeat buyer with 3 previous orders', 'Large quantity (11 units)']",Handle after higher-priority leads,Low,Medium,8903.41,11
2400,93,13.9,0.1392980655549057,Low,"['Repeat buyer with 0 previous orders', 'Enterprise buyer', 'Large quantity (14 units)']",Handle after higher-priority leads,Medium,Enterprise,13529.06,14
2818,208,13.9,0.13856511404456115,Low,"['Repeat buyer with 3 previous orders', 'Large quantity (10 units)']",Handle after higher-priority leads,Low,Small,10897.07,10
475,64,13.9,0.13914908521564248,Low,"['Repeat buyer with 0 previous orders', 'Large buyer', 'High inquiry value (₹39,437)', 'Large quantity (15 units)']",Handle after higher-priority leads,Medium,Large,39437.47,15
2014,549,13.9,0.1388149170171736,Low,"['Repeat buyer with 0 previous orders', 'Enterprise buyer', 'High inquiry value (₹21,745)', 'Large quantity (14 units)']",Handle after higher-priority leads,Medium,Enterprise,21744.85,14
3080,716,13.9,0.13895623247220723,Low,"['Repeat buyer with 1 previous orders', 'High inquiry value (₹26,042)', 'Large quantity (13 units)']",Handle after higher-priority leads,Low,Medium,26042.26,13
1023,692,13.9,0.13940441622104285,Low,"['Repeat buyer with 2 previous orders', 'Large quantity (14 units)']",Handle after higher-priority leads,Low,Medium,17757.35,14
1781,341,13.9,0.13933673415828163,Low,"['Repeat buyer with 0 previous orders', 'Large buyer', 'High inquiry value (₹42,329)', 'Large quantity (14 units)']",Handle after higher-priority leads,Medium,Large,42328.8,14
4178,439,13.9,0.1387430476401366,Low,['Repeat buyer with 2 previous orders'],Handle after higher-priority leads,Low,Small,12222.73,7
691,678,13.9,0.1388868277284669,Low,"['Repeat buyer with 1 previous orders', 'High inquiry value (₹22,157)']",Handle after higher-priority leads,Low,Small,22157.08,9
1904,242,13.9,0.13940441622104285,Low,"['Repeat buyer with 2 previous orders', 'Large quantity (11 units)', 'Strong seller rating (4.8)']",Handle after higher-priority leads,Low,Small,9613.5,11
155,749,13.9,0.13940441622104285,Low,"['Repeat buyer with 3 previous orders', 'Strong seller rating (4.6)']",Handle after higher-priority leads,Low,Small,8984.06,7
4767,742,13.9,0.13940441622104285,Low,"['Repeat buyer with 2 previous orders', 'Large quantity (11 units)']",Handle after higher-priority leads,Low,Small,8962.89,11
705,733,13.9,0.1386855923239751,Low,"['Repeat buyer with 0 previous orders', 'Enterprise buyer', 'Large quantity (12 units)']",Handle after higher-priority leads,Medium,Enterprise,8651.97,12
2471,842,13.9,0.13940441622104285,Low,"['Repeat buyer with 2 previous orders', 'Large quantity (19 units)', 'Strong seller rating (4.5)']",Handle after higher-priority leads,Low,Medium,16903.3,19
3516,20,13.9,0.13940441622104285,Low,"['Repeat buyer with 2 previous orders', 'High inquiry value (₹61,586)', 'Large quantity (22 units)']",Handle after higher-priority leads,Low,Small,61585.64,22
4722,503,13.9,0.1388149170171736,Low,"['Repeat buyer with 0 previous orders', 'Enterprise buyer', 'High inquiry value (₹42,271)', 'Large quantity (14 units)']",Handle after higher-priority leads,Medium,Enterprise,42270.65,14
801,15,13.9,0.13944266749924875,Low,"['Repeat buyer with 0 previous orders', 'High inquiry value (₹23,537)', 'Large quantity (11 units)']",Handle after higher-priority leads,Medium,Small,23537.26,11
1296,310,13.9,0.1390348889061506,Low,"['Repeat buyer with 2 previous orders', 'High inquiry value (₹31,523)', 'Large quantity (11 units)']",Handle after higher-priority leads,Low,Micro,31523.21,11
222,647,13.9,0.1387430476401366,Low,"['Repeat buyer with 2 previous orders', 'High inquiry value (₹23,175)', 'Large quantity (15 units)']",Handle after higher-priority leads,Low,Small,23174.98,15
4731,103,13.9,0.13940441622104285,Low,"['Repeat buyer with 2 previous orders', 'High inquiry value (₹31,095)', 'Large quantity (15 units)']",Handle after higher-priority leads,Low,Small,31094.91,15
228,572,13.9,0.13940441622104285,Low,"['Repeat buyer with 2 previous orders', 'Large quantity (18 units)', 'Strong seller rating (4.7)']",Handle after higher-priority leads,Low,Small,18155.55,18
4520,407,13.9,0.13856511404456115,Low,"['Repeat buyer with 5 previous orders', 'Large quantity (12 units)']",Handle after higher-priority leads,Low,Medium,15336.18,12
468,103,13.9,0.1391948372464012,Low,"['Repeat buyer with 0 previous orders', 'Enterprise buyer', 'Large quantity (15 units)']",Handle after higher-priority leads,Medium,Enterprise,9480.2,15
3988,959,13.8,0.13776341559868105,Low,"['Repeat buyer with 1 previous orders', 'Enterprise buyer', 'Large quantity (12 units)']",Handle after higher-priority leads,Low,Enterprise,19052.13,12
984,231,13.8,0.13789837704941413,Low,"['Repeat buyer with 2 previous orders', 'Large quantity (10 units)']",Handle after higher-priority leads,Low,Small,14389.87,10
4301,11,13.8,0.13789837704941413,Low,"['Repeat buyer with 2 previous orders', 'High inquiry value (₹29,043)', 'Large quantity (12 units)']",Handle after higher-priority leads,Low,Medium,29043.21,12
3173,272,13.8,0.13803292605010378,Low,"['Repeat buyer with 0 previous orders', 'Enterprise buyer', 'Large quantity (12 units)']",Handle after higher-priority leads,Medium,Enterprise,12457.93,12
2726,212,13.8,0.13802274607164516,Low,"['Repeat buyer with 1 previous orders', 'Large buyer', 'High inquiry value (₹26,972)', 'Large quantity (15 units)']",Handle after higher-priority leads,Low,Large,26971.61,15
1865,872,13.8,0.13779380002450423,Low,"['Enterprise buyer', 'Large quantity (14 units)']",Handle after higher-priority leads,Medium,Enterprise,15924.13,14
1698,830,13.8,0.13754063065682795,Low,"['Repeat buyer with 2 previous orders', 'High inquiry value (₹26,177)', 'Large quantity (17 units)', 'Strong seller rating (4.9)']",Handle after higher-priority leads,Low,Medium,26176.96,17
597,153,13.8,0.13845297645768773,Low,"['Repeat buyer with 0 previous orders', 'Large quantity (12 units)', 'Strong seller rating (4.5)']",Handle after higher-priority leads,Medium,Small,10577.27,12
3095,629,13.8,0.13781782295965728,Low,"['Repeat buyer with 2 previous orders', 'High inquiry value (₹26,934)', 'Large quantity (13 units)']",Handle after higher-priority leads,Low,Small,26934.41,13
3390,230,13.8,0.13813633365200403,Low,"['Repeat buyer with 6 previous orders', 'High inquiry value (₹32,240)', 'Large quantity (16 units)']",Handle after higher-priority leads,Low,Small,32239.76,16
2940,119,13.8,0.13760812164481181,Low,"['Repeat buyer with 1 previous orders', 'Large quantity (17 units)']",Handle after higher-priority leads,Low,Micro,18520.28,17
483,151,13.8,0.13802731733710977,Low,"['Repeat buyer with 2 previous orders', 'High inquiry value (₹25,814)', 'Large quantity (20 units)']",Handle after higher-priority leads,Low,Medium,25814.43,20
2496,1000,13.8,0.13781782295965728,Low,['Repeat buyer with 2 previous orders'],Handle after higher-priority leads,Low,Medium,8642.4,9
4973,469,13.8,0.13780041341593852,Low,"['Repeat buyer with 0 previous orders', 'Enterprise buyer', 'Large quantity (17 units)']",Handle after higher-priority leads,Medium,Enterprise,15331.69,17
4316,311,13.8,0.13781782295965728,Low,"['Repeat buyer with 2 previous orders', 'High inquiry value (₹20,986)', 'Large quantity (15 units)']",Handle after higher-priority leads,Low,Medium,20986.19,15
149,675,13.8,0.13781782295965728,Low,"['Repeat buyer with 2 previous orders', 'High inquiry value (₹42,374)', 'Large quantity (19 units)']",Handle after higher-priority leads,Low,Medium,42373.86,19
872,369,13.8,0.13789837704941413,Low,"['Repeat buyer with 3 previous orders', 'Large quantity (18 units)']",Handle after higher-priority leads,Low,Small,17400.73,18
4045,667,13.7,0.13722426149309766,Low,"['Repeat buyer with 1 previous orders', 'Large buyer', 'High inquiry value (₹20,211)', 'Large quantity (16 units)']",Handle after higher-priority leads,Low,Large,20211.14,16
4922,197,13.7,0.13727380857335192,Low,"['Repeat buyer with 0 previous orders', 'Enterprise buyer', 'High inquiry value (₹32,658)', 'Large quantity (14 units)']",Handle after higher-priority leads,Medium,Enterprise,32658.18,14
3842,648,13.7,0.13660784555058955,Low,"['Repeat buyer with 0 previous orders', 'High inquiry value (₹22,339)', 'Large quantity (17 units)']",Handle after higher-priority leads,Medium,Medium,22339.48,17
3176,851,13.7,0.13731857192664468,Low,"['Repeat buyer with 0 previous orders', 'Large buyer', 'High inquiry value (₹39,748)', 'Large quantity (16 units)']",Handle after higher-priority leads,Medium,Large,39748.2,16
3786,482,13.7,0.13665738367051325,Low,"['Repeat buyer with 0 previous orders', 'Enterprise buyer']",Handle after higher-priority leads,Medium,Enterprise,13534.46,9
1159,240,13.7,0.13686723277901744,Low,"['Repeat buyer with 0 previous orders', 'Enterprise buyer', 'Large quantity (12 units)']",Handle after higher-priority leads,Medium,Enterprise,9851.75,12
4036,412,13.6,0.1358705339995838,Low,"['Repeat buyer with 1 previous orders', 'Large buyer']",Handle after higher-priority leads,Low,Large,11600.19,9
1065,128,13.6,0.13622660190236396,Low,['Large quantity (11 units)'],Handle after higher-priority leads,Medium,Small,11464.48,11
3528,788,13.6,0.13635105532042732,Low,"['Repeat buyer with 0 previous orders', 'Large buyer', 'Large quantity (10 units)']",Handle after higher-priority leads,Medium,Large,14223.48,10
2518,825,13.6,0.13622660190236396,Low,['Large quantity (11 units)'],Handle after higher-priority leads,Medium,Micro,9328.45,11
3125,501,13.6,0.13645622183299283,Low,"['Repeat buyer with 2 previous orders', 'Large quantity (16 units)']",Handle after higher-priority leads,Low,Small,18281.6,16
239,640,13.6,0.13622660190236396,Low,"['Large quantity (11 units)', 'Strong seller rating (4.6)']",Handle after higher-priority leads,Medium,Medium,16557.41,11
2700,490,13.6,0.135546545724092,Low,"['Repeat buyer with 1 previous orders', 'Enterprise buyer', 'Large quantity (11 units)']",Handle after higher-priority leads,Low,Enterprise,15058.96,11
1190,274,13.6,0.13609285712870928,Low,"['Repeat buyer with 3 previous orders', 'Enterprise buyer', 'Large quantity (14 units)']",Handle after higher-priority leads,Low,Enterprise,13412.55,14
2188,364,13.6,0.13624637306221138,Low,"['Repeat buyer with 2 previous orders', 'High inquiry value (₹32,936)', 'Large quantity (17 units)']",Handle after higher-priority leads,Low,Medium,32936.45,17
1067,33,13.6,0.13576229717641972,Low,"['Large buyer', 'High inquiry value (₹22,812)', 'Large quantity (14 units)']",Handle after higher-priority leads,Medium,Large,22811.73,14
2728,307,13.6,0.13609285712870928,Low,"['Repeat buyer with 2 previous orders', 'Enterprise buyer', 'Large quantity (13 units)']",Handle after higher-priority leads,Low,Enterprise,15233.61,13
1122,445,13.6,0.13636078697655815,Low,['Repeat buyer with 1 previous orders'],Handle after higher-priority leads,Low,Medium,15735.7,7
2700,525,13.6,0.13618715958450583,Low,"['Repeat buyer with 1 previous orders', 'Enterprise buyer']",Handle after higher-priority leads,Low,Enterprise,7727.76,8
4555,134,13.5,0.13477279563740482,Low,"['Repeat buyer with 0 previous orders', 'Large buyer', 'Large quantity (10 units)']",Handle after higher-priority leads,Medium,Large,18896.22,10
2981,523,13.5,0.13494753832659945,Low,"['Repeat buyer with 1 previous orders', 'Large quantity (16 units)', 'Strong seller rating (4.7)']",Handle after higher-priority leads,Low,Medium,16847.68,16
342,505,13.5,0.13546677360202886,Low,"['Repeat buyer with 1 previous orders', 'Enterprise buyer', 'Strong seller rating (4.8)']",Handle after higher-priority leads,Low,Enterprise,11946.37,6
1799,958,13.5,0.13546677360202886,Low,"['Repeat buyer with 1 previous orders', 'Enterprise buyer', 'Large quantity (13 units)']",Handle after higher-priority leads,Low,Enterprise,10999.62,13
1814,375,13.5,0.1354651436644634,Low,"['Repeat buyer with 1 previous orders', 'Large buyer', 'Large quantity (10 units)']",Handle after higher-priority leads,Low,Large,12547.72,10
4678,602,13.5,0.13529425064831804,Low,"['Repeat buyer with 2 previous orders', 'Large quantity (10 units)']",Handle after higher-priority leads,Low,Micro,12217.58,10
1291,203,13.5,0.13481396544076762,Low,"['Repeat buyer with 1 previous orders', 'Large buyer', 'Large quantity (16 units)']",Handle after higher-priority leads,Low,Large,14964.59,16
3271,136,13.5,0.13477279563740482,Low,"['Repeat buyer with 0 previous orders', 'Large buyer', 'High inquiry value (₹25,007)', 'Large quantity (10 units)']",Handle after higher-priority leads,Medium,Large,25006.91,10
2191,80,13.5,0.13494753832659945,Low,"['Repeat buyer with 1 previous orders', 'Large quantity (11 units)']",Handle after higher-priority leads,Low,Small,14327.58,11
1918,175,13.5,0.13494753832659945,Low,"['Repeat buyer with 1 previous orders', 'Large quantity (15 units)', 'Strong seller rating (4.5)']",Handle after higher-priority leads,Low,Micro,11845.67,15
3249,563,13.5,0.13481396544076762,Low,"['Repeat buyer with 1 previous orders', 'Large buyer', 'High inquiry value (₹33,191)', 'Large quantity (11 units)']",Handle after higher-priority leads,Low,Large,33190.75,11
2438,77,13.5,0.1354182143241714,Low,"['Repeat buyer with 0 previous orders', 'Large buyer', 'High inquiry value (₹21,574)', 'Large quantity (10 units)']",Handle after higher-priority leads,Medium,Large,21573.85,10
3668,488,13.5,0.13546677360202886,Low,"['Repeat buyer with 1 previous orders', 'Enterprise buyer', 'Strong seller rating (4.9)']",Handle after higher-priority leads,Low,Enterprise,11308.16,8
4875,167,13.4,0.13374711174453155,Low,"['Repeat buyer with 2 previous orders', 'High inquiry value (₹39,339)', 'Large quantity (16 units)']",Handle after higher-priority leads,Low,Small,39339.26,16
4866,744,13.4,0.13404988584836752,Low,"['Repeat buyer with 2 previous orders', 'Large quantity (11 units)']",Handle after higher-priority leads,Low,Medium,19321.85,11
3678,647,13.4,0.134327735773946,Low,"['Repeat buyer with 1 previous orders', 'Enterprise buyer', 'Large quantity (10 units)']",Handle after higher-priority leads,Low,Enterprise,18660.45,10
1035,897,13.4,0.13399665073742703,Low,"['Repeat buyer with 1 previous orders', 'Enterprise buyer', 'Large quantity (13 units)']",Handle after higher-priority leads,Low,Enterprise,18356.9,13
1145,647,13.4,0.1342892471698078,Low,"['Repeat buyer with 0 previous orders', 'High inquiry value (₹33,440)', 'Large quantity (12 units)']",Handle after higher-priority leads,Medium,Micro,33440.23,12
2956,273,13.4,0.1336692929610288,Low,"['Repeat buyer with 0 previous orders', 'Large quantity (12 units)']",Handle after higher-priority leads,Medium,Medium,12503.79,12
965,674,13.4,0.134327735773946,Low,"['Repeat buyer with 1 previous orders', 'Enterprise buyer', 'Large quantity (14 units)']",Handle after higher-priority leads,Low,Enterprise,9922.77,14
2770,304,13.4,0.1336928439434794,Low,"['Repeat buyer with 0 previous orders', 'High inquiry value (₹21,475)', 'Large quantity (17 units)']",Handle after higher-priority leads,Medium,Medium,21475.34,17
4615,290,13.4,0.13388251751849561,Low,"['Repeat buyer with 0 previous orders', 'Large quantity (18 units)']",Handle after higher-priority leads,Medium,Small,10411.41,18
3860,791,13.4,0.13399665073742703,Low,"['Repeat buyer with 1 previous orders', 'Enterprise buyer', 'Large quantity (16 units)']",Handle after higher-priority leads,Low,Enterprise,19222.81,16
1064,260,13.4,0.13399665073742703,Low,"['Repeat buyer with 1 previous orders', 'Enterprise buyer']",Handle after higher-priority leads,Low,Enterprise,9496.72,9
2040,376,13.4,0.13429212058995893,Low,['Repeat buyer with 2 previous orders'],Handle after higher-priority leads,Low,Medium,17541.35,8
2932,797,13.3,0.1326471980388576,Low,"['Repeat buyer with 2 previous orders', 'Enterprise buyer', 'High inquiry value (₹20,091)', 'Large quantity (17 units)']",Handle after higher-priority leads,Low,Enterprise,20090.97,17
3776,619,13.3,0.13340031165486887,Low,"['Repeat buyer with 0 previous orders', 'Large buyer', 'High inquiry value (₹25,653)', 'Large quantity (14 units)']",Handle after higher-priority leads,Medium,Large,25652.71,14
3861,450,13.3,0.1326471980388576,Low,"['Repeat buyer with 2 previous orders', 'Enterprise buyer', 'High inquiry value (₹34,884)', 'Large quantity (19 units)']",Handle after higher-priority leads,Low,Enterprise,34883.67,19
2869,385,13.3,0.1333905841964083,Low,"['Repeat buyer with 0 previous orders', 'Enterprise buyer', 'Large quantity (12 units)']",Handle after higher-priority leads,Medium,Enterprise,15304.13,12
1583,391,13.3,0.13255388360369966,Low,"['Repeat buyer with 2 previous orders', 'Enterprise buyer']",Handle after higher-priority leads,Low,Enterprise,10675.15,7
1086,249,13.2,0.1318833712127821,Low,"['Repeat buyer with 0 previous orders', 'Large quantity (12 units)']",Handle after higher-priority leads,Medium,Small,12749.09,12
1468,601,13.2,0.1318833712127821,Low,"['Repeat buyer with 0 previous orders', 'Large quantity (13 units)']",Handle after higher-priority leads,Medium,Medium,13495.34,13
1159,466,13.2,0.1318833712127821,Low,"['Repeat buyer with 0 previous orders', 'High inquiry value (₹34,442)', 'Large quantity (12 units)']",Handle after higher-priority leads,Medium,Medium,34441.52,12
4389,782,13.2,0.13179332231689359,Low,"['Repeat buyer with 0 previous orders', 'Large quantity (12 units)']",Handle after higher-priority leads,Medium,Small,19597.87,12
1915,422,13.2,0.1318833712127821,Low,"['Repeat buyer with 0 previous orders', 'High inquiry value (₹29,500)', 'Large quantity (10 units)']",Handle after higher-priority leads,Medium,Medium,29499.65,10
2022,985,13.2,0.13193433747702443,Low,"['Repeat buyer with 0 previous orders', 'Large buyer', 'High inquiry value (₹32,424)', 'Large quantity (12 units)']",Handle after higher-priority leads,Medium,Large,32423.93,12
511,656,13.2,0.1318833712127821,Low,['Repeat buyer with 0 previous orders'],Handle after higher-priority leads,Medium,Small,10605.52,9
277,710,13.2,0.13224636469437473,Low,"['Repeat buyer with 2 previous orders', 'Enterprise buyer', 'High inquiry value (₹45,720)', 'Large quantity (17 units)']",Handle after higher-priority leads,Low,Enterprise,45719.93,17
2437,55,13.2,0.1315220432997471,Low,"['Repeat buyer with 0 previous orders', 'High inquiry value (₹28,511)', 'Large quantity (15 units)']",Handle after higher-priority leads,Medium,Small,28510.52,15
1966,694,13.2,0.13236254696529776,Low,"['High urgency', 'Large quantity (13 units)']",Handle after higher-priority leads,High,Small,10435.48,13
2023,254,13.2,0.13193433747702443,Low,"['Repeat buyer with 0 previous orders', 'Large buyer']",Handle after higher-priority leads,Medium,Large,4878.03,8
2197,308,13.2,0.1315406311477133,Low,"['Repeat buyer with 2 previous orders', 'Large buyer', 'Large quantity (11 units)', 'Strong seller rating (4.8)']",Handle after higher-priority leads,Low,Large,10257.13,11
418,870,13.2,0.13232569099289299,Low,"['Repeat buyer with 1 previous orders', 'High inquiry value (₹23,247)', 'Large quantity (13 units)']",Handle after higher-priority leads,Low,Medium,23246.78,13
3810,312,13.2,0.13179332231689359,Low,"['Repeat buyer with 0 previous orders', 'High inquiry value (₹25,643)', 'Large quantity (14 units)']",Handle after higher-priority leads,Medium,Small,25643.27,14
1986,370,13.2,0.13193433747702443,Low,"['Repeat buyer with 0 previous orders', 'Large buyer', 'Large quantity (10 units)']",Handle after higher-priority leads,Medium,Large,4880.4,10
262,288,13.2,0.1316547436307471,Low,"['Repeat buyer with 1 previous orders', 'High inquiry value (₹25,438)', 'Large quantity (18 units)', 'Strong seller rating (4.6)']",Handle after higher-priority leads,Low,Micro,25438.35,18
4412,544,13.2,0.13229063386237058,Low,"['Repeat buyer with 1 previous orders', 'Enterprise buyer', 'High inquiry value (₹21,249)', 'Large quantity (20 units)']",Handle after higher-priority leads,Low,Enterprise,21249.45,20
3816,859,13.2,0.13224636469437473,Low,"['Repeat buyer with 4 previous orders', 'Enterprise buyer', 'High inquiry value (₹34,313)', 'Large quantity (15 units)']",Handle after higher-priority leads,Low,Enterprise,34312.74,15
4258,772,13.1,0.13083001993515078,Low,"['Repeat buyer with 0 previous orders', 'High inquiry value (₹40,401)', 'Large quantity (15 units)']",Handle after higher-priority leads,Medium,Small,40401.01,15
2919,383,13.1,0.13056941029639352,Low,"['Repeat buyer with 1 previous orders', 'High inquiry value (₹23,464)', 'Strong seller rating (4.8)']",Handle after higher-priority leads,Low,Small,23463.88,8
3212,922,13.1,0.13056941029639352,Low,"['Repeat buyer with 1 previous orders', 'High inquiry value (₹25,260)', 'Large quantity (14 units)']",Handle after higher-priority leads,Low,Small,25259.69,14
3536,414,13.1,0.13132801585058324,Low,"['Repeat buyer with 0 previous orders', 'Enterprise buyer', 'Large quantity (11 units)']",Handle after higher-priority leads,Medium,Enterprise,19478.36,11
2607,656,13.1,0.13056941029639352,Low,['Repeat buyer with 1 previous orders'],Handle after higher-priority leads,Low,Medium,12697.46,8
3277,835,13.1,0.13059604137945888,Low,"['Repeat buyer with 1 previous orders', 'Enterprise buyer', 'High inquiry value (₹20,958)', 'Large quantity (11 units)']",Handle after higher-priority leads,Low,Enterprise,20957.61,11
3000,476,13.1,0.13056941029639352,Low,"['Repeat buyer with 1 previous orders', 'High inquiry value (₹31,842)', 'Large quantity (17 units)', 'Strong seller rating (4.8)']",Handle after higher-priority leads,Low,Small,31841.83,17
3687,138,13.1,0.13056941029639352,Low,"['Repeat buyer with 1 previous orders', 'High inquiry value (₹44,011)', 'Large quantity (16 units)']",Handle after higher-priority leads,Low,Small,44010.84,16
3077,601,13.1,0.13125224237684752,Low,"['Repeat buyer with 0 previous orders', 'High inquiry value (₹20,991)', 'Large quantity (13 units)']",Handle after higher-priority leads,Medium,Small,20990.63,13
3629,381,13.1,0.13091089515901616,Low,"['Repeat buyer with 3 previous orders', 'Large buyer', 'High inquiry value (₹27,808)', 'Large quantity (10 units)']",Handle after higher-priority leads,Low,Large,27808.28,10
1301,943,13.1,0.13056941029639352,Low,"['Repeat buyer with 1 previous orders', 'Large quantity (10 units)']",Handle after higher-priority leads,Low,Small,7727.9,10
750,779,13.1,0.13134484222559006,Low,"['Repeat buyer with 0 previous orders', 'Enterprise buyer', 'High inquiry value (₹41,004)', 'Large quantity (14 units)']",Handle after higher-priority leads,Medium,Enterprise,41004.19,14
1530,351,13.1,0.13059604137945888,Low,"['Repeat buyer with 1 previous orders', 'Enterprise buyer', 'High inquiry value (₹27,409)', 'Large quantity (10 units)']",Handle after higher-priority leads,Low,Enterprise,27409.06,10
2075,813,13.1,0.13059604137945888,Low,"['Repeat buyer with 1 previous orders', 'Enterprise buyer', 'High inquiry value (₹20,748)', 'Large quantity (14 units)']",Handle after higher-priority leads,Low,Enterprise,20747.56,14
445,16,13.1,0.13076254956859087,Low,"['Repeat buyer with 0 previous orders', 'Large quantity (13 units)']",Handle after higher-priority leads,Medium,Medium,15275.87,13
3869,797,13.1,0.13134333437884826,Low,"['Repeat buyer with 2 previous orders', 'Large buyer', 'Large quantity (10 units)']",Handle after higher-priority leads,Low,Large,14705.22,10
4508,126,13.0,0.13014469046677885,Low,"['High inquiry value (₹20,740)', 'Large quantity (13 units)']",Handle after higher-priority leads,Medium,Micro,20739.69,13
4451,509,13.0,0.13021579910774608,Low,"['Repeat buyer with 0 previous orders', 'Large quantity (19 units)', 'Strong seller rating (4.9)']",Handle after higher-priority leads,Medium,Micro,19530.92,19
1583,558,13.0,0.13020047579579425,Low,"['Repeat buyer with 1 previous orders', 'Enterprise buyer', 'High inquiry value (₹34,608)', 'Large quantity (20 units)']",Handle after higher-priority leads,Low,Enterprise,34607.74,20
1175,861,13.0,0.12994362821826025,Low,"['Repeat buyer with 1 previous orders', 'Large quantity (18 units)']",Handle after higher-priority leads,Low,Medium,19041.46,18
34,271,13.0,0.1301467625987894,Low,"['Repeat buyer with 0 previous orders', 'Large quantity (14 units)']",Handle after higher-priority leads,Medium,Small,16638.49,14
1164,190,13.0,0.12991860097288038,Low,"['Repeat buyer with 0 previous orders', 'Large buyer', 'Large quantity (11 units)']",Handle after higher-priority leads,Medium,Large,10500.8,11
2727,718,13.0,0.1301467625987894,Low,"['Repeat buyer with 0 previous orders', 'High inquiry value (₹21,885)', 'Large quantity (13 units)']",Handle after higher-priority leads,Medium,Small,21885.47,13
1185,23,13.0,0.1301467625987894,Low,"['Repeat buyer with 0 previous orders', 'High inquiry value (₹44,163)', 'Large quantity (14 units)']",Handle after higher-priority leads,Medium,Small,44162.89,14
479,349,13.0,0.12969025618156296,Low,"['Repeat buyer with 1 previous orders', 'Enterprise buyer', 'High inquiry value (₹29,445)', 'Large quantity (15 units)']",Handle after higher-priority leads,Low,Enterprise,29444.78,15
4565,779,13.0,0.12952064070883695,Low,"['High inquiry value (₹39,085)', 'Large quantity (14 units)', 'Strong seller rating (4.5)']",Handle after higher-priority leads,Medium,Medium,39084.93,14
49,281,13.0,0.13033317756467108,Low,"['Repeat buyer with 0 previous orders', 'High inquiry value (₹29,003)', 'Large quantity (22 units)']",Handle after higher-priority leads,Medium,Medium,29002.74,22
4736,736,13.0,0.12952064070883695,Low,['Large quantity (15 units)'],Handle after higher-priority leads,Medium,Small,9821.49,15
2350,64,13.0,0.13020047579579425,Low,"['Repeat buyer with 1 previous orders', 'Enterprise buyer', 'High inquiry value (₹29,599)', 'Large quantity (14 units)']",Handle after higher-priority leads,Low,Enterprise,29599.07,14
3126,435,13.0,0.13014469046677885,Low,"['High inquiry value (₹20,359)', 'Large quantity (12 units)', 'Strong seller rating (4.9)']",Handle after higher-priority leads,Medium,Medium,20359.48,12
1432,78,13.0,0.12952064070883695,Low,"['High inquiry value (₹26,084)', 'Strong seller rating (4.8)']",Handle after higher-priority leads,Medium,Medium,26084.44,9
4720,368,13.0,0.12964224584449896,Low,"['Repeat buyer with 0 previous orders', 'Large quantity (13 units)']",Handle after higher-priority leads,Medium,Small,11259.45,13
4703,371,13.0,0.13033317756467108,Low,"['Repeat buyer with 0 previous orders', 'High inquiry value (₹28,435)', 'Large quantity (18 units)']",Handle after higher-priority leads,Medium,Micro,28435.47,18
2838,838,13.0,0.1301467625987894,Low,['Repeat buyer with 0 previous orders'],Handle after higher-priority leads,Medium,Medium,16924.39,8
3232,745,13.0,0.13010904769903242,Low,"['Repeat buyer with 0 previous orders', 'Large buyer', 'High inquiry value (₹27,823)', 'Large quantity (14 units)']",Handle after higher-priority leads,Medium,Large,27823.46,14
977,217,13.0,0.13020047579579425,Low,"['Repeat buyer with 1 previous orders', 'Enterprise buyer', 'High inquiry value (₹24,918)', 'Large quantity (10 units)']",Handle after higher-priority leads,Low,Enterprise,24917.65,10
221,991,13.0,0.13033317756467108,Low,"['Repeat buyer with 0 previous orders', 'High inquiry value (₹23,689)', 'Large quantity (19 units)']",Handle after higher-priority leads,Medium,Small,23688.76,19
1128,970,13.0,0.12969025618156296,Low,"['Repeat buyer with 1 previous orders', 'Enterprise buyer', 'High inquiry value (₹57,841)', 'Large quantity (19 units)']",Handle after higher-priority leads,Low,Enterprise,57840.61,19
315,875,13.0,0.12952956771413182,Low,"['Repeat buyer with 0 previous orders', 'Large buyer', 'Large quantity (12 units)']",Handle after higher-priority leads,Medium,Large,11136.31,12
4605,898,13.0,0.12963566211368988,Low,"['Repeat buyer with 2 previous orders', 'Large buyer', 'Large quantity (11 units)']",Handle after higher-priority leads,Low,Large,15960.83,11
938,641,13.0,0.12979714767557926,Low,"['Repeat buyer with 0 previous orders', 'Enterprise buyer', 'High inquiry value (₹20,577)', 'Large quantity (14 units)']",Handle after higher-priority leads,Medium,Enterprise,20576.73,14
3180,118,13.0,0.12994362821826025,Low,"['Repeat buyer with 1 previous orders', 'Large quantity (13 units)']",Handle after higher-priority leads,Low,Small,18908.68,13
1146,399,13.0,0.12984206365023923,Low,"['Repeat buyer with 1 previous orders', 'Large quantity (17 units)']",Handle after higher-priority leads,Low,Small,16986.69,17
4037,221,13.0,0.13033317756467108,Low,"['Repeat buyer with 0 previous orders', 'High inquiry value (₹28,650)', 'Large quantity (22 units)']",Handle after higher-priority leads,Medium,Medium,28650.39,22
495,252,12.9,0.1285384552517662,Low,"['Repeat buyer with 0 previous orders', 'Large buyer']",Handle after higher-priority leads,Medium,Large,18461.6,9
1586,331,12.9,0.1287112322323737,Low,"['Repeat buyer with 0 previous orders', 'Large quantity (15 units)']",Handle after higher-priority leads,Medium,Small,13426.89,15
2233,760,12.9,0.1287112322323737,Low,"['Repeat buyer with 0 previous orders', 'Large quantity (13 units)']",Handle after higher-priority leads,Medium,Medium,16184.13,13
337,552,12.9,0.1285384552517662,Low,"['Repeat buyer with 0 previous orders', 'Large buyer']",Handle after higher-priority leads,Medium,Large,19655.19,7
1823,712,12.9,0.1291444957601717,Low,"['Repeat buyer with 1 previous orders', 'Large quantity (12 units)']",Handle after higher-priority leads,Low,Medium,15445.72,12
1463,7,12.9,0.1291708793944096,Low,"['Repeat buyer with 1 previous orders', 'Enterprise buyer', 'High inquiry value (₹37,801)', 'Large quantity (21 units)']",Handle after higher-priority leads,Low,Enterprise,37800.83,21
4328,129,12.9,0.1291020697685884,Low,['Repeat buyer with 0 previous orders'],Handle after higher-priority leads,Medium,Small,12686.12,9
3936,960,12.9,0.1291444957601717,Low,"['Repeat buyer with 1 previous orders', 'Large quantity (15 units)']",Handle after higher-priority leads,Low,Small,11332.37,15
4117,116,12.9,0.1287112322323737,Low,"['Repeat buyer with 0 previous orders', 'High inquiry value (₹30,084)', 'Large quantity (12 units)']",Handle after higher-priority leads,Medium,Medium,30083.79,12
4070,296,12.9,0.1287112322323737,Low,"['Repeat buyer with 0 previous orders', 'High inquiry value (₹22,587)', 'Large quantity (12 units)']",Handle after higher-priority leads,Medium,Medium,22586.82,12
1835,921,12.9,0.1291753211409193,Low,"['Repeat buyer with 0 previous orders', 'Large quantity (10 units)']",Handle after higher-priority leads,Medium,Medium,9726.94,10
3828,4,12.9,0.1287112322323737,Low,"['Repeat buyer with 0 previous orders', 'High inquiry value (₹28,615)', 'Large quantity (14 units)']",Handle after higher-priority leads,Medium,Micro,28614.65,14
4739,413,12.9,0.1287112322323737,Low,"['Repeat buyer with 0 previous orders', 'Large quantity (13 units)']",Handle after higher-priority leads,Medium,Medium,16284.25,13
3319,471,12.9,0.1291444957601717,Low,"['Repeat buyer with 1 previous orders', 'Large quantity (18 units)']",Handle after higher-priority leads,Low,Medium,16233.2,18
4581,162,12.9,0.1288301807754294,Low,"['Repeat buyer with 0 previous orders', 'Large buyer', 'Large quantity (14 units)']",Handle after higher-priority leads,Medium,Large,18731.45,14
3919,780,12.9,0.1287112322323737,Low,"['Repeat buyer with 0 previous orders', 'Large quantity (12 units)']",Handle after higher-priority leads,Medium,Small,18158.4,12
2049,462,12.9,0.1291444957601717,Low,"['Repeat buyer with 1 previous orders', 'High inquiry value (₹21,171)', 'Large quantity (10 units)']",Handle after higher-priority leads,Low,Micro,21171.19,10
635,120,12.9,0.12901369115757916,Low,"['Repeat buyer with 2 previous orders', 'Large buyer', 'High inquiry value (₹32,324)', 'Large quantity (18 units)']",Handle after higher-priority leads,Low,Large,32324.19,18
1792,374,12.8,0.12819094046253035,Low,"['Repeat buyer with 1 previous orders', 'Large quantity (16 units)']",Handle after higher-priority leads,Low,Medium,14166.62,16
3450,839,12.8,0.12819371839584628,Low,"['Large buyer', 'High inquiry value (₹42,296)', 'Large quantity (17 units)', 'Strong seller rating (4.6)']",Handle after higher-priority leads,Medium,Large,42295.86,17
3757,827,12.8,0.12821943486456483,Low,"['Repeat buyer with 2 previous orders', 'Large buyer']",Handle after higher-priority leads,Low,Large,13591.69,8
151,964,12.8,0.12809984251702758,Low,"['Repeat buyer with 0 previous orders', 'Large buyer', 'High inquiry value (₹20,399)', 'Large quantity (11 units)']",Handle after higher-priority leads,Medium,Large,20398.54,11
4088,743,12.8,0.1275689737486166,Low,"['Repeat buyer with 0 previous orders', 'Large quantity (17 units)']",Handle after higher-priority leads,Medium,Micro,15094.33,17
3654,272,12.8,0.12766929306211094,Low,"['Repeat buyer with 0 previous orders', 'Enterprise buyer', 'Large quantity (13 units)']",Handle after higher-priority leads,Medium,Enterprise,19524.96,13
1322,545,12.8,0.12826121702262996,Low,"['Repeat buyer with 0 previous orders', 'Large buyer', 'Large quantity (10 units)']",Handle after higher-priority leads,Medium,Large,16767.25,10
729,857,12.8,0.1275744358049337,Low,"['Repeat buyer with 0 previous orders', 'High inquiry value (₹38,100)', 'Large quantity (19 units)']",Handle after higher-priority leads,Medium,Small,38099.78,19
2726,959,12.8,0.12777240593526415,Low,"['Repeat buyer with 2 previous orders', 'Enterprise buyer', 'High inquiry value (₹29,739)', 'Large quantity (10 units)']",Handle after higher-priority leads,Low,Enterprise,29738.64,10
4603,77,12.8,0.12819094046253035,Low,['Repeat buyer with 1 previous orders'],Handle after higher-priority leads,Low,Medium,3782.03,8
1047,121,12.8,0.12821146011309414,Low,['Repeat buyer with 0 previous orders'],Handle after higher-priority leads,Medium,Small,16187.71,9
1946,349,12.8,0.1275744358049337,Low,"['Repeat buyer with 0 previous orders', 'High inquiry value (₹25,159)', 'Large quantity (16 units)']",Handle after higher-priority leads,Medium,Small,25159.09,16
4937,703,12.8,0.12826121702262996,Low,"['Repeat buyer with 0 previous orders', 'Large buyer', 'High inquiry value (₹25,417)', 'Large quantity (13 units)']",Handle after higher-priority leads,Medium,Large,25416.64,13
254,324,12.8,0.12774893221454223,Low,"['Repeat buyer with 0 previous orders', 'Large quantity (10 units)']",Handle after higher-priority leads,Medium,Micro,6426.78,10
2115,902,12.8,0.12821943486456483,Low,"['Repeat buyer with 2 previous orders', 'Large buyer', 'High inquiry value (₹25,658)', 'Large quantity (17 units)']",Handle after higher-priority leads,Low,Large,25657.68,17
4597,272,12.8,0.12821943486456483,Low,"['Repeat buyer with 2 previous orders', 'Large buyer', 'High inquiry value (₹21,185)', 'Large quantity (14 units)']",Handle after higher-priority leads,Low,Large,21184.57,14
1063,717,12.7,0.126870793212933,Low,['Large quantity (17 units)'],Handle after higher-priority leads,Medium,Medium,18514.1,17
4033,284,12.7,0.12677659060947585,Low,['Large quantity (12 units)'],Handle after higher-priority leads,Medium,Micro,17263.64,12
2570,868,12.7,0.12712993843098247,Low,"['High inquiry value (₹22,238)', 'Large quantity (17 units)']",Handle after higher-priority leads,Medium,Medium,22237.91,17
1108,31,12.7,0.1269467042863528,Low,"['Repeat buyer with 0 previous orders', 'Large buyer', 'High inquiry value (₹30,602)', 'Large quantity (14 units)']",Handle after higher-priority leads,Medium,Large,30601.55,14
576,212,12.7,0.1266981279998408,Low,"['Repeat buyer with 0 previous orders', 'Large quantity (18 units)']",Handle after higher-priority leads,Medium,Medium,8539.27,18
2448,75,12.7,0.12651615586807957,Low,['Repeat buyer with 0 previous orders'],Handle after higher-priority leads,Medium,Medium,18140.61,9
2706,327,12.7,0.12677659060947585,Low,['Strong seller rating (4.7)'],Handle after higher-priority leads,Medium,Medium,12986.49,7
2204,874,12.7,0.12712993843098247,Low,['Large quantity (17 units)'],Handle after higher-priority leads,Medium,Small,18019.49,17
4792,977,12.7,0.12686574909598403,Low,"['Enterprise buyer', 'Large quantity (21 units)']",Handle after higher-priority leads,Medium,Enterprise,12945.82,21
1300,113,12.7,0.12738389868412472,Low,"['Large buyer', 'Large quantity (12 units)']",Handle after higher-priority leads,Medium,Large,11070.99,12
2240,839,12.7,0.12709216976058918,Low,"['Large quantity (11 units)', 'Strong seller rating (4.7)']",Handle after higher-priority leads,Medium,Medium,9807.55,11
3963,269,12.7,0.1266981279998408,Low,"['Repeat buyer with 0 previous orders', 'Large quantity (19 units)']",Handle after higher-priority leads,Medium,Medium,15838.94,19
2953,814,12.6,0.1263706587157575,Low,"['Repeat buyer with 0 previous orders', 'Large quantity (12 units)']",Handle after higher-priority leads,Medium,Small,19276.43,12
2770,265,12.6,0.12588818579260866,Low,"['Repeat buyer with 1 previous orders', 'High inquiry value (₹20,720)', 'Large quantity (13 units)']",Handle after higher-priority leads,Low,Small,20720.22,13
854,648,12.6,0.12611312610145242,Low,"['Repeat buyer with 1 previous orders', 'Large quantity (10 units)']",Handle after higher-priority leads,Low,Small,8296.05,10
3812,779,12.6,0.12644349352194936,Low,"['Repeat buyer with 0 previous orders', 'Large quantity (16 units)']",Handle after higher-priority leads,Medium,Medium,17361.24,16
648,907,12.6,0.12598711970269286,Low,['Repeat buyer with 0 previous orders'],Handle after higher-priority leads,Medium,Small,8626.57,8
4483,413,12.6,0.12611224728236642,Low,"['Repeat buyer with 1 previous orders', 'High inquiry value (₹20,064)', 'Large quantity (14 units)']",Handle after higher-priority leads,Low,Small,20063.82,14
3001,991,12.6,0.12616634857369308,Low,"['High inquiry value (₹27,244)', 'Large quantity (11 units)', 'Strong seller rating (4.8)']",Handle after higher-priority leads,Medium,Medium,27244.01,11
3706,712,12.6,0.1259206431955671,Low,"['Repeat buyer with 0 previous orders', 'Large buyer', 'Large quantity (15 units)']",Handle after higher-priority leads,Medium,Large,8629.8,15
891,388,12.6,0.12617718951366982,Low,"['Repeat buyer with 1 previous orders', 'Large buyer', 'High inquiry value (₹22,238)', 'Large quantity (15 units)']",Handle after higher-priority leads,Low,Large,22238.15,15
1781,511,12.6,0.12588818579260866,Low,"['Repeat buyer with 1 previous orders', 'High inquiry value (₹21,606)']",Handle after higher-priority leads,Low,Small,21606.18,7
4747,15,12.6,0.12617718951366982,Low,"['Repeat buyer with 1 previous orders', 'Large buyer', 'High inquiry value (₹32,186)', 'Large quantity (17 units)']",Handle after higher-priority leads,Low,Large,32186.01,17
4360,371,12.6,0.12639611111294521,Low,"['Repeat buyer with 0 previous orders', 'Large buyer']",Handle after higher-priority leads,Medium,Large,8286.7,7
4172,54,12.6,0.12588818579260866,Low,"['Repeat buyer with 1 previous orders', 'Large quantity (12 units)']",Handle after higher-priority leads,Low,Medium,18067.6,12
4934,621,12.5,0.12480903828644113,Low,"['Repeat buyer with 3 previous orders', 'Large quantity (11 units)']",Handle after higher-priority leads,Low,Medium,18610.29,11
3668,879,12.5,0.1248453683556115,Low,"['Repeat buyer with 2 previous orders', 'High inquiry value (₹37,149)', 'Large quantity (13 units)']",Handle after higher-priority leads,Low,Small,37149.19,13
129,844,12.5,0.12477042387062875,Low,"['Repeat buyer with 0 previous orders', 'High inquiry value (₹21,964)', 'Large quantity (10 units)']",Handle after higher-priority leads,Medium,Medium,21964.43,10
761,459,12.5,0.12537488281983278,Low,"['Repeat buyer with 0 previous orders', 'Large quantity (10 units)']",Handle after higher-priority leads,Medium,Micro,13528.88,10
2536,227,12.5,0.12494881483232596,Low,"['Repeat buyer with 0 previous orders', 'High inquiry value (₹20,024)', 'Large quantity (17 units)', 'Strong seller rating (4.8)']",Handle after higher-priority leads,Medium,Medium,20024.07,17
4072,100,12.5,0.12537488281983278,Low,"['Repeat buyer with 0 previous orders', 'High inquiry value (₹21,044)', 'Large quantity (12 units)']",Handle after higher-priority leads,Medium,Small,21043.62,12
4736,277,12.5,0.12537488281983278,Low,"['Repeat buyer with 0 previous orders', 'High inquiry value (₹24,837)', 'Large quantity (13 units)']",Handle after higher-priority leads,Medium,Micro,24837.44,13
4031,864,12.5,0.12458885019733992,Low,"['Repeat buyer with 0 previous orders', 'Large quantity (12 units)']",Handle after higher-priority leads,Medium,Micro,7088.85,12
1417,958,12.5,0.12537488281983278,Low,"['Repeat buyer with 0 previous orders', 'High inquiry value (₹23,482)', 'Large quantity (14 units)']",Handle after higher-priority leads,Medium,Medium,23481.81,14
3491,52,12.5,0.1248453683556115,Low,['Repeat buyer with 2 previous orders'],Handle after higher-priority leads,Low,Small,15762.73,9
3821,998,12.5,0.12537488281983278,Low,"['Repeat buyer with 0 previous orders', 'High inquiry value (₹21,471)', 'Large quantity (12 units)']",Handle after higher-priority leads,Medium,Micro,21470.93,12
2241,442,12.5,0.12477042387062875,Low,['Repeat buyer with 0 previous orders'],Handle after higher-priority leads,Medium,Medium,8647.16,5
1089,237,12.4,0.1235051339898594,Low,['Repeat buyer with 1 previous orders'],Handle after higher-priority leads,Low,Medium,11385.3,8
1626,30,12.4,0.12426066222658379,Low,"['Repeat buyer with 0 previous orders', 'Large quantity (13 units)']",Handle after higher-priority leads,Medium,Micro,19690.51,13
1872,887,12.4,0.12392005280835329,Low,"['Repeat buyer with 0 previous orders', 'High inquiry value (₹35,333)', 'Large quantity (23 units)']",Handle after higher-priority leads,Medium,Small,35332.91,23
2682,749,12.4,0.12426066222658379,Low,"['Repeat buyer with 0 previous orders', 'Large quantity (12 units)']",Handle after higher-priority leads,Medium,Small,18047.48,12
4114,497,12.4,0.12355175310617113,Low,"['Repeat buyer with 1 previous orders', 'High inquiry value (₹21,743)', 'Large quantity (13 units)']",Handle after higher-priority leads,Low,Small,21743.17,13
4964,482,12.4,0.12377873737673831,Low,"['Repeat buyer with 0 previous orders', 'Large quantity (14 units)']",Handle after higher-priority leads,Medium,Small,19244.08,14
3472,163,12.4,0.12377309830524269,Low,"['Repeat buyer with 0 previous orders', 'Large buyer', 'High inquiry value (₹25,586)', 'Large quantity (20 units)']",Handle after higher-priority leads,Medium,Large,25586.1,20
1550,79,12.4,0.12437907477141527,Low,"['Repeat buyer with 0 previous orders', 'Large quantity (10 units)']",Handle after higher-priority leads,Medium,Medium,8687.2,10
3119,499,12.4,0.12381941544705585,Low,"['Repeat buyer with 0 previous orders', 'Large quantity (16 units)']",Handle after higher-priority leads,Medium,Micro,15400.14,16
3780,397,12.4,0.12377346007629034,Low,['Repeat buyer with 0 previous orders'],Handle after higher-priority leads,Medium,Small,13887.85,9
4663,209,12.4,0.12440883133054129,Low,"['Repeat buyer with 0 previous orders', 'Large buyer', 'Large quantity (17 units)']",Handle after higher-priority leads,Medium,Large,9964.49,17
1846,694,12.3,0.1232504396545968,Low,"['Repeat buyer with 0 previous orders', 'High inquiry value (₹38,105)', 'Large quantity (18 units)']",Handle after higher-priority leads,Medium,Small,38104.98,18
984,845,12.3,0.12257893929841586,Low,"['Repeat buyer with 2 previous orders', 'Large quantity (15 units)', 'Strong seller rating (4.6)']",Handle after higher-priority leads,Low,Medium,18273.18,15
3636,567,12.3,0.12317427559011249,Low,"['Repeat buyer with 2 previous orders', 'High inquiry value (₹21,804)', 'Large quantity (13 units)', 'Strong seller rating (5.0)']",Handle after higher-priority leads,Low,Medium,21803.5,13
3669,733,12.3,0.12317427559011249,Low,"['Repeat buyer with 2 previous orders', 'Large quantity (13 units)']",Handle after higher-priority leads,Low,Medium,18774.87,13
3688,648,12.3,0.12317427559011249,Low,"['Repeat buyer with 3 previous orders', 'High inquiry value (₹24,327)', 'Large quantity (16 units)', 'Strong seller rating (4.9)']",Handle after higher-priority leads,Low,Medium,24327.14,16
562,543,12.3,0.1227106859983988,Low,"['Repeat buyer with 0 previous orders', 'Large buyer', 'Large quantity (18 units)']",Handle after higher-priority leads,Medium,Large,11268.28,18
3700,552,12.3,0.12317427559011249,Low,"['Repeat buyer with 3 previous orders', 'High inquiry value (₹24,445)', 'Large quantity (12 units)', 'Strong seller rating (4.6)']",Handle after higher-priority leads,Low,Medium,24445.11,12
3565,874,12.3,0.12317427559011249,Low,['Repeat buyer with 2 previous orders'],Handle after higher-priority leads,Low,Medium,19468.65,9
4310,180,12.3,0.12257893929841586,Low,"['Repeat buyer with 2 previous orders', 'Large quantity (10 units)']",Handle after higher-priority leads,Low,Micro,14781.89,10
2461,629,12.3,0.12253753567164047,Low,"['Repeat buyer with 1 previous orders', 'Large buyer', 'High inquiry value (₹24,910)', 'Large quantity (14 units)']",Handle after higher-priority leads,Low,Large,24909.72,14
4272,852,12.3,0.12317427559011249,Low,"['Repeat buyer with 3 previous orders', 'High inquiry value (₹24,542)', 'Large quantity (11 units)']",Handle after higher-priority leads,Low,Small,24541.66,11
1430,816,12.3,0.12333419276879387,Low,"['Repeat buyer with 1 previous orders', 'High inquiry value (₹28,231)', 'Large quantity (11 units)']",Handle after higher-priority leads,Low,Medium,28231.26,11
3324,963,12.3,0.12291711361401006,Low,"['Repeat buyer with 0 previous orders', 'Large buyer', 'High inquiry value (₹22,473)', 'Large quantity (11 units)']",Handle after higher-priority leads,Medium,Large,22472.86,11
2022,12,12.3,0.12322865808948394,Low,"['Repeat buyer with 0 previous orders', 'High inquiry value (₹24,758)', 'Large quantity (13 units)']",Handle after higher-priority leads,Medium,Small,24758.24,13
3260,781,12.2,0.12181875709790968,Low,"['Repeat buyer with 2 previous orders', 'High inquiry value (₹22,389)', 'Large quantity (10 units)']",Handle after higher-priority leads,Low,Micro,22389.33,10
3620,936,12.2,0.12225620918882102,Low,"['Repeat buyer with 0 previous orders', 'Large buyer', 'Large quantity (11 units)']",Handle after higher-priority leads,Medium,Large,8337.5,11
355,870,12.2,0.12225620918882102,Low,"['Repeat buyer with 0 previous orders', 'Large buyer', 'High inquiry value (₹33,139)', 'Large quantity (11 units)']",Handle after higher-priority leads,Medium,Large,33139.42,11
3016,61,12.2,0.12225620918882102,Low,"['Repeat buyer with 0 previous orders', 'Large buyer', 'High inquiry value (₹23,629)', 'Large quantity (15 units)']",Handle after higher-priority leads,Medium,Large,23629.33,15
1030,765,12.2,0.12174626952374967,Low,"['Repeat buyer with 3 previous orders', 'High inquiry value (₹37,108)', 'Large quantity (17 units)']",Handle after higher-priority leads,Low,Micro,37107.65,17
3421,802,12.2,0.12225620918882102,Low,"['Repeat buyer with 0 previous orders', 'Large buyer']",Handle after higher-priority leads,Medium,Large,16531.26,8
4214,56,12.2,0.12174626952374967,Low,"['Repeat buyer with 4 previous orders', 'Large quantity (10 units)']",Handle after higher-priority leads,Low,Small,19076.27,10
3915,2,12.2,0.12174626952374967,Low,['Repeat buyer with 2 previous orders'],Handle after higher-priority leads,Low,Small,13600.54,6
4762,596,12.2,0.12225620918882102,Low,"['Repeat buyer with 0 previous orders', 'Large buyer', 'High inquiry value (₹24,878)', 'Large quantity (14 units)']",Handle after higher-priority leads,Medium,Large,24878.02,14
1013,813,12.2,0.12174626952374967,Low,"['Repeat buyer with 2 previous orders', 'Large quantity (16 units)']",Handle after higher-priority leads,Low,Medium,12626.13,16
2682,557,12.2,0.12174626952374967,Low,"['Repeat buyer with 2 previous orders', 'Large quantity (11 units)']",Handle after higher-priority leads,Low,Medium,10962.01,11
4699,461,12.2,0.12212253961395114,Low,"['Repeat buyer with 0 previous orders', 'Large buyer', 'High inquiry value (₹36,595)', 'Large quantity (16 units)']",Handle after higher-priority leads,Medium,Large,36595.17,16
4101,266,12.2,0.12159287112665183,Low,"['Repeat buyer with 1 previous orders', 'Large buyer', 'High inquiry value (₹20,837)', 'Large quantity (11 units)']",Handle after higher-priority leads,Low,Large,20837.12,11
3081,348,12.2,0.12181875709790968,Low,['Repeat buyer with 2 previous orders'],Handle after higher-priority leads,Low,Medium,16244.82,9
2636,316,12.2,0.12225620918882102,Low,"['Repeat buyer with 0 previous orders', 'Large buyer', 'Large quantity (14 units)']",Handle after higher-priority leads,Medium,Large,8084.41,14
1641,197,12.2,0.12174626952374967,Low,"['Repeat buyer with 2 previous orders', 'High inquiry value (₹22,789)', 'Large quantity (14 units)']",Handle after higher-priority leads,Low,Medium,22788.87,14
318,219,12.2,0.12240329548392835,Low,"['Repeat buyer with 0 previous orders', 'Large quantity (14 units)']",Handle after higher-priority leads,Medium,Medium,13353.28,14
4405,638,12.1,0.12133248199630679,Low,"['Repeat buyer with 1 previous orders', 'Large buyer', 'High inquiry value (₹23,959)', 'Large quantity (10 units)']",Handle after higher-priority leads,Low,Large,23959.35,10
866,365,12.1,0.12066767056762304,Low,"['Repeat buyer with 1 previous orders', 'Enterprise buyer', 'Large quantity (11 units)']",Handle after higher-priority leads,Low,Enterprise,17265.92,11
647,537,12.1,0.12100412340729043,Low,"['Repeat buyer with 1 previous orders', 'Large buyer', 'High inquiry value (₹30,553)', 'Large quantity (15 units)']",Handle after higher-priority leads,Low,Large,30553.07,15
131,833,12.1,0.12133248199630679,Low,"['Repeat buyer with 1 previous orders', 'Large buyer', 'Large quantity (13 units)']",Handle after higher-priority leads,Low,Large,17778.8,13
192,498,12.1,0.1210686608778478,Low,"['Repeat buyer with 2 previous orders', 'Large quantity (11 units)']",Handle after higher-priority leads,Low,Small,5464.55,11
1225,848,12.1,0.12075331961504825,Low,"['Repeat buyer with 1 previous orders', 'Large buyer']",Handle after higher-priority leads,Low,Large,10009.34,7
688,796,12.1,0.12086428287253163,Low,"['Repeat buyer with 0 previous orders', 'Large quantity (13 units)']",Handle after higher-priority leads,Medium,Small,17690.13,13
1805,418,12.1,0.12085201792977544,Low,"['Repeat buyer with 1 previous orders', 'Enterprise buyer', 'High inquiry value (₹30,849)', 'Large quantity (15 units)']",Handle after higher-priority leads,Low,Enterprise,30848.87,15
1261,761,12.0,0.12021880780359594,Low,['Large quantity (10 units)'],Handle after higher-priority leads,Medium,Micro,14628.41,10
3291,658,12.0,0.12010274235032292,Low,"['Repeat buyer with 0 previous orders', 'Large quantity (16 units)']",Handle after higher-priority leads,Medium,Small,18008.91,16
4008,962,12.0,0.11986444279221835,Low,"['Repeat buyer with 1 previous orders', 'High inquiry value (₹33,559)', 'Large quantity (14 units)']",Handle after higher-priority leads,Low,Micro,33559.28,14
3699,244,12.0,0.11999445843254478,Low,"['Repeat buyer with 1 previous orders', 'Large buyer', 'Large quantity (11 units)']",Handle after higher-priority leads,Low,Large,19531.35,11
140,639,12.0,0.12004804161931197,Low,"['Repeat buyer with 0 previous orders', 'High inquiry value (₹25,132)', 'Large quantity (17 units)']",Handle after higher-priority leads,Medium,Small,25132.01,17
392,507,11.9,0.11942636016439706,Low,"['Repeat buyer with 0 previous orders', 'Large quantity (17 units)']",Handle after higher-priority leads,Medium,Small,17752.29,17
2818,298,11.9,0.11938997092261082,Low,"['Repeat buyer with 0 previous orders', 'High inquiry value (₹26,316)', 'Large quantity (14 units)']",Handle after higher-priority leads,Medium,Small,26316.08,14
85,238,11.9,0.11884422019503842,Low,"['Repeat buyer with 1 previous orders', 'High inquiry value (₹23,910)', 'Large quantity (18 units)']",Handle after higher-priority leads,Low,Medium,23909.8,18
3586,824,11.9,0.11904433913155238,Low,"['Repeat buyer with 1 previous orders', 'Large buyer', 'High inquiry value (₹23,774)', 'Large quantity (16 units)']",Handle after higher-priority leads,Low,Large,23774.35,16
3667,564,11.9,0.1194123980462419,Low,"['Repeat buyer with 1 previous orders', 'Large buyer']",Handle after higher-priority leads,Low,Large,6430.63,9
3038,501,11.9,0.1192569736919417,Low,"['Repeat buyer with 0 previous orders', 'High inquiry value (₹47,193)', 'Large quantity (17 units)']",Handle after higher-priority leads,Medium,Medium,47193.45,17
4223,205,11.9,0.11854110846475888,Low,"['Repeat buyer with 0 previous orders', 'High inquiry value (₹42,022)', 'Large quantity (17 units)']",Handle after higher-priority leads,Medium,Medium,42021.81,17
2390,587,11.9,0.11938997092261082,Low,"['Repeat buyer with 0 previous orders', 'High inquiry value (₹25,513)', 'Large quantity (15 units)']",Handle after higher-priority leads,Medium,Micro,25512.85,15
4016,588,11.9,0.11919833341273031,Low,"['Repeat buyer with 0 previous orders', 'Large quantity (13 units)']",Handle after higher-priority leads,Medium,Small,14591.54,13
3763,262,11.9,0.11917943370817806,Low,['Large buyer'],Handle after higher-priority leads,Medium,Large,13102.3,9
24,633,11.9,0.11880929445966472,Low,"['Repeat buyer with 1 previous orders', 'Enterprise buyer', 'High inquiry value (₹21,558)', 'Large quantity (12 units)']",Handle after higher-priority leads,Low,Enterprise,21558.2,12
3410,629,11.9,0.11904433913155238,Low,"['Repeat buyer with 1 previous orders', 'Large buyer', 'Large quantity (14 units)']",Handle after higher-priority leads,Low,Large,17193.62,14
431,50,11.9,0.11862474524285584,Low,"['Repeat buyer with 0 previous orders', 'Large quantity (15 units)']",Handle after higher-priority leads,Medium,Medium,19634.8,15
2999,992,11.9,0.11904433913155238,Low,"['Repeat buyer with 1 previous orders', 'Large buyer', 'High inquiry value (₹26,504)', 'Large quantity (10 units)']",Handle after higher-priority leads,Low,Large,26504.24,10
4627,652,11.9,0.11860592423806358,Low,"['High inquiry value (₹34,190)', 'Large quantity (15 units)']",Handle after higher-priority leads,Medium,Medium,34190.19,15
1926,54,11.8,0.11794793958974543,Low,['Repeat buyer with 0 previous orders'],Handle after higher-priority leads,Medium,Medium,8587.63,7
1235,708,11.8,0.11816551747431193,Low,['Repeat buyer with 0 previous orders'],Handle after higher-priority leads,Medium,Medium,12408.73,8
1336,212,11.8,0.11784711798627218,Low,"['Repeat buyer with 1 previous orders', 'Large quantity (10 units)']",Handle after higher-priority leads,Low,Small,10394.0,10
4716,267,11.8,0.11792591464410025,Low,"['Enterprise buyer', 'Large quantity (10 units)']",Handle after higher-priority leads,Medium,Enterprise,8279.51,10
2618,933,11.7,0.1168078303060247,Low,"['Repeat buyer with 1 previous orders', 'High inquiry value (₹26,561)', 'Large quantity (16 units)']",Handle after higher-priority leads,Low,Small,26561.28,16
310,568,11.7,0.11681073836690777,Low,"['Repeat buyer with 1 previous orders', 'High inquiry value (₹26,862)', 'Large quantity (10 units)']",Handle after higher-priority leads,Low,Micro,26861.7,10
843,920,11.7,0.11687276181160555,Low,"['Repeat buyer with 0 previous orders', 'Large buyer', 'Large quantity (10 units)']",Handle after higher-priority leads,Medium,Large,15858.72,10
3820,372,11.7,0.1168078303060247,Low,"['Repeat buyer with 1 previous orders', 'High inquiry value (₹22,218)', 'Large quantity (15 units)']",Handle after higher-priority leads,Low,Small,22217.83,15
1869,841,11.7,0.11681073836690777,Low,"['Repeat buyer with 1 previous orders', 'High inquiry value (₹20,853)', 'Large quantity (19 units)']",Handle after higher-priority leads,Low,Medium,20853.49,19
1478,68,11.7,0.11677352707719595,Low,"['Repeat buyer with 1 previous orders', 'Large quantity (11 units)', 'Strong seller rating (4.7)']",Handle after higher-priority leads,Low,Medium,9438.15,11
2693,922,11.7,0.11670988544213554,Low,['Large quantity (11 units)'],Handle after higher-priority leads,Medium,Medium,10278.9,11
4532,232,11.7,0.11681795035605612,Low,"['Repeat buyer with 1 previous orders', 'Large buyer', 'Large quantity (11 units)']",Handle after higher-priority leads,Low,Large,12097.33,11
2345,915,11.7,0.1172193744442262,Low,"['Repeat buyer with 0 previous orders', 'High inquiry value (₹22,927)', 'Large quantity (16 units)']",Handle after higher-priority leads,Medium,Small,22926.84,16
1696,439,11.7,0.11677352707719595,Low,"['Repeat buyer with 1 previous orders', 'Large quantity (13 units)']",Handle after higher-priority leads,Low,Medium,19983.94,13
1108,819,11.7,0.11677352707719595,Low,"['Repeat buyer with 1 previous orders', 'Large quantity (12 units)']",Handle after higher-priority leads,Low,Small,16785.01,12
154,783,11.7,0.1174205021984679,Low,"['Repeat buyer with 0 previous orders', 'High inquiry value (₹26,741)', 'Large quantity (16 units)']",Handle after higher-priority leads,Medium,Small,26741.43,16
2569,213,11.7,0.1168078303060247,Low,"['Repeat buyer with 1 previous orders', 'High inquiry value (₹37,767)', 'Large quantity (13 units)']",Handle after higher-priority leads,Low,Small,37767.12,13
3844,530,11.7,0.11677352707719595,Low,['Repeat buyer with 1 previous orders'],Handle after higher-priority leads,Low,Small,4021.03,7
4733,680,11.7,0.1172193744442262,Low,"['Repeat buyer with 0 previous orders', 'High inquiry value (₹23,455)', 'Large quantity (21 units)']",Handle after higher-priority leads,Medium,Small,23455.01,21
1719,185,11.7,0.11677352707719595,Low,"['Repeat buyer with 1 previous orders', 'Large quantity (18 units)', 'Strong seller rating (4.8)']",Handle after higher-priority leads,Low,Medium,14277.62,18
1065,67,11.7,0.11734839463762155,Low,"['Repeat buyer with 0 previous orders', 'Large quantity (14 units)']",Handle after higher-priority leads,Medium,Small,17857.33,14
4309,217,11.7,0.11670988544213554,Low,['Large quantity (14 units)'],Handle after higher-priority leads,Medium,Medium,16673.43,14
1401,918,11.7,0.1168078303060247,Low,"['Repeat buyer with 1 previous orders', 'High inquiry value (₹42,069)', 'Large quantity (15 units)']",Handle after higher-priority leads,Low,Medium,42069.31,15
3962,344,11.7,0.11681795035605612,Low,"['Repeat buyer with 1 previous orders', 'Large buyer', 'High inquiry value (₹20,492)', 'Large quantity (11 units)']",Handle after higher-priority leads,Low,Large,20491.62,11
626,482,11.6,0.1162312205516776,Low,"['Large buyer', 'Large quantity (17 units)']",Handle after higher-priority leads,Medium,Large,12345.95,17
118,986,11.6,0.11620502741442196,Low,"['Repeat buyer with 1 previous orders', 'High inquiry value (₹24,938)', 'Large quantity (16 units)', 'Strong seller rating (4.6)']",Handle after higher-priority leads,Low,Medium,24937.61,16
771,703,11.6,0.11620502741442196,Low,['Repeat buyer with 1 previous orders'],Handle after higher-priority leads,Low,Small,7101.36,8
2023,142,11.6,0.11592777592657484,Low,"['Repeat buyer with 0 previous orders', 'Large quantity (12 units)']",Handle after higher-priority leads,Medium,Small,11918.57,12
4139,501,11.6,0.11639446354590172,Low,"['Repeat buyer with 1 previous orders', 'Large quantity (15 units)']",Handle after higher-priority leads,Low,Medium,7062.23,15
1995,850,11.6,0.11642037563098288,Low,"['Repeat buyer with 0 previous orders', 'Large buyer', 'Large quantity (21 units)']",Handle after higher-priority leads,Medium,Large,13089.31,21
1268,28,11.5,0.11519975724296697,Low,"['High inquiry value (₹21,458)']",Handle after higher-priority leads,Medium,Small,21457.93,8
28,974,11.5,0.11523015688215452,Low,"['Repeat buyer with 1 previous orders', 'High inquiry value (₹23,906)', 'Large quantity (14 units)']",Handle after higher-priority leads,Low,Micro,23905.99,14
2414,799,11.5,0.11523015688215452,Low,"['Repeat buyer with 1 previous orders', 'Large quantity (17 units)', 'Strong seller rating (4.8)']",Handle after higher-priority leads,Low,Medium,9983.41,17
3729,489,11.5,0.11466819545623208,Low,['Repeat buyer with 1 previous orders'],Handle after higher-priority leads,Low,Small,9726.81,9
4378,301,11.5,0.11523015688215452,Low,"['Repeat buyer with 1 previous orders', 'Large quantity (15 units)']",Handle after higher-priority leads,Low,Small,11665.52,15
3294,508,11.5,0.1148459894087141,Low,"['Repeat buyer with 1 previous orders', 'High inquiry value (₹36,863)', 'Large quantity (13 units)', 'Strong seller rating (4.7)']",Handle after higher-priority leads,Low,Medium,36863.3,13
3845,257,11.5,0.1149284241490152,Low,"['Repeat buyer with 0 previous orders', 'Large quantity (10 units)']",Handle after higher-priority leads,Medium,Medium,16091.34,10
2645,104,11.5,0.11547917109462329,Low,"['Repeat buyer with 1 previous orders', 'High inquiry value (₹21,374)', 'Large quantity (15 units)']",Handle after higher-priority leads,Low,Small,21374.12,15
4228,732,11.5,0.11523015688215452,Low,"['Repeat buyer with 1 previous orders', 'Large quantity (13 units)']",Handle after higher-priority leads,Low,Small,14009.99,13
4655,329,11.5,0.1149284241490152,Low,"['Repeat buyer with 0 previous orders', 'High inquiry value (₹23,494)', 'Large quantity (14 units)']",Handle after higher-priority leads,Medium,Small,23493.95,14
640,948,11.5,0.11523015688215452,Low,"['Repeat buyer with 1 previous orders', 'High inquiry value (₹29,608)', 'Large quantity (10 units)', 'Strong seller rating (4.8)']",Handle after higher-priority leads,Low,Medium,29607.75,10
2875,730,11.5,0.11523015688215452,Low,"['Repeat buyer with 1 previous orders', 'High inquiry value (₹44,400)', 'Large quantity (16 units)', 'Strong seller rating (4.5)']",Handle after higher-priority leads,Low,Medium,44400.04,16
2092,949,11.5,0.11507198323224681,Low,"['Repeat buyer with 1 previous orders', 'Large quantity (11 units)']",Handle after higher-priority leads,Low,Micro,5842.54,11
3170,500,11.5,0.1149284241490152,Low,"['Repeat buyer with 0 previous orders', 'High inquiry value (₹26,668)', 'Large quantity (13 units)']",Handle after higher-priority leads,Medium,Medium,26668.09,13
1986,129,11.5,0.1149284241490152,Low,"['Repeat buyer with 0 previous orders', 'Large quantity (11 units)']",Handle after higher-priority leads,Medium,Small,14144.61,11
4587,721,11.5,0.11523015688215452,Low,"['Repeat buyer with 1 previous orders', 'High inquiry value (₹23,466)', 'Large quantity (15 units)']",Handle after higher-priority leads,Low,Micro,23465.55,15
293,438,11.5,0.1149284241490152,Low,"['Repeat buyer with 0 previous orders', 'Large quantity (14 units)']",Handle after higher-priority leads,Medium,Medium,11040.63,14
1010,327,11.5,0.11523015688215452,Low,"['Repeat buyer with 1 previous orders', 'Large quantity (11 units)']",Handle after higher-priority leads,Low,Small,16068.02,11
104,631,11.5,0.11507198323224681,Low,"['Repeat buyer with 1 previous orders', 'Large quantity (18 units)']",Handle after higher-priority leads,Low,Medium,16321.66,18
2563,483,11.5,0.11523015688215452,Low,"['Repeat buyer with 1 previous orders', 'High inquiry value (₹25,236)', 'Large quantity (14 units)', 'Strong seller rating (4.8)']",Handle after higher-priority leads,Low,Medium,25235.78,14
3464,741,11.5,0.11523015688215452,Low,"['Repeat buyer with 1 previous orders', 'Strong seller rating (5.0)']",Handle after higher-priority leads,Low,Medium,11092.65,8
3242,606,11.5,0.11461782709259731,Low,['Repeat buyer with 1 previous orders'],Handle after higher-priority leads,Low,Micro,5858.17,9
3011,834,11.5,0.11523015688215452,Low,"['Repeat buyer with 1 previous orders', 'Large quantity (10 units)']",Handle after higher-priority leads,Low,Micro,10036.38,10
3187,62,11.5,0.11466819545623208,Low,"['Repeat buyer with 1 previous orders', 'Large quantity (14 units)']",Handle after higher-priority leads,Low,Small,14472.52,14
784,802,11.5,0.11523015688215452,Low,"['Repeat buyer with 1 previous orders', 'High inquiry value (₹23,423)', 'Large quantity (12 units)']",Handle after higher-priority leads,Low,Micro,23423.04,12
3949,130,11.5,0.1149284241490152,Low,"['Repeat buyer with 0 previous orders', 'High inquiry value (₹29,495)', 'Large quantity (13 units)']",Handle after higher-priority leads,Medium,Small,29495.0,13
2914,308,11.5,0.11507198323224681,Low,"['Repeat buyer with 1 previous orders', 'High inquiry value (₹39,450)', 'Large quantity (20 units)']",Handle after higher-priority leads,Low,Medium,39450.11,20
2147,805,11.5,0.11466819545623208,Low,"['Repeat buyer with 1 previous orders', 'Large quantity (11 units)']",Handle after higher-priority leads,Low,Small,7843.81,11
2824,403,11.5,0.11523015688215452,Low,"['Repeat buyer with 1 previous orders', 'High inquiry value (₹25,611)', 'Large quantity (11 units)']",Handle after higher-priority leads,Low,Small,25611.14,11
3109,963,11.5,0.11523015688215452,Low,"['Repeat buyer with 1 previous orders', 'Large quantity (13 units)', 'Strong seller rating (4.6)']",Handle after higher-priority leads,Low,Small,14465.08,13
3267,782,11.5,0.11523015688215452,Low,"['Repeat buyer with 1 previous orders', 'Strong seller rating (4.7)']",Handle after higher-priority leads,Low,Medium,15004.41,9
2516,88,11.5,0.11523015688215452,Low,"['Repeat buyer with 1 previous orders', 'High inquiry value (₹20,230)', 'Large quantity (13 units)', 'Strong seller rating (4.7)']",Handle after higher-priority leads,Low,Medium,20229.79,13
300,719,11.5,0.11523015688215452,Low,"['Repeat buyer with 1 previous orders', 'Large quantity (10 units)', 'Strong seller rating (4.6)']",Handle after higher-priority leads,Low,Medium,11192.85,10
3674,82,11.4,0.11395070100782669,Low,"['Repeat buyer with 1 previous orders', 'Large quantity (10 units)']",Handle after higher-priority leads,Low,Medium,14989.15,10
1700,657,11.4,0.11368671439786006,Low,"['Repeat buyer with 0 previous orders', 'High inquiry value (₹33,821)', 'Large quantity (13 units)']",Handle after higher-priority leads,Medium,Small,33820.55,13
3270,411,11.4,0.11416367479402172,Low,"['Repeat buyer with 0 previous orders', 'High inquiry value (₹30,312)', 'Large quantity (13 units)']",Handle after higher-priority leads,Medium,Medium,30312.04,13
2065,516,11.4,0.11380371950814627,Low,"['Repeat buyer with 0 previous orders', 'High inquiry value (₹30,586)', 'Large quantity (13 units)']",Handle after higher-priority leads,Medium,Small,30586.3,13
1033,848,11.4,0.11364307349356578,Low,"['Repeat buyer with 0 previous orders', 'Enterprise buyer', 'Large quantity (11 units)']",Handle after higher-priority leads,Medium,Enterprise,11752.93,11
3161,222,11.4,0.11353144401338905,Low,"['Repeat buyer with 0 previous orders', 'Large quantity (17 units)']",Handle after higher-priority leads,Medium,Medium,17117.48,17
1949,268,11.4,0.11449141821190416,Low,"['Repeat buyer with 1 previous orders', 'Large quantity (13 units)']",Handle after higher-priority leads,Low,Medium,15073.93,13
369,58,11.3,0.11252290407044648,Low,"['Repeat buyer with 1 previous orders', 'High inquiry value (₹24,987)', 'Large quantity (13 units)']",Handle after higher-priority leads,Low,Medium,24986.69,13
1256,266,11.3,0.11290871534128614,Low,"['Repeat buyer with 0 previous orders', 'Large buyer', 'Large quantity (13 units)']",Handle after higher-priority leads,Medium,Large,19883.23,13
2681,128,11.3,0.11339417961180416,Low,"['Repeat buyer with 1 previous orders', 'Large quantity (12 units)']",Handle after higher-priority leads,Low,Micro,14514.4,12
4875,173,11.3,0.11297435208338875,Low,['Repeat buyer with 1 previous orders'],Handle after higher-priority leads,Low,Micro,5539.19,7
1535,719,11.3,0.11339417961180416,Low,"['Repeat buyer with 1 previous orders', 'Large quantity (13 units)']",Handle after higher-priority leads,Low,Medium,7303.42,13
960,941,11.3,0.1129444841861853,Low,"['Repeat buyer with 0 previous orders', 'High inquiry value (₹37,292)', 'Large quantity (13 units)']",Handle after higher-priority leads,Medium,Small,37292.34,13
185,715,11.3,0.11270562827747858,Low,['Repeat buyer with 1 previous orders'],Handle after higher-priority leads,Low,Small,8675.45,9
3851,42,11.3,0.11297435208338875,Low,['Repeat buyer with 1 previous orders'],Handle after higher-priority leads,Low,Medium,11992.37,5
4396,89,11.3,0.11297435208338875,Low,"['Repeat buyer with 1 previous orders', 'Large quantity (13 units)']",Handle after higher-priority leads,Low,Small,13111.97,13
2138,209,11.3,0.11297435208338875,Low,"['Repeat buyer with 1 previous orders', 'High inquiry value (₹23,060)', 'Large quantity (13 units)']",Handle after higher-priority leads,Low,Micro,23060.43,13
3954,734,11.3,0.11337129018991828,Low,"['Repeat buyer with 0 previous orders', 'High inquiry value (₹24,672)', 'Large quantity (16 units)']",Handle after higher-priority leads,Medium,Medium,24671.91,16
394,716,11.3,0.11337129018991828,Low,"['Repeat buyer with 0 previous orders', 'High inquiry value (₹34,166)', 'Large quantity (17 units)']",Handle after higher-priority leads,Medium,Medium,34166.36,17
396,135,11.3,0.11309476198681413,Low,"['Repeat buyer with 1 previous orders', 'High inquiry value (₹34,506)', 'Large quantity (14 units)']",Handle after higher-priority leads,Low,Small,34506.27,14
1858,291,11.3,0.11297435208338875,Low,"['Repeat buyer with 1 previous orders', 'Large quantity (12 units)']",Handle after higher-priority leads,Low,Small,11967.02,12
2000,90,11.2,0.11208675553457678,Low,"['Repeat buyer with 0 previous orders', 'Large quantity (11 units)']",Handle after higher-priority leads,Medium,Small,10578.52,11
942,110,11.2,0.11208675553457678,Low,['Repeat buyer with 0 previous orders'],Handle after higher-priority leads,Medium,Medium,11398.35,8
26,529,11.2,0.11154305490754118,Low,"['Repeat buyer with 0 previous orders', 'High inquiry value (₹37,051)', 'Large quantity (12 units)']",Handle after higher-priority leads,Medium,Micro,37050.91,12
2503,635,11.2,0.11218341241795146,Low,['Repeat buyer with 0 previous orders'],Handle after higher-priority leads,Medium,Medium,16686.44,6
677,638,11.2,0.11215344509824297,Low,"['Repeat buyer with 0 previous orders', 'High inquiry value (₹30,908)', 'Large quantity (14 units)']",Handle after higher-priority leads,Medium,Medium,30908.31,14
3520,834,11.2,0.1123393207307306,Low,"['Repeat buyer with 1 previous orders', 'High inquiry value (₹22,117)', 'Large quantity (11 units)']",Handle after higher-priority leads,Low,Medium,22116.69,11
1943,476,11.2,0.11154305490754118,Low,"['Repeat buyer with 0 previous orders', 'Large quantity (13 units)']",Handle after higher-priority leads,Medium,Medium,17987.32,13
1156,167,11.2,0.11248757029173097,Low,"['Repeat buyer with 0 previous orders', 'Large buyer', 'Large quantity (13 units)']",Handle after higher-priority leads,Medium,Large,16335.61,13
455,932,11.2,0.11183067227528477,Low,"['Repeat buyer with 1 previous orders', 'High inquiry value (₹40,452)', 'Large quantity (15 units)']",Handle after higher-priority leads,Low,Small,40452.4,15
3279,829,11.2,0.11154305490754118,Low,"['Repeat buyer with 0 previous orders', 'Large quantity (11 units)']",Handle after higher-priority leads,Medium,Medium,18655.33,11
4058,798,11.1,0.11123166247621491,Low,"['Repeat buyer with 0 previous orders', 'Enterprise buyer', 'Large quantity (10 units)']",Handle after higher-priority leads,Medium,Enterprise,18905.44,10
4838,22,11.1,0.1108472012759495,Low,"['Repeat buyer with 1 previous orders', 'Large quantity (12 units)']",Handle after higher-priority leads,Low,Medium,14729.03,12
4077,201,11.1,0.1110286512103149,Low,"['Repeat buyer with 1 previous orders', 'High inquiry value (₹33,528)', 'Large quantity (15 units)']",Handle after higher-priority leads,Low,Small,33527.98,15
4486,903,11.1,0.11099923334282474,Low,"['Repeat buyer with 0 previous orders', 'Large quantity (11 units)']",Handle after higher-priority leads,Medium,Medium,11890.6,11
3081,231,11.1,0.1110286512103149,Low,"['Repeat buyer with 1 previous orders', 'High inquiry value (₹35,150)', 'Large quantity (12 units)']",Handle after higher-priority leads,Low,Medium,35150.35,12
3742,588,11.1,0.11114716128422529,Low,['Enterprise buyer'],Handle after higher-priority leads,Medium,Enterprise,10332.45,4
121,244,11.1,0.11051023278655069,Low,"['Repeat buyer with 0 previous orders', 'High inquiry value (₹35,227)', 'Large quantity (16 units)']",Handle after higher-priority leads,Medium,Medium,35227.09,16
1682,682,11.1,0.11141961175592216,Low,"['Repeat buyer with 0 previous orders', 'High inquiry value (₹30,347)', 'Large quantity (17 units)']",Handle after higher-priority leads,Medium,Small,30346.93,17
2889,478,11.1,0.11146112681140331,Low,['Large quantity (12 units)'],Handle after higher-priority leads,Medium,Medium,7758.49,12
2947,152,11.1,0.1113846201161543,Low,"['Repeat buyer with 0 previous orders', 'Large buyer', 'Large quantity (14 units)']",Handle after higher-priority leads,Medium,Large,19186.35,14
2245,236,11.1,0.1108472012759495,Low,"['Repeat buyer with 1 previous orders', 'Large quantity (13 units)']",Handle after higher-priority leads,Low,Medium,14737.93,13
3115,768,11.1,0.1108472012759495,Low,['Repeat buyer with 1 previous orders'],Handle after higher-priority leads,Low,Medium,12348.1,6
3774,545,11.1,0.1106074506053844,Low,"['Enterprise buyer', 'Large quantity (11 units)']",Handle after higher-priority leads,Medium,Enterprise,19975.92,11
1854,356,11.1,0.1108472012759495,Low,"['Repeat buyer with 1 previous orders', 'Large quantity (13 units)']",Handle after higher-priority leads,Low,Small,19665.63,13
1607,150,11.1,0.11065673930645208,Low,"['Repeat buyer with 1 previous orders', 'High inquiry value (₹36,198)', 'Large quantity (17 units)']",Handle after higher-priority leads,Low,Medium,36198.5,17
1024,43,11.1,0.1110286512103149,Low,"['Repeat buyer with 1 previous orders', 'High inquiry value (₹30,839)', 'Large quantity (19 units)']",Handle after higher-priority leads,Low,Small,30839.45,19
2285,590,11.0,0.11007583801670912,Low,[],Handle after higher-priority leads,Medium,Small,14901.96,8
4771,736,11.0,0.10950051176245035,Low,"['Repeat buyer with 0 previous orders', 'Enterprise buyer', 'High inquiry value (₹21,205)', 'Large quantity (12 units)']",Handle after higher-priority leads,Medium,Enterprise,21204.8,12
4540,276,11.0,0.11017709746535752,Low,"['Repeat buyer with 0 previous orders', 'Enterprise buyer', 'Large quantity (14 units)']",Handle after higher-priority leads,Medium,Enterprise,10723.61,14
3883,386,11.0,0.11024964041185996,Low,['Repeat buyer with 0 previous orders'],Handle after higher-priority leads,Medium,Small,7597.9,9
1407,424,11.0,0.1100326352031233,Low,"['Repeat buyer with 0 previous orders', 'Large buyer', 'Large quantity (13 units)']",Handle after higher-priority leads,Medium,Large,13908.74,13
3242,666,11.0,0.10967983474364917,Low,"['Repeat buyer with 0 previous orders', 'Large buyer', 'High inquiry value (₹28,966)', 'Large quantity (11 units)']",Handle after higher-priority leads,Medium,Large,28966.25,11
3513,941,11.0,0.11047845786420624,Low,"['Repeat buyer with 0 previous orders', 'Large quantity (12 units)']",Handle after higher-priority leads,Medium,Small,10824.46,12
3040,749,11.0,0.10994159265719804,Low,"['Repeat buyer with 0 previous orders', 'Large quantity (10 units)']",Handle after higher-priority leads,Medium,Small,13639.15,10
4839,405,11.0,0.10956247571028228,Low,"['Repeat buyer with 0 previous orders', 'High inquiry value (₹42,165)', 'Large quantity (17 units)']",Handle after higher-priority leads,Medium,Micro,42164.61,17
2907,230,10.9,0.10902246407207261,Low,"['Repeat buyer with 1 previous orders', 'High inquiry value (₹39,628)', 'Large quantity (13 units)']",Handle after higher-priority leads,Low,Small,39627.88,13
962,702,10.9,0.10898171324636728,Low,"['Repeat buyer with 0 previous orders', 'Large quantity (11 units)']",Handle after higher-priority leads,Medium,Small,13451.03,11
1917,245,10.8,0.10802745866938254,Low,"['Repeat buyer with 0 previous orders', 'Large quantity (19 units)']",Handle after higher-priority leads,Medium,Small,13519.99,19
430,932,10.8,0.10845123462910215,Low,"['Repeat buyer with 0 previous orders', 'Large quantity (10 units)']",Handle after higher-priority leads,Medium,Small,6565.18,10
4782,574,10.8,0.10804034840800336,Low,"['Repeat buyer with 0 previous orders', 'Large quantity (13 units)']",Handle after higher-priority leads,Medium,Medium,19005.13,13
808,21,10.8,0.10804034840800336,Low,['Repeat buyer with 0 previous orders'],Handle after higher-priority leads,Medium,Small,8540.93,8
3796,1,10.7,0.10692434007796303,Low,"['High inquiry value (₹22,241)', 'Large quantity (13 units)']",Handle after higher-priority leads,Medium,Small,22241.36,13
52,969,10.7,0.10657407371868063,Low,"['Repeat buyer with 0 previous orders', 'Large quantity (13 units)']",Handle after higher-priority leads,Medium,Small,8627.49,13
3828,530,10.7,0.10657407371868063,Low,"['Repeat buyer with 0 previous orders', 'Large quantity (12 units)']",Handle after higher-priority leads,Medium,Small,9421.33,12
330,880,10.7,0.1068323068083004,Low,"['Repeat buyer with 1 previous orders', 'High inquiry value (₹31,604)', 'Large quantity (21 units)']",Handle after higher-priority leads,Low,Medium,31603.93,21
3463,907,10.7,0.10657407371868063,Low,"['Repeat buyer with 0 previous orders', 'Large quantity (14 units)']",Handle after higher-priority leads,Medium,Medium,19405.22,14
3594,58,10.7,0.10657407371868063,Low,"['Repeat buyer with 0 previous orders', 'High inquiry value (₹23,163)', 'Large quantity (12 units)']",Handle after higher-priority leads,Medium,Medium,23162.94,12
1384,60,10.7,0.10657407371868063,Low,['Repeat buyer with 0 previous orders'],Handle after higher-priority leads,Medium,Medium,18431.38,9
411,432,10.7,0.10713624714755782,Low,[],Handle after higher-priority leads,Medium,Medium,11421.43,7
4518,206,10.7,0.10657407371868063,Low,"['Repeat buyer with 0 previous orders', 'Large quantity (12 units)']",Handle after higher-priority leads,Medium,Medium,16510.83,12
2546,555,10.7,0.106613676661088,Low,[],Handle after higher-priority leads,Medium,Medium,16367.64,8
1771,427,10.7,0.10713624714755782,Low,[],Handle after higher-priority leads,Medium,Medium,15250.73,9
1618,319,10.7,0.10657407371868063,Low,['Repeat buyer with 0 previous orders'],Handle after higher-priority leads,Medium,Small,12986.23,9
1526,670,10.7,0.10657407371868063,Low,"['Repeat buyer with 0 previous orders', 'High inquiry value (₹30,016)', 'Large quantity (11 units)']",Handle after higher-priority leads,Medium,Medium,30015.68,11
1495,71,10.7,0.10657407371868063,Low,"['Repeat buyer with 0 previous orders', 'High inquiry value (₹34,477)', 'Large quantity (13 units)']",Handle after higher-priority leads,Medium,Medium,34476.66,13
1849,128,10.7,0.106613676661088,Low,"['Large buyer', 'Large quantity (14 units)']",Handle after higher-priority leads,Medium,Large,17864.36,14
4710,138,10.7,0.10657407371868063,Low,"['Repeat buyer with 0 previous orders', 'High inquiry value (₹21,253)', 'Large quantity (13 units)']",Handle after higher-priority leads,Medium,Medium,21252.66,13
1641,682,10.6,0.10562138720229292,Low,"['Repeat buyer with 0 previous orders', 'High inquiry value (₹24,639)', 'Large quantity (12 units)']",Handle after higher-priority leads,Medium,Small,24638.72,12
2013,196,10.6,0.10621530044841652,Low,"['Repeat buyer with 0 previous orders', 'High inquiry value (₹44,592)', 'Large quantity (15 units)']",Handle after higher-priority leads,Medium,Small,44592.11,15
2229,56,10.6,0.10577609319082946,Low,['Repeat buyer with 0 previous orders'],Handle after higher-priority leads,Medium,Micro,8483.85,6
3915,458,10.6,0.10590008585181065,Low,"['Repeat buyer with 1 previous orders', 'Large quantity (22 units)']",Handle after higher-priority leads,Low,Medium,19807.37,22
997,285,10.6,0.10626539488988758,Low,"['High inquiry value (₹22,549)']",Handle after higher-priority leads,Medium,Medium,22549.49,9
3628,703,10.6,0.10615675942771927,Low,"['Repeat buyer with 0 previous orders', 'Large quantity (16 units)']",Handle after higher-priority leads,Medium,Small,18347.35,16
1161,40,10.5,0.10529872601287027,Low,"['Repeat buyer with 0 previous orders', 'Large buyer', 'Large quantity (10 units)']",Handle after higher-priority leads,Medium,Large,9704.28,10
3194,665,10.5,0.10529872601287027,Low,"['Repeat buyer with 0 previous orders', 'Large buyer', 'Large quantity (14 units)']",Handle after higher-priority leads,Medium,Large,12629.1,14
4381,677,10.5,0.10528431152059313,Low,"['Repeat buyer with 0 previous orders', 'Large quantity (10 units)']",Handle after higher-priority leads,Medium,Medium,19178.41,10
4369,301,10.5,0.10478406642344318,Low,"['Repeat buyer with 0 previous orders', 'Large buyer']",Handle after higher-priority leads,Medium,Large,18656.51,9
3089,798,10.4,0.1040309510462201,Low,"['Repeat buyer with 0 previous orders', 'Large quantity (14 units)']",Handle after higher-priority leads,Medium,Medium,14136.73,14
1070,774,10.4,0.10393983755172961,Low,['Repeat buyer with 0 previous orders'],Handle after higher-priority leads,Medium,Small,9227.32,8
113,579,10.4,0.10424077112246434,Low,['Repeat buyer with 0 previous orders'],Handle after higher-priority leads,Medium,Small,15480.4,9
834,184,10.4,0.10392841271573555,Low,"['Repeat buyer with 0 previous orders', 'High inquiry value (₹24,707)', 'Large quantity (15 units)']",Handle after higher-priority leads,Medium,Medium,24706.77,15
661,626,10.4,0.10396771704381039,Low,"['Repeat buyer with 1 previous orders', 'Large quantity (13 units)']",Handle after higher-priority leads,Low,Small,13732.19,13
870,482,10.4,0.10448342680495724,Low,"['Repeat buyer with 1 previous orders', 'High inquiry value (₹31,013)', 'Large quantity (16 units)']",Handle after higher-priority leads,Low,Micro,31013.15,16
3885,463,10.4,0.10406321216452763,Low,"['Repeat buyer with 0 previous orders', 'High inquiry value (₹31,429)', 'Large quantity (22 units)']",Handle after higher-priority leads,Medium,Micro,31429.23,22
1583,763,10.4,0.1040309510462201,Low,"['Repeat buyer with 0 previous orders', 'Large quantity (15 units)']",Handle after higher-priority leads,Medium,Micro,13526.32,15
2321,501,10.4,0.10406321216452763,Low,"['Repeat buyer with 0 previous orders', 'High inquiry value (₹21,517)', 'Large quantity (19 units)']",Handle after higher-priority leads,Medium,Medium,21517.26,19
1494,188,10.4,0.10448342680495724,Low,"['Repeat buyer with 1 previous orders', 'Large quantity (17 units)', 'Strong seller rating (4.5)']",Handle after higher-priority leads,Low,Micro,14426.36,17
705,736,10.4,0.10406321216452763,Low,"['Repeat buyer with 0 previous orders', 'High inquiry value (₹24,943)', 'Large quantity (17 units)']",Handle after higher-priority leads,Medium,Small,24942.72,17
3439,575,10.4,0.1044894965748253,Low,"['Repeat buyer with 0 previous orders', 'Large buyer', 'High inquiry value (₹22,734)', 'Large quantity (10 units)']",Handle after higher-priority leads,Medium,Large,22734.08,10
2869,920,10.3,0.10282011831925299,Low,"['Repeat buyer with 0 previous orders', 'Large quantity (12 units)']",Handle after higher-priority leads,Medium,Medium,15959.25,12
4022,501,10.3,0.10323402141191255,Low,"['Repeat buyer with 1 previous orders', 'Large quantity (14 units)']",Handle after higher-priority leads,Low,Medium,15939.37,14
1815,543,10.3,0.10344460357533342,Low,"['High inquiry value (₹36,200)', 'Large quantity (15 units)']",Handle after higher-priority leads,Medium,Medium,36199.62,15
2594,691,10.3,0.10330936403772259,Low,"['Repeat buyer with 1 previous orders', 'High inquiry value (₹40,901)', 'Large quantity (20 units)']",Handle after higher-priority leads,Low,Small,40900.69,20
2715,572,10.3,0.10331229044446544,Low,"['Repeat buyer with 0 previous orders', 'High inquiry value (₹22,442)', 'Large quantity (13 units)']",Handle after higher-priority leads,Medium,Medium,22442.44,13
1840,463,10.2,0.1022215276290033,Low,"['Repeat buyer with 0 previous orders', 'High inquiry value (₹23,279)', 'Large quantity (10 units)']",Handle after higher-priority leads,Medium,Medium,23279.2,10
2787,408,10.2,0.1022215276290033,Low,"['Repeat buyer with 0 previous orders', 'High inquiry value (₹37,308)', 'Large quantity (15 units)']",Handle after higher-priority leads,Medium,Small,37307.66,15
926,869,10.2,0.1022215276290033,Low,['Repeat buyer with 0 previous orders'],Handle after higher-priority leads,Medium,Medium,8554.4,9
2379,333,10.2,0.10207239777542117,Low,"['Repeat buyer with 1 previous orders', 'Large quantity (10 units)']",Handle after higher-priority leads,Low,Small,9981.74,10
2155,870,10.2,0.10151395055016668,Low,['Repeat buyer with 0 previous orders'],Handle after higher-priority leads,Medium,Medium,5414.92,8
3411,552,10.1,0.10101890323635764,Low,['Large buyer'],Handle after higher-priority leads,Medium,Large,7800.45,7
445,678,10.1,0.10110090221987535,Low,"['Repeat buyer with 0 previous orders', 'Large quantity (11 units)']",Handle after higher-priority leads,Medium,Medium,18055.19,11
229,342,10.1,0.10129999909103217,Low,"['Repeat buyer with 0 previous orders', 'Large quantity (12 units)']",Handle after higher-priority leads,Medium,Micro,12703.7,12
3747,961,10.1,0.10114548541048166,Low,"['Repeat buyer with 0 previous orders', 'Large quantity (11 units)']",Handle after higher-priority leads,Medium,Medium,7594.31,11
4824,736,10.0,0.1001675352078593,Low,"['High inquiry value (₹27,473)']",Handle after higher-priority leads,Medium,Small,27472.95,9
63,254,10.0,0.09979943890435422,Low,"['Repeat buyer with 0 previous orders', 'Large buyer', 'Large quantity (13 units)']",Handle after higher-priority leads,Medium,Large,17346.05,13
3913,788,9.9,0.09928478367973156,Low,[],Handle after higher-priority leads,Medium,Small,6780.26,8
664,744,9.9,0.0993591917682918,Low,"['Repeat buyer with 0 previous orders', 'High inquiry value (₹36,841)', 'Large quantity (15 units)']",Handle after higher-priority leads,Medium,Small,36841.36,15
1965,775,9.9,0.0993591917682918,Low,"['Repeat buyer with 0 previous orders', 'Large quantity (12 units)']",Handle after higher-priority leads,Medium,Small,15468.35,12
548,694,9.9,0.09898699383809771,Low,"['Repeat buyer with 0 previous orders', 'Large quantity (11 units)']",Handle after higher-priority leads,Medium,Medium,15806.24,11
4958,201,9.6,0.095747413047276,Low,['Repeat buyer with 0 previous orders'],Handle after higher-priority leads,Medium,Medium,6680.63,9
3514,349,9.6,0.09607708273935829,Low,"['High inquiry value (₹20,485)']",Handle after higher-priority leads,Medium,Small,20484.78,9
4166,602,9.6,0.09607708273935829,Low,['Large quantity (12 units)'],Handle after higher-priority leads,Medium,Small,15897.58,12
4837,438,9.5,0.0946246609333668,Low,['Large quantity (16 units)'],Handle after higher-priority leads,Medium,Medium,11951.17,16
2958,421,9.4,0.09413404886728115,Low,"['Repeat buyer with 0 previous orders', 'Large quantity (11 units)']",Handle after higher-priority leads,Medium,Medium,8634.42,11
2503,454,9.3,0.09302196392870746,Low,"['Repeat buyer with 0 previous orders', 'Large quantity (12 units)']",Handle after higher-priority leads,Medium,Medium,5270.96,12
3328,164,9.3,0.09291174541678955,Low,"['Large buyer', 'High inquiry value (₹27,578)', 'Large quantity (20 units)']",Handle after higher-priority leads,Medium,Large,27577.54,20
769,408,9.0,0.08968514324728381,Low,"['Repeat buyer with 0 previous orders', 'High inquiry value (₹25,347)', 'Large quantity (13 units)']",Handle after higher-priority leads,Medium,Medium,25346.91,13
4285,463,8.8,0.08786136302299175,Low,"['Repeat buyer with 0 previous orders', 'Large quantity (14 units)']",Handle after higher-priority leads,Medium,Medium,17369.47,14
3619,72,8.7,0.0869828660139482,Low,"['Repeat buyer with 0 previous orders', 'Enterprise buyer', 'Strong seller rating (4.9)']",Handle after higher-priority leads,Low,Enterprise,12537.23,6
4635,950,8.6,0.08597637933509919,Low,"['Repeat buyer with 0 previous orders', 'Enterprise buyer', 'Large quantity (12 units)']",Handle after higher-priority leads,Low,Enterprise,13778.51,12
3339,798,8.6,0.08597637933509919,Low,"['Repeat buyer with 0 previous orders', 'Enterprise buyer']",Handle after higher-priority leads,Low,Enterprise,9398.0,7
3309,108,8.6,0.08616440033235521,Low,"['Repeat buyer with 0 previous orders', 'Large buyer', 'Large quantity (10 units)', 'Strong seller rating (5.0)']",Handle after higher-priority leads,Low,Large,5986.44,10
2828,32,8.6,0.08597637933509919,Low,"['Repeat buyer with 0 previous orders', 'Enterprise buyer', 'Large quantity (11 units)']",Handle after higher-priority leads,Low,Enterprise,9937.98,11
1384,365,8.6,0.08597637933509919,Low,"['Repeat buyer with 0 previous orders', 'Enterprise buyer', 'Large quantity (17 units)']",Handle after higher-priority leads,Low,Enterprise,13662.21,17
1335,238,8.6,0.08597637933509919,Low,"['Repeat buyer with 0 previous orders', 'Enterprise buyer', 'Strong seller rating (4.6)']",Handle after higher-priority leads,Low,Enterprise,10357.65,8
3296,377,8.5,0.08499054030290783,Low,"['Repeat buyer with 0 previous orders', 'Enterprise buyer', 'Large quantity (11 units)']",Handle after higher-priority leads,Low,Enterprise,9145.77,11
4469,641,8.5,0.08499054030290783,Low,"['Repeat buyer with 0 previous orders', 'Enterprise buyer', 'Large quantity (14 units)']",Handle after higher-priority leads,Low,Enterprise,10185.86,14
602,880,8.4,0.08374297478624043,Low,"['Repeat buyer with 0 previous orders', 'Enterprise buyer', 'Large quantity (10 units)']",Handle after higher-priority leads,Low,Enterprise,9974.25,10
3778,721,8.4,0.08350346311348171,Low,"['Repeat buyer with 0 previous orders', 'Enterprise buyer', 'High inquiry value (₹24,563)', 'Large quantity (10 units)']",Handle after higher-priority leads,Low,Enterprise,24563.3,10
3455,319,8.3,0.0833121971405562,Low,"['Repeat buyer with 0 previous orders', 'Enterprise buyer', 'Large quantity (12 units)']",Handle after higher-priority leads,Low,Enterprise,15818.41,12
1830,7,8.3,0.08271483433022761,Low,"['Repeat buyer with 0 previous orders', 'Enterprise buyer', 'Large quantity (13 units)']",Handle after higher-priority leads,Low,Enterprise,19682.19,13
1334,793,8.2,0.08242981647677519,Low,"['Repeat buyer with 0 previous orders', 'Enterprise buyer']",Handle after higher-priority leads,Low,Enterprise,4069.9,4
4985,929,8.2,0.08193581121052415,Low,"['Repeat buyer with 0 previous orders', 'Enterprise buyer', 'High inquiry value (₹37,091)', 'Large quantity (14 units)']",Handle after higher-priority leads,Low,Enterprise,37091.32,14
1984,991,8.2,0.081951598094881,Low,"['Repeat buyer with 0 previous orders', 'Large buyer', 'Large quantity (17 units)', 'Strong seller rating (4.5)']",Handle after higher-priority leads,Low,Large,18447.17,17
2921,950,8.2,0.0815969862411909,Low,"['Repeat buyer with 0 previous orders', 'Enterprise buyer', 'High inquiry value (₹53,356)', 'Large quantity (18 units)']",Handle after higher-priority leads,Low,Enterprise,53355.76,18
2894,319,8.2,0.08176304804368056,Low,"['Repeat buyer with 0 previous orders', 'Enterprise buyer', 'High inquiry value (₹20,127)', 'Large quantity (14 units)']",Handle after higher-priority leads,Low,Enterprise,20126.93,14
3846,97,8.1,0.0808729867101153,Low,"['Repeat buyer with 0 previous orders', 'High inquiry value (₹52,581)', 'Large quantity (19 units)']",Handle after higher-priority leads,Low,Micro,52580.83,19
4891,13,8.1,0.0808729867101153,Low,['Repeat buyer with 0 previous orders'],Handle after higher-priority leads,Low,Micro,5518.36,6
3388,806,8.1,0.08051397791892348,Low,"['Repeat buyer with 0 previous orders', 'Large buyer', 'Large quantity (10 units)']",Handle after higher-priority leads,Low,Large,4571.03,10
1345,407,8.1,0.08070884261264308,Low,"['Repeat buyer with 0 previous orders', 'Enterprise buyer', 'High inquiry value (₹28,714)', 'Large quantity (16 units)']",Handle after higher-priority leads,Low,Enterprise,28714.27,16
1760,10,8.0,0.08014285718007094,Low,"['Repeat buyer with 0 previous orders', 'Enterprise buyer', 'High inquiry value (₹38,863)', 'Large quantity (17 units)']",Handle after higher-priority leads,Low,Enterprise,38862.7,17
1768,627,8.0,0.07976744811143678,Low,"['Repeat buyer with 0 previous orders', 'Large buyer', 'Large quantity (12 units)']",Handle after higher-priority leads,Low,Large,19417.7,12
3842,36,8.0,0.07986921368270185,Low,"['Repeat buyer with 0 previous orders', 'Enterprise buyer', 'High inquiry value (₹34,775)', 'Large quantity (18 units)']",Handle after higher-priority leads,Low,Enterprise,34774.6,18
3984,89,7.9,0.07928051661711122,Low,"['Repeat buyer with 0 previous orders', 'Large buyer', 'Large quantity (12 units)']",Handle after higher-priority leads,Low,Large,6399.17,12
2684,720,7.9,0.07902165211167993,Low,"['Repeat buyer with 0 previous orders', 'Enterprise buyer', 'High inquiry value (₹33,153)', 'Large quantity (14 units)']",Handle after higher-priority leads,Low,Enterprise,33152.87,14
4036,579,7.9,0.07851853332499421,Low,"['Repeat buyer with 0 previous orders', 'Large buyer', 'High inquiry value (₹47,269)', 'Large quantity (16 units)']",Handle after higher-priority leads,Low,Large,47268.94,16
3375,4,7.9,0.07866153455584902,Low,"['Repeat buyer with 0 previous orders', 'Large buyer', 'High inquiry value (₹23,531)', 'Large quantity (17 units)']",Handle after higher-priority leads,Low,Large,23531.49,17
3103,894,7.9,0.07866153455584902,Low,"['Repeat buyer with 0 previous orders', 'Large buyer', 'Large quantity (12 units)']",Handle after higher-priority leads,Low,Large,16674.37,12
4972,915,7.9,0.07866153455584902,Low,"['Repeat buyer with 0 previous orders', 'Large buyer', 'Strong seller rating (4.6)']",Handle after higher-priority leads,Low,Large,9614.59,8
2111,875,7.8,0.0775549587852824,Low,"['Repeat buyer with 0 previous orders', 'High inquiry value (₹31,571)', 'Large quantity (11 units)']",Handle after higher-priority leads,Low,Small,31571.35,11
273,559,7.8,0.0775549587852824,Low,"['Repeat buyer with 0 previous orders', 'High inquiry value (₹33,592)', 'Large quantity (17 units)']",Handle after higher-priority leads,Low,Medium,33592.47,17
981,702,7.8,0.07774313596301635,Low,"['Repeat buyer with 0 previous orders', 'Large buyer', 'Strong seller rating (4.5)']",Handle after higher-priority leads,Low,Large,8900.64,7
821,417,7.8,0.07836487238524066,Low,"['Repeat buyer with 0 previous orders', 'Large buyer', 'Large quantity (14 units)']",Handle after higher-priority leads,Low,Large,14289.88,14
2295,705,7.7,0.07745406183864219,Low,"['Repeat buyer with 0 previous orders', 'Large buyer', 'High inquiry value (₹33,554)', 'Large quantity (15 units)']",Handle after higher-priority leads,Low,Large,33554.11,15
3033,211,7.7,0.07739158933227197,Low,"['Repeat buyer with 0 previous orders', 'Large buyer', 'High inquiry value (₹26,407)', 'Large quantity (17 units)']",Handle after higher-priority leads,Low,Large,26406.61,17
1806,220,7.7,0.07739158933227197,Low,"['Repeat buyer with 0 previous orders', 'Large buyer']",Handle after higher-priority leads,Low,Large,14459.43,9
4555,308,7.7,0.07734801118593732,Low,"['Repeat buyer with 0 previous orders', 'Large buyer', 'Large quantity (11 units)', 'Strong seller rating (4.9)']",Handle after higher-priority leads,Low,Large,7595.64,11
4865,509,7.7,0.07745406183864219,Low,"['Repeat buyer with 0 previous orders', 'Large buyer', 'Large quantity (17 units)']",Handle after higher-priority leads,Low,Large,14521.88,17
4254,894,7.7,0.07745406183864219,Low,"['Repeat buyer with 0 previous orders', 'Large buyer', 'High inquiry value (₹31,654)', 'Large quantity (11 units)']",Handle after higher-priority leads,Low,Large,31654.13,11
1588,406,7.7,0.07739158933227197,Low,"['Repeat buyer with 0 previous orders', 'Large buyer', 'High inquiry value (₹21,716)', 'Large quantity (14 units)']",Handle after higher-priority leads,Low,Large,21715.9,14
2552,916,7.7,0.07655775809976186,Low,"['Repeat buyer with 0 previous orders', 'Large buyer', 'Large quantity (15 units)']",Handle after higher-priority leads,Low,Large,11714.42,15
1551,227,7.7,0.07734801118593732,Low,"['Repeat buyer with 0 previous orders', 'Large buyer', 'Strong seller rating (5.0)']",Handle after higher-priority leads,Low,Large,12634.48,9
1640,143,7.7,0.07748100639906003,Low,"['Repeat buyer with 0 previous orders', 'Enterprise buyer', 'Strong seller rating (4.6)']",Handle after higher-priority leads,Low,Enterprise,5496.3,4
698,717,7.6,0.07566190467493976,Low,"['Repeat buyer with 0 previous orders', 'Large buyer', 'High inquiry value (₹32,899)', 'Large quantity (17 units)']",Handle after higher-priority leads,Low,Large,32899.45,17
2382,571,7.6,0.0755757986740972,Low,"['Repeat buyer with 0 previous orders', 'High inquiry value (₹29,779)', 'Large quantity (13 units)']",Handle after higher-priority leads,Low,Medium,29778.53,13
3457,94,7.6,0.0755757986740972,Low,"['Repeat buyer with 0 previous orders', 'Large quantity (19 units)']",Handle after higher-priority leads,Low,Medium,19743.83,19
4254,916,7.6,0.0764615579779996,Low,"['Repeat buyer with 0 previous orders', 'High inquiry value (₹21,037)', 'Large quantity (13 units)']",Handle after higher-priority leads,Low,Medium,21037.18,13
1887,998,7.6,0.07615903466529406,Low,"['Repeat buyer with 0 previous orders', 'Large buyer', 'Large quantity (12 units)']",Handle after higher-priority leads,Low,Large,11053.35,12
1600,71,7.6,0.07618806508874595,Low,"['Repeat buyer with 0 previous orders', 'Large quantity (12 units)']",Handle after higher-priority leads,Low,Micro,12407.77,12
850,44,7.6,0.07566190467493976,Low,"['Repeat buyer with 0 previous orders', 'Large buyer', 'High inquiry value (₹25,579)', 'Large quantity (14 units)']",Handle after higher-priority leads,Low,Large,25579.31,14
2837,183,7.6,0.0764615579779996,Low,"['Repeat buyer with 0 previous orders', 'High inquiry value (₹23,649)', 'Large quantity (17 units)', 'Strong seller rating (4.5)']",Handle after higher-priority leads,Low,Micro,23649.4,17
969,416,7.6,0.07623007974462453,Low,"['Repeat buyer with 0 previous orders', 'Enterprise buyer', 'High inquiry value (₹24,931)', 'Large quantity (13 units)']",Handle after higher-priority leads,Low,Enterprise,24930.79,13
130,361,7.6,0.07566190467493976,Low,"['Repeat buyer with 0 previous orders', 'Large buyer', 'Large quantity (13 units)']",Handle after higher-priority leads,Low,Large,9205.78,13
3990,98,7.6,0.07566190467493976,Low,"['Repeat buyer with 0 previous orders', 'Large buyer', 'Large quantity (11 units)']",Handle after higher-priority leads,Low,Large,11864.4,11
1694,725,7.6,0.07566190467493976,Low,"['Repeat buyer with 0 previous orders', 'Large buyer', 'Large quantity (12 units)']",Handle after higher-priority leads,Low,Large,11053.19,12
4025,164,7.6,0.0755757986740972,Low,"['Repeat buyer with 0 previous orders', 'High inquiry value (₹32,102)', 'Large quantity (17 units)']",Handle after higher-priority leads,Low,Micro,32101.52,17
3039,690,7.6,0.0764615579779996,Low,"['Repeat buyer with 0 previous orders', 'High inquiry value (₹31,031)', 'Large quantity (14 units)']",Handle after higher-priority leads,Low,Small,31031.07,14
3798,308,7.6,0.0764615579779996,Low,"['Repeat buyer with 0 previous orders', 'High inquiry value (₹24,510)', 'Large quantity (16 units)']",Handle after higher-priority leads,Low,Small,24509.76,16
1342,671,7.6,0.07566190467493976,Low,"['Repeat buyer with 0 previous orders', 'Large buyer', 'High inquiry value (₹24,362)', 'Large quantity (14 units)']",Handle after higher-priority leads,Low,Large,24362.22,14
3557,593,7.5,0.07511236610524577,Low,['Repeat buyer with 0 previous orders'],Handle after higher-priority leads,Low,Medium,9112.22,7
2959,137,7.5,0.07546894739416089,Low,"['Repeat buyer with 0 previous orders', 'Enterprise buyer', 'Large quantity (13 units)']",Handle after higher-priority leads,Low,Enterprise,18374.8,13
4399,997,7.5,0.07511236610524577,Low,"['Repeat buyer with 0 previous orders', 'Large quantity (13 units)']",Handle after higher-priority leads,Low,Medium,15602.63,13
2017,350,7.5,0.07476843270832516,Low,"['Repeat buyer with 0 previous orders', 'High inquiry value (₹42,579)', 'Large quantity (16 units)', 'Strong seller rating (5.0)']",Handle after higher-priority leads,Low,Medium,42578.54,16
4186,181,7.5,0.0753708374960021,Low,"['Repeat buyer with 0 previous orders', 'Large buyer', 'Large quantity (14 units)']",Handle after higher-priority leads,Low,Large,15655.98,14
2771,834,7.5,0.07527649425361096,Low,"['Repeat buyer with 0 previous orders', 'Large buyer', 'Large quantity (11 units)']",Handle after higher-priority leads,Low,Large,12913.42,11
1667,68,7.5,0.07511236610524577,Low,"['Repeat buyer with 0 previous orders', 'Large quantity (10 units)']",Handle after higher-priority leads,Low,Small,9822.68,10
629,927,7.5,0.07527649425361096,Low,"['Repeat buyer with 0 previous orders', 'Large buyer', 'Large quantity (11 units)']",Handle after higher-priority leads,Low,Large,18104.4,11
586,348,7.5,0.07476843270832516,Low,"['Repeat buyer with 0 previous orders', 'High inquiry value (₹46,634)', 'Large quantity (17 units)', 'Strong seller rating (4.9)']",Handle after higher-priority leads,Low,Small,46634.4,17
1423,51,7.4,0.07442709480111742,Low,"['Repeat buyer with 0 previous orders', 'Large quantity (14 units)']",Handle after higher-priority leads,Low,Small,11772.51,14
3005,814,7.4,0.07424990081234036,Low,"['Repeat buyer with 0 previous orders', 'Large buyer', 'High inquiry value (₹27,981)', 'Large quantity (13 units)']",Handle after higher-priority leads,Low,Large,27981.47,13
2719,997,7.4,0.07355418777651872,Low,"['Repeat buyer with 0 previous orders', 'Large quantity (13 units)']",Handle after higher-priority leads,Low,Micro,12217.27,13
2512,783,7.4,0.0742409799244405,Low,"['Repeat buyer with 0 previous orders', 'Large quantity (14 units)']",Handle after higher-priority leads,Low,Medium,11251.95,14
3323,368,7.4,0.07442709480111742,Low,"['Repeat buyer with 0 previous orders', 'High inquiry value (₹22,612)', 'Large quantity (12 units)']",Handle after higher-priority leads,Low,Medium,22611.62,12
3893,219,7.4,0.07442709480111742,Low,['Repeat buyer with 0 previous orders'],Handle after higher-priority leads,Low,Small,11600.32,7
378,380,7.4,0.07424990081234036,Low,"['Repeat buyer with 0 previous orders', 'Large buyer']",Handle after higher-priority leads,Low,Large,6124.01,7
2758,98,7.4,0.07352356493658267,Low,"['Repeat buyer with 0 previous orders', 'High inquiry value (₹42,804)', 'Large quantity (15 units)']",Handle after higher-priority leads,Low,Medium,42804.29,15
3716,595,7.3,0.07251275752228774,Low,['Repeat buyer with 0 previous orders'],Handle after higher-priority leads,Low,Medium,19788.75,9
4482,825,7.3,0.07251275752228774,Low,"['Repeat buyer with 0 previous orders', 'High inquiry value (₹22,788)']",Handle after higher-priority leads,Low,Medium,22788.15,9
4343,988,7.3,0.07251275752228774,Low,"['Repeat buyer with 0 previous orders', 'Large quantity (12 units)']",Handle after higher-priority leads,Low,Small,17374.1,12
3678,354,7.3,0.07252148060998133,Low,"['Repeat buyer with 0 previous orders', 'High inquiry value (₹20,693)', 'Large quantity (16 units)']",Handle after higher-priority leads,Low,Small,20692.89,16
3917,12,7.3,0.07291586505770545,Low,"['Enterprise buyer', 'High inquiry value (₹41,520)', 'Large quantity (13 units)']",Handle after higher-priority leads,Low,Enterprise,41520.2,13
2719,896,7.3,0.07251275752228774,Low,"['Repeat buyer with 0 previous orders', 'High inquiry value (₹21,980)', 'Large quantity (10 units)', 'Strong seller rating (4.6)']",Handle after higher-priority leads,Low,Small,21980.27,10
2572,776,7.3,0.07251275752228774,Low,"['Repeat buyer with 0 previous orders', 'High inquiry value (₹40,832)', 'Large quantity (16 units)', 'Strong seller rating (5.0)']",Handle after higher-priority leads,Low,Small,40832.44,16
979,434,7.3,0.07320457766199001,Low,"['Repeat buyer with 0 previous orders', 'Large buyer', 'Large quantity (11 units)']",Handle after higher-priority leads,Low,Large,13996.89,11
4169,321,7.3,0.0731786637630889,Low,"['Repeat buyer with 0 previous orders', 'High inquiry value (₹22,653)', 'Large quantity (15 units)']",Handle after higher-priority leads,Low,Medium,22652.72,15
2496,746,7.3,0.07251275752228774,Low,"['Repeat buyer with 0 previous orders', 'High inquiry value (₹38,209)', 'Large quantity (14 units)', 'Strong seller rating (4.8)']",Handle after higher-priority leads,Low,Small,38208.82,14
1122,977,7.3,0.07329645652635416,Low,"['Enterprise buyer', 'Large quantity (11 units)']",Handle after higher-priority leads,Low,Enterprise,13554.26,11
803,621,7.3,0.07251275752228774,Low,"['Repeat buyer with 0 previous orders', 'High inquiry value (₹23,072)', 'Large quantity (13 units)', 'Strong seller rating (4.8)']",Handle after higher-priority leads,Low,Medium,23071.55,13
2997,581,7.3,0.07251275752228774,Low,['Repeat buyer with 0 previous orders'],Handle after higher-priority leads,Low,Medium,10836.35,8
2123,560,7.3,0.07320457766199001,Low,"['Repeat buyer with 0 previous orders', 'Large buyer', 'High inquiry value (₹28,105)', 'Large quantity (12 units)']",Handle after higher-priority leads,Low,Large,28104.68,12
296,464,7.3,0.0733742841816828,Low,"['Repeat buyer with 0 previous orders', 'Large quantity (11 units)', 'Strong seller rating (4.5)']",Handle after higher-priority leads,Low,Small,11910.8,11
65,763,7.3,0.07251275752228774,Low,"['Repeat buyer with 0 previous orders', 'Large quantity (14 units)']",Handle after higher-priority leads,Low,Medium,9172.65,14
4929,509,7.3,0.07280763672790085,Low,"['Repeat buyer with 0 previous orders', 'Large quantity (10 units)']",Handle after higher-priority leads,Low,Small,15880.23,10
2119,20,7.3,0.07251275752228774,Low,"['Repeat buyer with 0 previous orders', 'High inquiry value (₹21,782)', 'Large quantity (11 units)', 'Strong seller rating (4.8)']",Handle after higher-priority leads,Low,Small,21782.16,11
1124,560,7.3,0.07251275752228774,Low,"['Repeat buyer with 0 previous orders', 'High inquiry value (₹25,376)', 'Large quantity (18 units)']",Handle after higher-priority leads,Low,Micro,25376.35,18
2921,918,7.3,0.07326880719926794,Low,"['Repeat buyer with 0 previous orders', 'High inquiry value (₹30,764)', 'Large quantity (10 units)']",Handle after higher-priority leads,Low,Small,30764.12,10
2130,977,7.3,0.0733742841816828,Low,"['Repeat buyer with 0 previous orders', 'Large quantity (14 units)', 'Strong seller rating (4.5)']",Handle after higher-priority leads,Low,Medium,17530.47,14
1314,809,7.3,0.07320457766199001,Low,"['Repeat buyer with 0 previous orders', 'Large buyer', 'Large quantity (12 units)']",Handle after higher-priority leads,Low,Large,16430.22,12
4155,563,7.3,0.07251275752228774,Low,"['Repeat buyer with 0 previous orders', 'High inquiry value (₹25,356)', 'Strong seller rating (5.0)']",Handle after higher-priority leads,Low,Small,25355.54,9
1470,118,7.3,0.07252148060998133,Low,"['Repeat buyer with 0 previous orders', 'High inquiry value (₹20,357)', 'Large quantity (15 units)']",Handle after higher-priority leads,Low,Medium,20357.19,15
929,401,7.3,0.07320457766199001,Low,"['Repeat buyer with 0 previous orders', 'Large buyer']",Handle after higher-priority leads,Low,Large,7026.0,7
1688,831,7.3,0.07278732543190998,Low,"['Repeat buyer with 0 previous orders', 'High inquiry value (₹27,369)', 'Large quantity (13 units)']",Handle after higher-priority leads,Low,Medium,27369.25,13
204,692,7.3,0.0733742841816828,Low,"['Repeat buyer with 0 previous orders', 'Large quantity (11 units)', 'Strong seller rating (4.5)']",Handle after higher-priority leads,Low,Small,13952.07,11
1212,641,7.3,0.07251275752228774,Low,"['Repeat buyer with 0 previous orders', 'Large quantity (23 units)', 'Strong seller rating (4.8)']",Handle after higher-priority leads,Low,Medium,19266.82,23
4208,84,7.3,0.07251275752228774,Low,"['Repeat buyer with 0 previous orders', 'High inquiry value (₹25,201)', 'Large quantity (13 units)']",Handle after higher-priority leads,Low,Medium,25200.61,13
3686,311,7.3,0.07320457766199001,Low,"['Repeat buyer with 0 previous orders', 'Large buyer', 'High inquiry value (₹20,841)', 'Large quantity (11 units)']",Handle after higher-priority leads,Low,Large,20841.0,11
3961,486,7.3,0.07252148060998133,Low,"['Repeat buyer with 0 previous orders', 'High inquiry value (₹22,456)']",Handle after higher-priority leads,Low,Small,22456.37,7
3972,194,7.3,0.07320457766199001,Low,"['Repeat buyer with 0 previous orders', 'Large buyer']",Handle after higher-priority leads,Low,Large,10778.29,7
3306,857,7.3,0.0733742841816828,Low,"['Repeat buyer with 0 previous orders', 'Large quantity (14 units)', 'Strong seller rating (4.6)']",Handle after higher-priority leads,Low,Small,9990.61,14
470,674,7.3,0.07320457766199001,Low,"['Repeat buyer with 0 previous orders', 'Large buyer', 'Large quantity (11 units)']",Handle after higher-priority leads,Low,Large,9469.56,11
2002,776,7.3,0.07251275752228774,Low,"['Repeat buyer with 0 previous orders', 'High inquiry value (₹32,992)', 'Large quantity (16 units)', 'Strong seller rating (4.9)']",Handle after higher-priority leads,Low,Small,32992.3,16
742,616,7.3,0.07320457766199001,Low,"['Repeat buyer with 0 previous orders', 'Large buyer', 'High inquiry value (₹21,350)', 'Large quantity (10 units)']",Handle after higher-priority leads,Low,Large,21350.32,10
183,256,7.3,0.07251275752228774,Low,"['Repeat buyer with 0 previous orders', 'Large quantity (13 units)']",Handle after higher-priority leads,Low,Small,15147.65,13
2592,893,7.3,0.07251275752228774,Low,"['Repeat buyer with 0 previous orders', 'Large quantity (14 units)']",Handle after higher-priority leads,Low,Small,18935.65,14
464,867,7.3,0.07251275752228774,Low,"['Repeat buyer with 0 previous orders', 'High inquiry value (₹23,963)', 'Large quantity (15 units)', 'Strong seller rating (5.0)']",Handle after higher-priority leads,Low,Medium,23962.76,15
1045,339,7.3,0.07251275752228774,Low,"['Repeat buyer with 0 previous orders', 'High inquiry value (₹21,345)', 'Large quantity (10 units)']",Handle after higher-priority leads,Low,Small,21345.2,10
3603,922,7.3,0.0733742841816828,Low,['Repeat buyer with 0 previous orders'],Handle after higher-priority leads,Low,Small,15041.95,9
3784,458,7.3,0.07251275752228774,Low,"['Repeat buyer with 0 previous orders', 'Large quantity (12 units)']",Handle after higher-priority leads,Low,Small,11716.03,12
4761,749,7.3,0.07251275752228774,Low,"['Repeat buyer with 0 previous orders', 'High inquiry value (₹23,530)', 'Large quantity (12 units)', 'Strong seller rating (4.6)']",Handle after higher-priority leads,Low,Medium,23529.69,12
2554,294,7.2,0.07166919270740298,Low,"['Repeat buyer with 0 previous orders', 'High inquiry value (₹20,164)', 'Large quantity (16 units)']",Handle after higher-priority leads,Low,Medium,20163.57,16
2280,218,7.2,0.07166919270740298,Low,"['Repeat buyer with 0 previous orders', 'High inquiry value (₹30,676)', 'Large quantity (12 units)']",Handle after higher-priority leads,Low,Medium,30675.66,12
2921,404,7.2,0.07214213640566072,Low,"['Repeat buyer with 0 previous orders', 'Large quantity (12 units)', 'Strong seller rating (5.0)']",Handle after higher-priority leads,Low,Small,11974.64,12
76,363,7.2,0.07214213640566072,Low,"['Repeat buyer with 0 previous orders', 'High inquiry value (₹26,487)', 'Large quantity (12 units)', 'Strong seller rating (4.6)']",Handle after higher-priority leads,Low,Medium,26487.25,12
1268,355,7.2,0.07166919270740298,Low,"['Repeat buyer with 0 previous orders', 'Large quantity (13 units)']",Handle after higher-priority leads,Low,Medium,12079.17,13
3381,869,7.2,0.07166919270740298,Low,"['Repeat buyer with 0 previous orders', 'High inquiry value (₹29,504)', 'Large quantity (18 units)']",Handle after higher-priority leads,Low,Micro,29504.31,18
3208,874,7.2,0.07166919270740298,Low,"['Repeat buyer with 0 previous orders', 'Large quantity (15 units)']",Handle after higher-priority leads,Low,Small,16159.12,15
3459,999,7.2,0.07214213640566072,Low,"['Repeat buyer with 0 previous orders', 'Large quantity (10 units)']",Handle after higher-priority leads,Low,Small,12949.94,10
3570,622,7.2,0.07166919270740298,Low,"['Repeat buyer with 0 previous orders', 'High inquiry value (₹33,867)', 'Large quantity (13 units)']",Handle after higher-priority leads,Low,Medium,33867.37,13
3363,9,7.2,0.07214213640566072,Low,"['Repeat buyer with 0 previous orders', 'High inquiry value (₹23,894)', 'Large quantity (11 units)']",Handle after higher-priority leads,Low,Medium,23893.94,11
1805,203,7.2,0.07214213640566072,Low,"['Repeat buyer with 0 previous orders', 'High inquiry value (₹36,617)', 'Large quantity (14 units)']",Handle after higher-priority leads,Low,Small,36616.98,14
2756,58,7.2,0.07214213640566072,Low,"['Repeat buyer with 0 previous orders', 'Large quantity (16 units)']",Handle after higher-priority leads,Low,Medium,14275.72,16
4273,541,7.2,0.07166919270740298,Low,"['Repeat buyer with 0 previous orders', 'High inquiry value (₹22,914)', 'Large quantity (11 units)']",Handle after higher-priority leads,Low,Medium,22913.81,11
3019,630,7.2,0.07195146604120509,Low,"['Repeat buyer with 0 previous orders', 'Large quantity (11 units)']",Handle after higher-priority leads,Low,Small,9389.58,11
455,787,7.2,0.07166919270740298,Low,"['Repeat buyer with 0 previous orders', 'High inquiry value (₹20,682)', 'Large quantity (15 units)']",Handle after higher-priority leads,Low,Medium,20681.83,15
3486,107,7.2,0.07176099694097904,Low,"['Repeat buyer with 0 previous orders', 'High inquiry value (₹33,214)', 'Large quantity (21 units)']",Handle after higher-priority leads,Low,Medium,33214.46,21
2443,933,7.2,0.07166919270740298,Low,"['Repeat buyer with 0 previous orders', 'High inquiry value (₹40,745)', 'Large quantity (15 units)']",Handle after higher-priority leads,Low,Small,40744.99,15
3441,969,7.2,0.07176565353267653,Low,"['Repeat buyer with 0 previous orders', 'Large buyer', 'High inquiry value (₹20,701)', 'Large quantity (10 units)']",Handle after higher-priority leads,Low,Large,20701.09,10
4452,940,7.2,0.07166919270740298,Low,"['Repeat buyer with 0 previous orders', 'Large quantity (11 units)']",Handle after higher-priority leads,Low,Medium,12668.75,11
2737,479,7.2,0.07204445553795444,Low,"['Repeat buyer with 0 previous orders', 'High inquiry value (₹42,671)', 'Large quantity (17 units)', 'Strong seller rating (4.7)']",Handle after higher-priority leads,Low,Micro,42670.61,17
4054,115,7.2,0.07195146604120509,Low,['Repeat buyer with 0 previous orders'],Handle after higher-priority leads,Low,Medium,9180.16,8
2642,298,7.1,0.07130255168826424,Low,"['Repeat buyer with 0 previous orders', 'High inquiry value (₹24,471)', 'Large quantity (17 units)']",Handle after higher-priority leads,Low,Medium,24470.66,17
3207,20,7.1,0.07130495916217829,Low,"['Enterprise buyer', 'High inquiry value (₹24,743)', 'Large quantity (11 units)']",Handle after higher-priority leads,Low,Enterprise,24742.71,11
4920,618,7.1,0.07130255168826424,Low,"['Repeat buyer with 0 previous orders', 'Large quantity (13 units)']",Handle after higher-priority leads,Low,Small,14350.86,13
4750,178,7.1,0.07130255168826424,Low,"['Repeat buyer with 0 previous orders', 'Large quantity (17 units)']",Handle after higher-priority leads,Low,Medium,15144.87,17
1888,584,7.1,0.07060270096911156,Low,"['High inquiry value (₹41,559)', 'Large quantity (16 units)']",Handle after higher-priority leads,Low,Medium,41558.84,16
1282,785,7.1,0.07109246322859851,Low,"['Enterprise buyer', 'Large quantity (10 units)']",Handle after higher-priority leads,Low,Enterprise,8603.36,10
195,817,7.1,0.07133207489000408,Low,"['Repeat buyer with 0 previous orders', 'Large buyer', 'High inquiry value (₹22,625)', 'Large quantity (16 units)']",Handle after higher-priority leads,Low,Large,22624.76,16
2129,952,7.1,0.07053323179178685,Low,"['Repeat buyer with 0 previous orders', 'Large buyer', 'High inquiry value (₹32,194)', 'Large quantity (23 units)']",Handle after higher-priority leads,Low,Large,32193.53,23
4070,286,7.1,0.07149794750752614,Low,"['Repeat buyer with 0 previous orders', 'Large quantity (10 units)']",Handle after higher-priority leads,Low,Small,12108.95,10
1936,590,7.1,0.07130255168826424,Low,['Repeat buyer with 0 previous orders'],Handle after higher-priority leads,Low,Small,16072.43,9
3543,585,7.0,0.07029794788096949,Low,"['Enterprise buyer', 'Large quantity (13 units)']",Handle after higher-priority leads,Low,Enterprise,12079.8,13
155,736,7.0,0.07028173253755583,Low,"['Repeat buyer with 0 previous orders', 'High inquiry value (₹29,058)', 'Large quantity (21 units)']",Handle after higher-priority leads,Low,Medium,29058.33,21
437,51,7.0,0.07043654524247724,Low,"['Repeat buyer with 0 previous orders', 'Large quantity (18 units)']",Handle after higher-priority leads,Low,Micro,14746.81,18
4231,675,7.0,0.07028173253755583,Low,"['Repeat buyer with 0 previous orders', 'Large quantity (15 units)']",Handle after higher-priority leads,Low,Micro,12175.31,15
4160,734,7.0,0.0703538039312623,Low,"['Large buyer', 'High inquiry value (₹41,718)', 'Large quantity (14 units)']",Handle after higher-priority leads,Low,Large,41717.5,14
199,625,6.9,0.06857346049580089,Low,"['High inquiry value (₹31,068)', 'Large quantity (13 units)']",Handle after higher-priority leads,Low,Medium,31067.55,13
3327,995,6.9,0.06901409814478734,Low,"['Repeat buyer with 0 previous orders', 'High inquiry value (₹36,346)', 'Large quantity (17 units)']",Handle after higher-priority leads,Low,Medium,36345.67,17
4040,242,6.9,0.06901409814478734,Low,"['Repeat buyer with 0 previous orders', 'Large quantity (15 units)']",Handle after higher-priority leads,Low,Micro,17422.67,15
738,143,6.9,0.06901409814478734,Low,"['Repeat buyer with 0 previous orders', 'Large quantity (12 units)']",Handle after higher-priority leads,Low,Medium,17146.48,12
966,970,6.9,0.06928809374278103,Low,"['Repeat buyer with 0 previous orders', 'Large quantity (13 units)']",Handle after higher-priority leads,Low,Small,11737.2,13
4184,810,6.9,0.06904970102581433,Low,"['Repeat buyer with 0 previous orders', 'Large quantity (11 units)']",Handle after higher-priority leads,Low,Micro,13197.91,11
409,484,6.9,0.06901409814478734,Low,"['Repeat buyer with 0 previous orders', 'Large quantity (11 units)']",Handle after higher-priority leads,Low,Medium,19146.88,11
2483,24,6.9,0.06928809374278103,Low,"['Repeat buyer with 0 previous orders', 'Large quantity (10 units)']",Handle after higher-priority leads,Low,Medium,11033.87,10
3670,862,6.9,0.06901409814478734,Low,"['Repeat buyer with 0 previous orders', 'High inquiry value (₹25,480)', 'Large quantity (13 units)']",Handle after higher-priority leads,Low,Medium,25479.65,13
4764,626,6.9,0.06939168587495674,Low,"['High inquiry value (₹29,880)', 'Large quantity (12 units)']",Handle after higher-priority leads,Low,Small,29880.16,12
4352,569,6.9,0.06857346049580089,Low,['Large quantity (15 units)'],Handle after higher-priority leads,Low,Medium,19533.62,15
379,589,6.9,0.06933522754379297,Low,"['Large buyer', 'Large quantity (18 units)']",Handle after higher-priority leads,Low,Large,16463.75,18
497,364,6.9,0.06857346049580089,Low,"['Large quantity (11 units)', 'Strong seller rating (4.7)']",Handle after higher-priority leads,Low,Medium,13215.23,11
3721,460,6.9,0.0685817447376565,Low,"['High inquiry value (₹28,803)', 'Large quantity (16 units)']",Handle after higher-priority leads,Low,Medium,28803.44,16
214,894,6.9,0.06901409814478734,Low,['Repeat buyer with 0 previous orders'],Handle after higher-priority leads,Low,Small,14290.88,8
4623,654,6.9,0.06907121038257157,Low,['Repeat buyer with 0 previous orders'],Handle after higher-priority leads,Low,Medium,8572.26,9
1997,304,6.9,0.0688554677791093,Low,[],Handle after higher-priority leads,Low,Medium,4212.9,7
4265,392,6.9,0.06850690495267701,Low,"['Enterprise buyer', 'High inquiry value (₹21,805)']",Handle after higher-priority leads,Low,Enterprise,21805.35,9
4555,886,6.9,0.06928809374278103,Low,"['Repeat buyer with 0 previous orders', 'High inquiry value (₹21,509)', 'Large quantity (13 units)']",Handle after higher-priority leads,Low,Small,21509.06,13
2708,922,6.9,0.06901409814478734,Low,"['Repeat buyer with 0 previous orders', 'Large quantity (10 units)']",Handle after higher-priority leads,Low,Medium,17448.75,10
4382,75,6.9,0.06886837295154116,Low,"['Repeat buyer with 0 previous orders', 'High inquiry value (₹36,161)', 'Large quantity (12 units)']",Handle after higher-priority leads,Low,Medium,36161.25,12
2871,52,6.9,0.06901409814478734,Low,"['Repeat buyer with 0 previous orders', 'Large quantity (12 units)']",Handle after higher-priority leads,Low,Medium,13708.44,12
3965,818,6.9,0.06901409814478734,Low,"['Repeat buyer with 0 previous orders', 'Large quantity (13 units)']",Handle after higher-priority leads,Low,Medium,13116.04,13
819,367,6.9,0.06901409814478734,Low,"['Repeat buyer with 0 previous orders', 'High inquiry value (₹27,201)', 'Large quantity (13 units)']",Handle after higher-priority leads,Low,Small,27201.22,13
3429,804,6.9,0.06928809374278103,Low,"['Repeat buyer with 0 previous orders', 'High inquiry value (₹42,100)', 'Large quantity (16 units)']",Handle after higher-priority leads,Low,Small,42100.14,16
172,77,6.9,0.06901409814478734,Low,"['Repeat buyer with 0 previous orders', 'Large quantity (12 units)']",Handle after higher-priority leads,Low,Micro,15287.58,12
4780,214,6.8,0.06803706956855764,Low,"['Repeat buyer with 0 previous orders', 'Large quantity (16 units)']",Handle after higher-priority leads,Low,Micro,19861.9,16
4280,549,6.8,0.06803706956855764,Low,"['Repeat buyer with 0 previous orders', 'High inquiry value (₹22,933)', 'Large quantity (10 units)']",Handle after higher-priority leads,Low,Medium,22932.58,10
3744,889,6.8,0.06803706956855764,Low,"['Repeat buyer with 0 previous orders', 'Large quantity (15 units)']",Handle after higher-priority leads,Low,Medium,13658.38,15
3546,182,6.8,0.06803706956855764,Low,"['Repeat buyer with 0 previous orders', 'High inquiry value (₹34,477)', 'Large quantity (20 units)']",Handle after higher-priority leads,Low,Small,34476.89,20
1270,183,6.8,0.06765153040853429,Low,"['Repeat buyer with 0 previous orders', 'High inquiry value (₹32,911)', 'Large quantity (11 units)']",Handle after higher-priority leads,Low,Small,32910.63,11
3478,678,6.8,0.06765153040853429,Low,"['Repeat buyer with 0 previous orders', 'High inquiry value (₹36,056)', 'Large quantity (14 units)']",Handle after higher-priority leads,Low,Medium,36056.13,14
1284,949,6.8,0.06765153040853429,Low,"['Repeat buyer with 0 previous orders', 'Large quantity (13 units)']",Handle after higher-priority leads,Low,Micro,13486.48,13
3208,581,6.8,0.06792051108124594,Low,"['Repeat buyer with 0 previous orders', 'Large quantity (16 units)']",Handle after higher-priority leads,Low,Small,17551.49,16
2848,136,6.8,0.06777237418922089,Low,"['Large buyer', 'Large quantity (15 units)']",Handle after higher-priority leads,Low,Large,15912.19,15
1097,701,6.8,0.06765153040853429,Low,"['Repeat buyer with 0 previous orders', 'High inquiry value (₹20,536)', 'Large quantity (13 units)']",Handle after higher-priority leads,Low,Small,20535.76,13
122,710,6.8,0.06803706956855764,Low,"['Repeat buyer with 0 previous orders', 'High inquiry value (₹23,509)', 'Large quantity (12 units)']",Handle after higher-priority leads,Low,Medium,23509.23,12
3461,511,6.8,0.06803706956855764,Low,['Repeat buyer with 0 previous orders'],Handle after higher-priority leads,Low,Medium,6258.44,5
3510,420,6.8,0.06803706956855764,Low,"['Repeat buyer with 0 previous orders', 'High inquiry value (₹33,805)', 'Large quantity (13 units)']",Handle after higher-priority leads,Low,Medium,33804.76,13
737,585,6.7,0.06742422040615133,Low,"['High inquiry value (₹20,638)', 'Large quantity (16 units)']",Handle after higher-priority leads,Low,Small,20638.23,16
2946,931,6.7,0.06669240977470194,Low,"['Repeat buyer with 0 previous orders', 'High inquiry value (₹28,581)', 'Large quantity (17 units)']",Handle after higher-priority leads,Low,Small,28580.54,17
1912,184,6.7,0.06742422040615133,Low,"['High inquiry value (₹35,222)', 'Large quantity (18 units)']",Handle after higher-priority leads,Low,Small,35221.59,18
2032,736,6.7,0.06669240977470194,Low,"['Repeat buyer with 0 previous orders', 'Large quantity (11 units)']",Handle after higher-priority leads,Low,Micro,8522.7,11
3485,550,6.7,0.06669240977470194,Low,['Repeat buyer with 0 previous orders'],Handle after higher-priority leads,Low,Medium,8084.19,5
92,383,6.7,0.06669240977470194,Low,"['Repeat buyer with 0 previous orders', 'High inquiry value (₹28,781)', 'Large quantity (10 units)']",Handle after higher-priority leads,Low,Medium,28780.81,10
1169,604,6.7,0.06669240977470194,Low,"['Repeat buyer with 0 previous orders', 'Large quantity (10 units)']",Handle after higher-priority leads,Low,Medium,4366.01,10
4414,776,6.7,0.06742422040615133,Low,['Large buyer'],Handle after higher-priority leads,Low,Large,17014.65,9
1041,937,6.6,0.06555310937176535,Low,"['Large buyer', 'Large quantity (15 units)']",Handle after higher-priority leads,Low,Large,15566.85,15
4628,276,6.6,0.06649701281501975,Low,"['Large buyer', 'High inquiry value (₹22,374)', 'Large quantity (15 units)']",Handle after higher-priority leads,Low,Large,22373.7,15
4613,76,6.6,0.0664846995497654,Low,"['Repeat buyer with 0 previous orders', 'High inquiry value (₹22,447)', 'Large quantity (10 units)']",Handle after higher-priority leads,Low,Medium,22447.21,10
2313,12,6.5,0.06468806554922327,Low,"['Repeat buyer with 0 previous orders', 'Large quantity (11 units)']",Handle after higher-priority leads,Low,Medium,7043.55,11
3417,6,6.5,0.06511817239974955,Low,"['Repeat buyer with 0 previous orders', 'Large quantity (18 units)']",Handle after higher-priority leads,Low,Micro,18142.32,18
3466,392,6.5,0.06534615785001233,Low,"['Repeat buyer with 0 previous orders', 'High inquiry value (₹37,687)', 'Large quantity (17 units)']",Handle after higher-priority leads,Low,Medium,37687.11,17
4853,153,6.5,0.06545525436672592,Low,"['Repeat buyer with 0 previous orders', 'Large quantity (13 units)']",Handle after higher-priority leads,Low,Medium,15161.82,13
977,890,6.5,0.0654631883793202,Low,"['Repeat buyer with 0 previous orders', 'High inquiry value (₹23,895)', 'Large quantity (16 units)']",Handle after higher-priority leads,Low,Small,23894.87,16
1340,463,6.5,0.06463885871468726,Low,"['Repeat buyer with 0 previous orders', 'Large quantity (15 units)']",Handle after higher-priority leads,Low,Medium,12802.97,15
4275,258,6.5,0.06468806554922327,Low,['Repeat buyer with 0 previous orders'],Handle after higher-priority leads,Low,Small,15062.94,9
737,87,6.5,0.06511817239974955,Low,"['Repeat buyer with 0 previous orders', 'Strong seller rating (4.5)']",Handle after higher-priority leads,Low,Micro,8151.15,8
4611,494,6.4,0.0643546623917375,Low,"['Repeat buyer with 0 previous orders', 'Large quantity (10 units)']",Handle after higher-priority leads,Low,Small,14789.68,10
2912,278,6.4,0.06388058464372606,Low,"['Repeat buyer with 0 previous orders', 'Large quantity (13 units)']",Handle after higher-priority leads,Low,Medium,19191.38,13
1113,791,6.0,0.05980800919316734,Low,"['Repeat buyer with 0 previous orders', 'Large quantity (11 units)']",Handle after higher-priority leads,Low,Small,11548.1,11
