lead_id,buyer_industry,buyer_location,buyer_company_size,product_category,inquiry_value,quantity,urgency,lead_source,repeat_buyer,conversion_probability,priority_score,priority_tier
2292,Automotive,Kolkata,Medium,Food Ingredients,258257.83,263,High,Marketplace Search,1,0.8169967645025354,81.69967645025355,High
3300,Chemicals,Hyderabad,Enterprise,Textile Machinery,273245.54,103,Critical,Referral,1,0.8161763070184564,81.61763070184564,High
13284,Chemicals,Delhi NCR,Enterprise,Industrial Equipment,437404.53,168,High,Email Campaign,1,0.8040240729391928,80.40240729391928,High
17977,Chemicals,Delhi NCR,Medium,Chemicals,304376.15,235,Medium,Organic Search,1,0.7455148121576934,74.55148121576934,High
10810,Retail,Pune,Micro,Electrical Components,195271.99,257,Critical,Marketplace Search,1,0.7356959275771058,73.56959275771058,High
6934,Pharmaceuticals,Bengaluru,Enterprise,Construction Materials,331137.89,110,Medium,Direct Inquiry,1,0.7221570033120525,72.21570033120524,High
17872,Retail,Chennai,Medium,Office Supplies,76138.6,282,High,Email Campaign,1,0.7210114387244225,72.10114387244225,High
5552,Retail,Delhi NCR,Large,Industrial Equipment,429379.23,53,Low,Paid Search,1,0.7206775584291102,72.06775584291101,High
18986,Manufacturing,Jaipur,Large,Packaging,261991.22,134,Low,Direct Inquiry,1,0.7066153470436828,70.66153470436828,High
7820,Pharmaceuticals,Bengaluru,Large,Construction Materials,420824.15,115,High,Marketplace Search,1,0.7063013563476264,70.63013563476264,High
17585,Chemicals,Chennai,Enterprise,Chemicals,190118.34,68,High,Organic Search,1,0.7043685149132172,70.43685149132172,High
9763,Retail,Jaipur,Enterprise,Textile Machinery,314494.53,100,Medium,Direct Inquiry,1,0.6933572717218806,69.33572717218806,High
18783,Manufacturing,Jaipur,Medium,Steel & Metal,352703.58,85,High,Direct Inquiry,1,0.689935346592286,68.9935346592286,High
1958,Textiles,Chennai,Small,Construction Materials,309152.95,199,High,Direct Inquiry,0,0.689656307077254,68.9656307077254,High
9334,Pharmaceuticals,Pune,Small,Industrial Equipment,168973.51,46,Critical,Referral,1,0.6894025108519384,68.94025108519384,High
19253,Retail,Kolkata,Small,Industrial Equipment,327432.93,67,High,Organic Search,1,0.6800084793014152,68.00084793014152,High
9656,Wholesale,Pune,Large,Chemicals,265002.32,95,High,Paid Search,1,0.6663196724695194,66.63196724695194,High
14448,Pharmaceuticals,Bengaluru,Medium,Electrical Components,344360.09,96,High,Marketplace Search,1,0.6590100164366344,65.90100164366343,High
9260,Chemicals,Delhi NCR,Medium,Chemicals,134433.32,76,Low,Referral,1,0.6544629406865698,65.44629406865698,High
19867,Construction,Kolkata,Enterprise,Construction Materials,122457.6,41,Critical,Paid Search,1,0.6519959186697729,65.19959186697729,High
12262,Wholesale,Chennai,Medium,Electrical Components,60640.88,65,High,Organic Search,1,0.6492304151012632,64.92304151012632,High
11697,Automotive,Jaipur,Enterprise,Food Ingredients,5426.97,18,High,Referral,1,0.6431827798875039,64.3182779887504,High
7303,Wholesale,Hyderabad,Small,Office Supplies,200424.26,142,Medium,Direct Inquiry,1,0.6425791092270184,64.25791092270184,High
747,Wholesale,Chennai,Large,Food Ingredients,7383.18,6,High,Organic Search,1,0.6386246183613645,63.862461836136454,High
450,Manufacturing,Ahmedabad,Small,Office Supplies,145621.08,176,Medium,Direct Inquiry,1,0.6345638831988195,63.45638831988195,High
3004,Manufacturing,Mumbai,Enterprise,Industrial Equipment,192863.07,23,Medium,Email Campaign,1,0.6337529215718285,63.37529215718285,High
17623,Pharmaceuticals,Mumbai,Large,Steel & Metal,211924.17,102,Critical,Direct Inquiry,1,0.6322281099338589,63.22281099338589,High
5605,Automotive,Pune,Large,Chemicals,147714.48,62,Medium,Referral,1,0.6302189794905525,63.02189794905525,High
9316,Electronics,Bengaluru,Medium,Industrial Equipment,251558.08,47,Critical,Organic Search,1,0.629134999022445,62.913499902244496,High
3294,Wholesale,Hyderabad,Medium,Steel & Metal,207973.11,63,High,Paid Search,1,0.6227505479608753,62.275054796087524,High
3020,Retail,Jaipur,Medium,Food Ingredients,55396.24,55,High,Organic Search,1,0.6223979752585861,62.239797525858606,High
18300,Food & Beverage,Jaipur,Small,Steel & Metal,96364.63,50,Medium,Referral,1,0.6223943414888002,62.23943414888002,High
14755,Textiles,Hyderabad,Enterprise,Textile Machinery,251274.97,41,Medium,Marketplace Search,1,0.6194024860374615,61.94024860374615,High
16924,Food & Beverage,Jaipur,Medium,Industrial Equipment,179605.77,77,High,Organic Search,1,0.6193679247695095,61.936792476950956,High
2662,Retail,Delhi NCR,Enterprise,Construction Materials,220160.15,57,Low,Referral,1,0.6170008965512223,61.70008965512223,High
5970,Retail,Delhi NCR,Large,Steel & Metal,309367.03,40,Low,Referral,1,0.6156204769125139,61.56204769125139,High
1220,Manufacturing,Kolkata,Medium,Chemicals,85858.67,17,High,Direct Inquiry,1,0.6125748799801588,61.25748799801588,High
9242,Manufacturing,Hyderabad,Medium,Food Ingredients,15510.29,16,Critical,Referral,1,0.6091762155849675,60.91762155849675,High
3906,Textiles,Indore,Medium,Steel & Metal,172264.31,92,High,Referral,1,0.6090310602985504,60.90310602985504,High
8251,Manufacturing,Bengaluru,Small,Chemicals,226847.27,65,Critical,Referral,1,0.6089605056016621,60.896050560166216,High
4921,Construction,Ahmedabad,Medium,Electrical Components,123803.54,111,High,Organic Search,1,0.6085808032417495,60.85808032417495,High
16641,Retail,Ahmedabad,Small,Packaging,48261.87,99,Critical,Email Campaign,1,0.6085312564711219,60.85312564711219,High
8773,Food & Beverage,Pune,Medium,Chemicals,129573.71,46,High,Direct Inquiry,1,0.606615046877817,60.6615046877817,High
4191,Food & Beverage,Hyderabad,Large,Auto Parts,68598.13,35,High,Referral,1,0.6045910773403188,60.45910773403188,High
19192,Wholesale,Pune,Medium,Chemicals,93077.13,79,Critical,Marketplace Search,1,0.6040665223707403,60.406652237074034,High
1832,Wholesale,Ahmedabad,Medium,Industrial Equipment,193984.0,127,Medium,Organic Search,1,0.602988205841454,60.298820584145396,High
18345,Construction,Chennai,Medium,Electrical Components,40507.82,57,Critical,Referral,1,0.6029832858671449,60.29832858671449,High
16089,Retail,Bengaluru,Enterprise,Food Ingredients,5928.8,14,Medium,Direct Inquiry,1,0.6024261258447293,60.24261258447293,High
15815,Food & Beverage,Pune,Small,Electrical Components,20104.52,15,Critical,Direct Inquiry,1,0.6007329230997618,60.07329230997618,High
1245,Construction,Ahmedabad,Enterprise,Food Ingredients,54107.15,18,High,Organic Search,1,0.6006712722904605,60.067127229046044,High
7364,Construction,Ahmedabad,Large,Chemicals,163124.48,67,High,Marketplace Search,1,0.6002727877161005,60.02727877161005,High
19659,Manufacturing,Indore,Large,Food Ingredients,99743.96,117,High,Organic Search,1,0.5997423760024376,59.97423760024376,High
14850,Automotive,Kolkata,Enterprise,Steel & Metal,15698.49,11,High,Marketplace Search,1,0.5991615327661374,59.916153276613734,High
6629,Pharmaceuticals,Indore,Enterprise,Packaging,161301.92,34,Low,Email Campaign,1,0.5988108215407257,59.88108215407257,High
17322,Chemicals,Bengaluru,Large,Textile Machinery,117193.55,59,High,Organic Search,1,0.5974020778286367,59.74020778286368,High
844,Manufacturing,Bengaluru,Enterprise,Chemicals,25972.64,10,Critical,Direct Inquiry,1,0.5961240894344579,59.61240894344579,High
11720,Manufacturing,Chennai,Medium,Steel & Metal,210800.59,84,Medium,Referral,1,0.5957742252212977,59.57742252212977,High
9259,Wholesale,Delhi NCR,Enterprise,Textile Machinery,61557.19,30,Medium,Email Campaign,1,0.5956608999158838,59.56608999158838,High
14230,Electronics,Pune,Enterprise,Electrical Components,79054.03,13,Medium,Organic Search,1,0.5952800280483626,59.528002804836255,High
1949,Electronics,Jaipur,Enterprise,Packaging,6378.79,10,High,Marketplace Search,1,0.5950626391244882,59.50626391244882,High
16297,Chemicals,Bengaluru,Large,Industrial Equipment,152655.45,37,Critical,Referral,1,0.5945541098815467,59.45541098815467,High
10219,Pharmaceuticals,Chennai,Small,Industrial Equipment,268723.07,95,Medium,Direct Inquiry,1,0.593708077510564,59.3708077510564,High
7217,Food & Beverage,Ahmedabad,Enterprise,Auto Parts,7191.69,3,Medium,Paid Search,1,0.5934409371440078,59.34409371440078,High
2343,Retail,Indore,Enterprise,Office Supplies,79104.7,56,Medium,Marketplace Search,1,0.5895370430805852,58.95370430805852,High
183,Retail,Kolkata,Enterprise,Electrical Components,35017.16,9,High,Direct Inquiry,1,0.5893293035692039,58.93293035692039,High
1829,Wholesale,Pune,Medium,Auto Parts,172263.73,63,Medium,Referral,1,0.5879904862002834,58.79904862002834,High
2441,Construction,Delhi NCR,Large,Industrial Equipment,262615.56,93,Medium,Paid Search,1,0.5869385274531933,58.69385274531933,High
601,Food & Beverage,Jaipur,Large,Industrial Equipment,294754.31,63,Medium,Referral,1,0.5869311581804828,58.693115818048284,High
17221,Retail,Delhi NCR,Enterprise,Textile Machinery,106223.73,16,Medium,Organic Search,1,0.5858984945564759,58.58984945564759,High
10092,Manufacturing,Kolkata,Enterprise,Construction Materials,209221.99,47,Low,Organic Search,1,0.5857769336138507,58.57769336138507,High
16639,Wholesale,Pune,Small,Steel & Metal,215954.12,73,High,Organic Search,1,0.585568184561988,58.5568184561988,High
12006,Construction,Ahmedabad,Enterprise,Auto Parts,12860.71,12,Critical,Email Campaign,1,0.5837516151387565,58.37516151387565,High
11823,Pharmaceuticals,Hyderabad,Large,Packaging,61840.94,36,Critical,Email Campaign,1,0.5819545946036396,58.19545946036396,High
13311,Pharmaceuticals,Hyderabad,Small,Textile Machinery,406054.26,165,Medium,Marketplace Search,0,0.5816431302947238,58.16431302947238,High
7039,Electronics,Hyderabad,Large,Packaging,70879.36,78,High,Organic Search,1,0.581547577237242,58.1547577237242,High
9607,Automotive,Pune,Enterprise,Textile Machinery,79840.6,17,Medium,Referral,1,0.5813817013679854,58.138170136798536,High
8920,Wholesale,Mumbai,Small,Food Ingredients,14566.54,12,Critical,Referral,1,0.580978107134887,58.0978107134887,High
2857,Wholesale,Jaipur,Large,Electrical Components,126672.8,33,Critical,Marketplace Search,1,0.5809291584363869,58.09291584363869,High
19519,Wholesale,Jaipur,Enterprise,Construction Materials,21182.81,19,High,Referral,1,0.5799501953049135,57.995019530491355,High
9239,Chemicals,Pune,Enterprise,Electrical Components,8822.07,12,Critical,Referral,1,0.5795071029486369,57.9507102948637,High
14435,Food & Beverage,Kolkata,Enterprise,Chemicals,26941.21,6,Critical,Direct Inquiry,1,0.5791564497711615,57.91564497711615,High
7759,Automotive,Jaipur,Medium,Packaging,69904.87,37,High,Referral,1,0.5790118565146091,57.90118565146091,High
19398,Textiles,Chennai,Enterprise,Office Supplies,47724.3,27,Critical,Marketplace Search,1,0.5782686097236894,57.82686097236894,High
10434,Retail,Delhi NCR,Medium,Auto Parts,99957.65,97,High,Organic Search,1,0.5779669129352893,57.79669129352894,High
16226,Chemicals,Pune,Enterprise,Electrical Components,66035.12,47,High,Organic Search,1,0.577911684559912,57.791168455991205,High
14387,Wholesale,Mumbai,Enterprise,Auto Parts,49789.35,11,High,Organic Search,1,0.5759845797277888,57.59845797277888,High
14807,Manufacturing,Kolkata,Enterprise,Office Supplies,6671.68,19,Critical,Referral,1,0.5737249185147283,57.37249185147283,High
19670,Manufacturing,Jaipur,Enterprise,Chemicals,206978.75,49,Medium,Email Campaign,1,0.5718651292891461,57.18651292891461,High
237,Food & Beverage,Chennai,Enterprise,Auto Parts,110821.91,63,Low,Organic Search,1,0.5715205668508511,57.15205668508511,High
3036,Automotive,Mumbai,Large,Steel & Metal,270881.4,56,High,Referral,1,0.571460436981863,57.1460436981863,High
14316,Automotive,Mumbai,Enterprise,Steel & Metal,12431.75,3,High,Organic Search,1,0.5711476226832861,57.11476226832861,High
2041,Food & Beverage,Ahmedabad,Large,Chemicals,80185.43,58,High,Referral,1,0.570404672376183,57.040467237618294,High
6885,Chemicals,Jaipur,Enterprise,Textile Machinery,16465.15,3,High,Organic Search,1,0.566287078060606,56.628707806060596,High
5689,Electronics,Ahmedabad,Large,Textile Machinery,26368.53,8,High,Referral,1,0.5658584836593307,56.58584836593307,High
2318,Wholesale,Bengaluru,Enterprise,Chemicals,16843.97,21,Medium,Marketplace Search,1,0.5655447930356511,56.55447930356511,High
12093,Retail,Delhi NCR,Large,Electrical Components,157242.55,53,Low,Organic Search,1,0.5644882695824461,56.44882695824462,High
14546,Wholesale,Hyderabad,Medium,Textile Machinery,40869.5,19,High,Referral,1,0.5641519944549663,56.41519944549663,High
138,Food & Beverage,Pune,Medium,Electrical Components,105593.44,31,Critical,Organic Search,1,0.5638647229285377,56.386472292853774,High
1592,Chemicals,Kolkata,Micro,Electrical Components,83534.87,29,High,Organic Search,1,0.5635799141642754,56.357991416427545,High
7257,Electronics,Pune,Small,Textile Machinery,149164.88,51,High,Referral,1,0.5620790442733108,56.20790442733108,High
11596,Retail,Bengaluru,Large,Food Ingredients,12554.23,27,High,Marketplace Search,1,0.562073670773958,56.2073670773958,High
18316,Manufacturing,Indore,Large,Auto Parts,69338.3,98,Medium,Referral,1,0.5620553979421417,56.20553979421417,High
18128,Chemicals,Pune,Enterprise,Packaging,16525.16,24,Medium,Email Campaign,1,0.5610310933305681,56.103109333056814,High
7901,Pharmaceuticals,Delhi NCR,Large,Textile Machinery,18555.02,13,Critical,Direct Inquiry,1,0.5607830480827554,56.07830480827553,High
918,Retail,Hyderabad,Enterprise,Food Ingredients,22298.2,16,Medium,Email Campaign,1,0.5607781345219403,56.07781345219402,High
3880,Food & Beverage,Jaipur,Medium,Electrical Components,11927.54,7,High,Direct Inquiry,1,0.560743347007472,56.074334700747194,High
3133,Manufacturing,Ahmedabad,Large,Industrial Equipment,185579.68,42,Medium,Organic Search,1,0.558857840583234,55.885784058323395,High
8341,Automotive,Pune,Small,Steel & Metal,66612.31,38,High,Referral,1,0.558226479483952,55.8226479483952,High
8109,Automotive,Jaipur,Small,Food Ingredients,34544.36,49,Critical,Marketplace Search,1,0.5572278756398582,55.72278756398582,High
7563,Wholesale,Delhi NCR,Enterprise,Office Supplies,19025.0,35,Low,Referral,1,0.5568692944270214,55.68692944270214,High
11553,Manufacturing,Indore,Enterprise,Steel & Metal,5481.09,4,Critical,Referral,1,0.5565976490086847,55.65976490086847,High
18288,Manufacturing,Kolkata,Enterprise,Industrial Equipment,109001.88,19,Critical,Organic Search,1,0.556509879141724,55.650987914172404,High
3575,Retail,Chennai,Enterprise,Packaging,106702.15,60,High,Paid Search,1,0.5553148943197077,55.53148943197077,High
17857,Pharmaceuticals,Chennai,Small,Electrical Components,66204.76,29,Critical,Email Campaign,1,0.5553004970301022,55.53004970301022,High
7478,Wholesale,Mumbai,Small,Chemicals,123831.49,51,High,Direct Inquiry,1,0.5549745860836567,55.49745860836567,High
45,Textiles,Bengaluru,Enterprise,Construction Materials,35056.91,23,High,Marketplace Search,1,0.5549470950502735,55.49470950502735,High
17828,Wholesale,Jaipur,Enterprise,Chemicals,87203.14,20,Medium,Organic Search,1,0.5548019856477943,55.48019856477943,High
18025,Electronics,Kolkata,Enterprise,Construction Materials,11364.81,6,High,Referral,1,0.554643565154511,55.464356515451094,High
19909,Retail,Jaipur,Medium,Industrial Equipment,16805.53,5,Critical,Direct Inquiry,1,0.5541469333410879,55.41469333410879,High
3819,Textiles,Delhi NCR,Large,Textile Machinery,49691.62,18,High,Marketplace Search,1,0.554034411298638,55.40344112986379,High
14289,Retail,Jaipur,Micro,Electrical Components,40140.82,12,Critical,Direct Inquiry,1,0.5539944694100122,55.399446941001216,High
11885,Retail,Pune,Enterprise,Auto Parts,6653.6,7,Critical,Paid Search,1,0.5539467948993608,55.39467948993608,High
1423,Retail,Chennai,Medium,Office Supplies,71481.93,37,High,Referral,1,0.5536785899053622,55.36785899053622,High
18352,Automotive,Pune,Large,Office Supplies,39622.41,60,Critical,Marketplace Search,1,0.5534933663115288,55.34933663115288,High
7195,Chemicals,Chennai,Large,Steel & Metal,61979.52,21,High,Paid Search,1,0.5528152107845573,55.28152107845573,High
3361,Retail,Bengaluru,Medium,Food Ingredients,5000.0,3,Critical,Referral,1,0.5526555199189573,55.265551991895734,High
6864,Automotive,Hyderabad,Enterprise,Steel & Metal,33108.6,36,High,Paid Search,1,0.5526528293569271,55.2652829356927,High
8492,Wholesale,Mumbai,Large,Office Supplies,33135.54,51,High,Referral,1,0.5518197451812652,55.18197451812652,High
14927,Textiles,Kolkata,Medium,Steel & Metal,78362.95,67,High,Referral,1,0.5507667266109486,55.07667266109486,High
1807,Wholesale,Kolkata,Large,Steel & Metal,10589.03,5,Critical,Organic Search,1,0.5501675364513591,55.01675364513591,High
13536,Food & Beverage,Pune,Enterprise,Steel & Metal,28757.22,8,Critical,Email Campaign,1,0.5490820760606382,54.90820760606382,High
7633,Automotive,Kolkata,Large,Electrical Components,21129.4,13,High,Organic Search,1,0.5487018936352636,54.87018936352636,High
9410,Retail,Jaipur,Micro,Industrial Equipment,35225.24,9,High,Referral,1,0.5486584016322715,54.865840163227155,High
18004,Electronics,Delhi NCR,Enterprise,Packaging,52737.08,60,High,Direct Inquiry,1,0.5483011131118721,54.83011131118721,High
9954,Pharmaceuticals,Indore,Enterprise,Steel & Metal,63371.7,27,Medium,Direct Inquiry,1,0.5479382956051054,54.793829560510545,High
7002,Automotive,Hyderabad,Large,Textile Machinery,12035.45,4,High,Direct Inquiry,1,0.5477085412189195,54.77085412189196,High
4970,Pharmaceuticals,Kolkata,Enterprise,Construction Materials,14825.98,12,Medium,Organic Search,1,0.5470495440239745,54.704954402397455,High
13507,Food & Beverage,Chennai,Enterprise,Industrial Equipment,29243.79,6,Medium,Direct Inquiry,1,0.5460274396298924,54.602743962989244,High
11668,Wholesale,Delhi NCR,Enterprise,Auto Parts,15918.84,4,Medium,Organic Search,1,0.5460137564342146,54.601375643421456,High
16622,Pharmaceuticals,Mumbai,Small,Electrical Components,5000.0,3,High,Organic Search,1,0.5456736060471776,54.56736060471776,High
5853,Construction,Delhi NCR,Large,Packaging,134762.22,38,Medium,Referral,1,0.5454539676058191,54.54539676058191,High
9956,Food & Beverage,Bengaluru,Micro,Textile Machinery,211304.26,71,High,Email Campaign,1,0.5452805528047964,54.528055280479634,High
16073,Retail,Hyderabad,Enterprise,Auto Parts,5000.0,1,Critical,Marketplace Search,1,0.545109781571884,54.5109781571884,High
5759,Manufacturing,Chennai,Medium,Industrial Equipment,116452.76,17,Critical,Marketplace Search,1,0.5441888010799637,54.41888010799637,High
15058,Electronics,Mumbai,Medium,Steel & Metal,220344.26,97,High,Marketplace Search,1,0.5437515523864807,54.37515523864806,High
18026,Automotive,Delhi NCR,Medium,Electrical Components,43736.68,43,High,Marketplace Search,1,0.5433012604289329,54.33012604289329,High
10218,Manufacturing,Kolkata,Large,Electrical Components,9075.02,12,High,Referral,1,0.5424233905924857,54.242339059248565,High
18900,Food & Beverage,Mumbai,Enterprise,Electrical Components,27324.74,22,Medium,Referral,1,0.5419939021562133,54.199390215621335,High
18046,Manufacturing,Hyderabad,Small,Textile Machinery,10080.79,3,Critical,Organic Search,1,0.5419051494366867,54.19051494366867,High
10312,Automotive,Delhi NCR,Large,Steel & Metal,115583.76,42,Low,Organic Search,1,0.5418073322070273,54.18073322070273,High
6487,Pharmaceuticals,Kolkata,Medium,Chemicals,117219.62,33,High,Direct Inquiry,1,0.5415103670909809,54.151036709098086,High
15496,Food & Beverage,Pune,Medium,Chemicals,45151.52,38,High,Direct Inquiry,1,0.5414216919060063,54.14216919060063,High
17238,Retail,Delhi NCR,Medium,Packaging,99414.53,133,Low,Referral,1,0.540947683894206,54.0947683894206,High
16866,Retail,Indore,Medium,Steel & Metal,18392.2,6,High,Referral,1,0.5409307803490829,54.093078034908295,High
19003,Retail,Ahmedabad,Large,Food Ingredients,17237.67,15,High,Referral,1,0.5409162803686621,54.09162803686621,High
10057,Retail,Bengaluru,Small,Packaging,29190.11,24,High,Organic Search,1,0.5408071389305877,54.08071389305877,High
1323,Food & Beverage,Pune,Enterprise,Office Supplies,5000.0,5,High,Marketplace Search,1,0.5395328040227811,53.95328040227811,High
19497,Textiles,Jaipur,Enterprise,Industrial Equipment,38413.43,7,High,Direct Inquiry,1,0.5393383223401362,53.93383223401362,High
11073,Retail,Hyderabad,Medium,Electrical Components,176901.24,37,Medium,Referral,1,0.5392814796185449,53.92814796185449,High
14674,Chemicals,Ahmedabad,Enterprise,Food Ingredients,21811.52,18,High,Organic Search,1,0.5392243406396493,53.92243406396493,High
12204,Wholesale,Kolkata,Large,Packaging,9962.7,6,High,Referral,1,0.5390893201570955,53.90893201570955,High
4091,Food & Beverage,Delhi NCR,Medium,Packaging,14766.7,23,Critical,Referral,1,0.5389008034024337,53.89008034024337,High
11702,Construction,Pune,Large,Food Ingredients,79005.31,91,High,Direct Inquiry,1,0.5380933145326313,53.809331453263134,High
13225,Retail,Mumbai,Small,Industrial Equipment,116927.99,43,High,Organic Search,1,0.5378719194451972,53.78719194451972,High
17462,Chemicals,Kolkata,Micro,Electrical Components,24167.58,9,Critical,Referral,1,0.537652251892309,53.765225189230904,High
1838,Food & Beverage,Ahmedabad,Medium,Electrical Components,20333.91,21,High,Marketplace Search,1,0.5376185653072674,53.76185653072674,High
19914,Construction,Bengaluru,Medium,Electrical Components,136231.99,89,Medium,Email Campaign,1,0.5372747038798213,53.72747038798214,High
847,Pharmaceuticals,Bengaluru,Small,Electrical Components,153329.0,47,Medium,Referral,1,0.5372100943301942,53.72100943301942,High
13819,Textiles,Indore,Micro,Chemicals,133836.75,65,High,Referral,1,0.5368895381527136,53.688953815271354,High
16657,Construction,Jaipur,Medium,Industrial Equipment,61892.66,19,Critical,Marketplace Search,1,0.5364135183414931,53.64135183414931,High
14105,Retail,Bengaluru,Medium,Packaging,69430.85,69,Medium,Referral,1,0.5356390565783439,53.56390565783439,High
9597,Retail,Mumbai,Enterprise,Steel & Metal,5000.0,1,Critical,Direct Inquiry,1,0.5355078668092914,53.55078668092914,High
5926,Textiles,Chennai,Micro,Electrical Components,63862.72,42,Critical,Referral,1,0.5354786499355103,53.54786499355103,High
5156,Retail,Bengaluru,Medium,Textile Machinery,36532.42,16,Medium,Referral,1,0.5351183170470803,53.51183170470804,High
1246,Automotive,Chennai,Medium,Packaging,33027.05,22,High,Referral,1,0.534561749731244,53.456174973124405,High
6830,Wholesale,Mumbai,Medium,Construction Materials,22946.73,22,High,Direct Inquiry,1,0.5340574345195439,53.40574345195439,High
11559,Automotive,Jaipur,Large,Food Ingredients,35606.02,29,Critical,Referral,1,0.5339218195300973,53.39218195300973,High
13658,Automotive,Kolkata,Medium,Chemicals,19434.85,18,Critical,Organic Search,1,0.5336761866850795,53.36761866850795,High
10440,Retail,Mumbai,Enterprise,Auto Parts,26756.77,10,High,Paid Search,1,0.5335965115658868,53.35965115658868,High
12611,Construction,Hyderabad,Enterprise,Chemicals,5886.34,4,Critical,Direct Inquiry,1,0.533054587853419,53.3054587853419,High
13032,Manufacturing,Ahmedabad,Enterprise,Electrical Components,10016.06,9,Medium,Referral,1,0.5324045255497898,53.24045255497898,High
15190,Manufacturing,Bengaluru,Large,Office Supplies,9772.61,17,High,Direct Inquiry,1,0.5323209816575373,53.232098165753726,High
6717,Textiles,Hyderabad,Enterprise,Steel & Metal,34226.16,7,High,Marketplace Search,1,0.5322901608614583,53.22901608614583,High
11053,Wholesale,Jaipur,Medium,Auto Parts,8194.01,12,Critical,Referral,1,0.5321199685507185,53.21199685507185,High
17933,Chemicals,Bengaluru,Large,Chemicals,219616.5,44,Low,Referral,1,0.5320822209899541,53.20822209899541,High
19911,Wholesale,Hyderabad,Enterprise,Industrial Equipment,32145.78,3,Medium,Direct Inquiry,1,0.5320465955768177,53.204659557681765,High
9294,Manufacturing,Hyderabad,Medium,Packaging,10671.39,22,Medium,Referral,1,0.5319555415990684,53.19555415990684,High
6408,Pharmaceuticals,Indore,Enterprise,Office Supplies,12464.89,12,High,Referral,1,0.5317326265138979,53.173262651389784,High
9937,Construction,Indore,Enterprise,Electrical Components,13511.83,9,High,Organic Search,1,0.5316197694857304,53.16197694857304,High
15641,Wholesale,Ahmedabad,Medium,Steel & Metal,129369.51,38,Medium,Marketplace Search,1,0.531570799508836,53.1570799508836,High
2031,Wholesale,Pune,Medium,Steel & Metal,32983.23,19,High,Referral,1,0.5301096845619906,53.01096845619906,High
5318,Wholesale,Jaipur,Enterprise,Packaging,38760.42,27,Medium,Organic Search,1,0.5295446804777606,52.95446804777606,High
10136,Food & Beverage,Kolkata,Small,Steel & Metal,61877.92,17,High,Referral,1,0.5292000537709881,52.92000537709881,High
4936,Retail,Kolkata,Enterprise,Office Supplies,5000.0,9,High,Paid Search,1,0.5289408596906396,52.894085969063966,High
19933,Manufacturing,Chennai,Small,Construction Materials,82963.03,38,High,Marketplace Search,1,0.5286528120089649,52.86528120089648,High
19358,Food & Beverage,Chennai,Small,Chemicals,25070.79,12,Critical,Direct Inquiry,1,0.528561512833548,52.856151283354805,High
567,Manufacturing,Delhi NCR,Enterprise,Packaging,16835.57,17,High,Marketplace Search,1,0.5283026015758625,52.83026015758625,High
316,Retail,Pune,Small,Steel & Metal,67945.25,25,High,Organic Search,1,0.5282508664864083,52.82508664864083,High
11264,Manufacturing,Ahmedabad,Enterprise,Steel & Metal,87767.0,47,Medium,Referral,1,0.52785562386721,52.785562386721,High
8461,Pharmaceuticals,Delhi NCR,Large,Chemicals,225490.81,93,Medium,Marketplace Search,1,0.5278425565176555,52.784255651765555,High
14050,Retail,Chennai,Small,Food Ingredients,6890.45,10,Critical,Referral,1,0.5277564765106804,52.775647651068034,High
8033,Retail,Indore,Medium,Packaging,5000.0,1,Critical,Organic Search,1,0.5277519164749342,52.77519164749342,High
19170,Food & Beverage,Indore,Medium,Steel & Metal,7358.51,5,High,Organic Search,1,0.527066157838147,52.706615783814705,High
7072,Retail,Delhi NCR,Small,Electrical Components,9425.03,13,High,Referral,1,0.5269737168466658,52.697371684666585,High
14275,Food & Beverage,Mumbai,Large,Textile Machinery,228176.79,85,Medium,Direct Inquiry,1,0.5268307052093039,52.683070520930386,High
14537,Chemicals,Jaipur,Small,Textile Machinery,13294.18,17,High,Marketplace Search,1,0.5257323429925824,52.573234299258246,High
19687,Wholesale,Jaipur,Medium,Textile Machinery,48880.68,21,High,Direct Inquiry,1,0.5252429673849746,52.524296738497455,High
1267,Chemicals,Jaipur,Enterprise,Construction Materials,88905.05,34,High,Marketplace Search,1,0.5251916085979631,52.51916085979631,High
12045,Food & Beverage,Delhi NCR,Medium,Steel & Metal,28306.39,18,High,Referral,1,0.5250897773165484,52.50897773165484,High
8447,Pharmaceuticals,Indore,Enterprise,Electrical Components,15482.45,9,High,Marketplace Search,1,0.5246900448002481,52.46900448002481,High
12949,Textiles,Hyderabad,Large,Packaging,52655.22,43,Medium,Referral,1,0.5245697142062263,52.45697142062264,High
19147,Textiles,Chennai,Enterprise,Steel & Metal,40490.2,14,Critical,Marketplace Search,1,0.524555407214888,52.4555407214888,High
3523,Retail,Jaipur,Large,Packaging,5001.23,5,High,Referral,1,0.5244729143666246,52.44729143666246,High
1677,Wholesale,Indore,Medium,Electrical Components,6809.3,5,High,Direct Inquiry,1,0.5244417981173621,52.44417981173621,High
10715,Retail,Chennai,Small,Electrical Components,22968.19,13,High,Email Campaign,1,0.5244119076561292,52.44119076561292,High
10301,Automotive,Bengaluru,Large,Food Ingredients,86294.78,46,Critical,Email Campaign,1,0.524316063538069,52.431606353806906,High
12478,Chemicals,Bengaluru,Enterprise,Steel & Metal,64078.0,20,Medium,Marketplace Search,1,0.5240972461872977,52.40972461872977,High
11981,Construction,Kolkata,Enterprise,Construction Materials,22920.29,7,Critical,Direct Inquiry,1,0.5228447737161367,52.28447737161367,High
11970,Food & Beverage,Chennai,Small,Office Supplies,29155.46,23,Critical,Direct Inquiry,1,0.5227181310534184,52.271813105341835,High
19873,Construction,Hyderabad,Large,Steel & Metal,5000.0,3,High,Organic Search,1,0.5224708207767604,52.24708207767604,High
4022,Retail,Delhi NCR,Medium,Food Ingredients,5000.0,5,Critical,Direct Inquiry,1,0.5222229845662114,52.22229845662114,High
15845,Retail,Kolkata,Medium,Industrial Equipment,10929.98,6,High,Referral,1,0.5217039477572768,52.17039477572768,High
3840,Pharmaceuticals,Indore,Enterprise,Construction Materials,37932.67,16,High,Referral,1,0.5215978701065525,52.15978701065524,High
13531,Manufacturing,Ahmedabad,Enterprise,Packaging,8884.48,11,High,Direct Inquiry,1,0.5211310404751957,52.11310404751956,High
2540,Wholesale,Pune,Medium,Industrial Equipment,104987.54,13,Critical,Direct Inquiry,1,0.5210155982900992,52.10155982900992,High
944,Wholesale,Kolkata,Medium,Food Ingredients,16514.25,8,High,Referral,1,0.5206882300081949,52.068823000819485,High
9477,Food & Beverage,Hyderabad,Enterprise,Food Ingredients,23926.63,72,Medium,Marketplace Search,1,0.519518716172788,51.9518716172788,High
11768,Manufacturing,Bengaluru,Medium,Chemicals,47828.05,25,Medium,Organic Search,1,0.5194173585622951,51.941735856229506,High
6533,Manufacturing,Hyderabad,Small,Electrical Components,5000.0,2,High,Organic Search,1,0.5192091187805505,51.92091187805505,High
3172,Food & Beverage,Chennai,Small,Industrial Equipment,5000.0,2,High,Paid Search,1,0.5188012330168901,51.88012330168901,High
9275,Manufacturing,Chennai,Small,Office Supplies,14604.63,21,High,Direct Inquiry,1,0.518671260586182,51.8671260586182,High
2172,Wholesale,Jaipur,Small,Textile Machinery,50437.73,14,Critical,Marketplace Search,1,0.5186399674213035,51.86399674213035,High
12547,Construction,Jaipur,Enterprise,Chemicals,102624.53,31,Critical,Marketplace Search,1,0.5186384298431931,51.863842984319305,High
9052,Electronics,Chennai,Medium,Textile Machinery,40855.54,34,High,Referral,1,0.518358202051079,51.83582020510789,High
4050,Chemicals,Kolkata,Large,Steel & Metal,5000.0,2,Medium,Referral,1,0.5181111396670922,51.81111396670922,High
11161,Food & Beverage,Ahmedabad,Medium,Packaging,60955.01,92,High,Marketplace Search,1,0.5179910445843564,51.79910445843564,High
17552,Retail,Pune,Enterprise,Auto Parts,9521.94,21,High,Direct Inquiry,1,0.517839170621029,51.7839170621029,High
9105,Food & Beverage,Jaipur,Small,Steel & Metal,105676.3,57,Medium,Marketplace Search,1,0.5169632131590649,51.69632131590649,High
15863,Chemicals,Mumbai,Enterprise,Packaging,43671.64,43,Medium,Referral,1,0.5165965311342152,51.65965311342152,High
10118,Wholesale,Hyderabad,Medium,Chemicals,10984.92,7,High,Referral,1,0.5165626130123819,51.656261301238196,High
13523,Construction,Jaipur,Enterprise,Food Ingredients,10468.39,23,High,Direct Inquiry,1,0.5163234713165235,51.632347131652345,High
1100,Manufacturing,Jaipur,Enterprise,Textile Machinery,61078.72,18,High,Marketplace Search,1,0.5160039017028835,51.60039017028835,High
16767,Pharmaceuticals,Kolkata,Medium,Food Ingredients,27771.91,28,Medium,Organic Search,1,0.5159021730888269,51.59021730888269,High
2019,Retail,Kolkata,Enterprise,Industrial Equipment,45438.77,38,Medium,Referral,1,0.5141430744207596,51.41430744207596,High
9647,Wholesale,Mumbai,Enterprise,Packaging,17353.23,6,Medium,Organic Search,1,0.5141187015723189,51.41187015723189,High
8138,Food & Beverage,Jaipur,Small,Electrical Components,16048.87,29,High,Direct Inquiry,1,0.5139129985607894,51.391299856078945,High
3703,Pharmaceuticals,Kolkata,Large,Food Ingredients,6804.39,11,High,Email Campaign,1,0.5135341360939523,51.353413609395226,High
5838,Wholesale,Indore,Enterprise,Packaging,18096.45,12,Medium,Referral,1,0.5134620101058885,51.34620101058886,High
8525,Textiles,Ahmedabad,Enterprise,Chemicals,36644.93,24,Medium,Email Campaign,1,0.5127006240074948,51.27006240074948,High
3211,Food & Beverage,Indore,Medium,Auto Parts,7623.99,3,High,Referral,1,0.512634387859641,51.2634387859641,High
16491,Manufacturing,Ahmedabad,Large,Office Supplies,5000.0,6,Critical,Direct Inquiry,1,0.5122374976824872,51.223749768248716,High
16041,Wholesale,Indore,Large,Steel & Metal,82801.24,19,Critical,Direct Inquiry,1,0.5121807673312107,51.218076733121066,High
1646,Retail,Delhi NCR,Medium,Auto Parts,8394.91,7,Medium,Referral,1,0.512166690129589,51.2166690129589,High
8701,Automotive,Kolkata,Medium,Auto Parts,52954.81,53,Medium,Direct Inquiry,1,0.5120114267269514,51.20114267269514,High
4513,Manufacturing,Ahmedabad,Enterprise,Textile Machinery,5000.0,1,Medium,Referral,1,0.5118762461242746,51.18762461242746,High
646,Manufacturing,Kolkata,Enterprise,Textile Machinery,47927.04,10,High,Marketplace Search,1,0.5118717878235582,51.18717878235582,High
6200,Wholesale,Jaipur,Enterprise,Construction Materials,20452.99,7,High,Direct Inquiry,1,0.5118627148167075,51.18627148167075,High
17520,Wholesale,Mumbai,Micro,Industrial Equipment,138663.76,63,Medium,Direct Inquiry,1,0.511799182234507,51.179918223450706,High
6194,Manufacturing,Ahmedabad,Small,Food Ingredients,91388.84,21,Critical,Email Campaign,1,0.5114560143042276,51.14560143042276,High
4053,Wholesale,Pune,Large,Food Ingredients,6385.25,9,High,Referral,1,0.5113842458942823,51.13842458942823,High
1416,Automotive,Pune,Enterprise,Auto Parts,5418.38,6,Medium,Email Campaign,1,0.5112061721484589,51.120617214845886,High
2684,Retail,Jaipur,Small,Steel & Metal,40879.34,24,Medium,Referral,1,0.511127994514832,51.112799451483205,High
6489,Chemicals,Bengaluru,Enterprise,Office Supplies,11883.41,23,Critical,Marketplace Search,1,0.5110126170210078,51.10126170210078,High
2845,Automotive,Bengaluru,Large,Food Ingredients,17491.14,16,Medium,Referral,1,0.5109522280068991,51.09522280068991,High
15314,Wholesale,Bengaluru,Enterprise,Construction Materials,5000.0,2,Medium,Organic Search,1,0.5108056182718224,51.08056182718224,High
18471,Food & Beverage,Mumbai,Large,Industrial Equipment,128359.5,46,Low,Organic Search,1,0.5107705555480851,51.07705555480852,High
2092,Automotive,Ahmedabad,Enterprise,Construction Materials,65694.64,26,High,Referral,1,0.5106066155324056,51.060661553240564,High
15670,Textiles,Chennai,Large,Office Supplies,5000.0,3,Critical,Organic Search,1,0.5105387656093947,51.05387656093947,High
12232,Construction,Chennai,Medium,Food Ingredients,41825.03,16,High,Referral,1,0.5104604320609276,51.04604320609276,High
15358,Pharmaceuticals,Delhi NCR,Large,Construction Materials,27523.99,19,High,Paid Search,1,0.5104081300631379,51.04081300631379,High
8589,Pharmaceuticals,Hyderabad,Large,Electrical Components,38075.16,17,Medium,Referral,1,0.5103456052057036,51.03456052057036,High
1008,Food & Beverage,Hyderabad,Large,Steel & Metal,95029.75,25,Critical,Marketplace Search,1,0.5103349051733213,51.033490517332126,High
2414,Wholesale,Ahmedabad,Enterprise,Industrial Equipment,94264.08,38,Medium,Direct Inquiry,1,0.5101279453077545,51.01279453077545,High
16747,Chemicals,Ahmedabad,Small,Chemicals,10292.2,3,Critical,Marketplace Search,1,0.5100617049373757,51.00617049373757,High
389,Textiles,Hyderabad,Micro,Electrical Components,74081.1,41,Critical,Marketplace Search,1,0.5096660331314985,50.96660331314985,High
12662,Automotive,Delhi NCR,Medium,Construction Materials,109471.49,32,High,Marketplace Search,1,0.509544534834135,50.954453483413495,High
18362,Manufacturing,Kolkata,Enterprise,Construction Materials,11880.89,3,High,Direct Inquiry,1,0.5090974113994595,50.90974113994595,High
12780,Manufacturing,Kolkata,Large,Steel & Metal,80253.84,36,Low,Direct Inquiry,1,0.5086946025933847,50.869460259338474,High
12152,Textiles,Ahmedabad,Large,Industrial Equipment,5000.0,5,Critical,Marketplace Search,1,0.5085136421543414,50.85136421543414,High
14055,Manufacturing,Bengaluru,Large,Textile Machinery,63012.93,10,High,Marketplace Search,1,0.5084323454868911,50.84323454868911,High
14872,Electronics,Delhi NCR,Medium,Chemicals,136461.09,96,Low,Referral,1,0.5083770269399437,50.837702693994366,High
17805,Chemicals,Hyderabad,Small,Steel & Metal,25135.62,15,High,Direct Inquiry,1,0.5083314817023455,50.83314817023455,High
13514,Construction,Pune,Small,Food Ingredients,55680.07,33,High,Marketplace Search,1,0.5080769681220784,50.80769681220784,High
4827,Wholesale,Indore,Medium,Industrial Equipment,117794.1,31,Medium,Referral,1,0.5078128170090095,50.78128170090095,High
6611,Construction,Kolkata,Medium,Textile Machinery,37840.4,17,Critical,Organic Search,1,0.5076364692125013,50.76364692125013,High
1004,Pharmaceuticals,Bengaluru,Medium,Textile Machinery,51971.9,44,High,Email Campaign,1,0.5073863441261103,50.73863441261103,High
10537,Food & Beverage,Kolkata,Medium,Electrical Components,14232.42,12,Critical,Organic Search,1,0.5073762436982772,50.737624369827714,High
6525,Chemicals,Chennai,Small,Electrical Components,5000.0,2,High,Referral,1,0.5072427776281538,50.72427776281538,High
16606,Chemicals,Delhi NCR,Medium,Electrical Components,29386.4,11,High,Referral,1,0.5071383666773505,50.713836667735045,High
2573,Textiles,Kolkata,Enterprise,Steel & Metal,57272.3,21,Medium,Direct Inquiry,1,0.5068956260244712,50.689562602447126,High
7355,Retail,Mumbai,Medium,Electrical Components,68831.81,42,High,Marketplace Search,1,0.5062254535901851,50.62254535901851,High
9248,Pharmaceuticals,Indore,Enterprise,Textile Machinery,58329.53,33,High,Referral,1,0.5061308422130353,50.61308422130353,High
10568,Retail,Mumbai,Micro,Food Ingredients,10807.86,11,Critical,Referral,1,0.5054995597000634,50.549955970006344,High
3003,Food & Beverage,Chennai,Small,Chemicals,48217.05,33,High,Referral,1,0.5054649124670614,50.54649124670614,High
5115,Electronics,Jaipur,Enterprise,Chemicals,5000.0,1,Medium,Direct Inquiry,1,0.5053358493820659,50.53358493820659,High
210,Pharmaceuticals,Delhi NCR,Medium,Steel & Metal,61721.64,17,Critical,Referral,1,0.5050398099624026,50.50398099624026,High
2173,Manufacturing,Hyderabad,Small,Industrial Equipment,32066.08,13,Critical,Direct Inquiry,1,0.505015644331685,50.5015644331685,High
7495,Food & Beverage,Delhi NCR,Large,Chemicals,91232.54,27,High,Marketplace Search,1,0.5048660520571664,50.48660520571664,High
5092,Retail,Indore,Small,Textile Machinery,22613.41,18,Critical,Organic Search,1,0.5044533365026647,50.44533365026646,High
13804,Automotive,Jaipur,Medium,Construction Materials,63094.81,69,Medium,Direct Inquiry,1,0.5042525943070333,50.42525943070333,High
6114,Wholesale,Pune,Medium,Textile Machinery,85222.83,15,Critical,Direct Inquiry,1,0.5041277154228252,50.41277154228252,High
10781,Pharmaceuticals,Kolkata,Medium,Office Supplies,5000.0,4,Critical,Paid Search,1,0.5040505921241264,50.40505921241264,High
12911,Retail,Bengaluru,Enterprise,Food Ingredients,5000.0,4,Medium,Organic Search,1,0.5039122168357054,50.39122168357054,High
18095,Manufacturing,Kolkata,Enterprise,Food Ingredients,14302.04,14,High,Direct Inquiry,1,0.5038848719227592,50.388487192275925,High
141,Wholesale,Bengaluru,Enterprise,Industrial Equipment,7435.22,3,Critical,Direct Inquiry,1,0.5038605041419076,50.38605041419076,High
10575,Pharmaceuticals,Indore,Enterprise,Electrical Components,70837.38,23,Medium,Marketplace Search,1,0.5037231893150994,50.37231893150994,High
19799,Construction,Kolkata,Large,Steel & Metal,14316.74,7,Critical,Organic Search,1,0.503505586381012,50.3505586381012,High
13608,Retail,Pune,Small,Chemicals,97483.75,69,High,Referral,1,0.5034544135289238,50.34544135289239,High
11368,Pharmaceuticals,Pune,Enterprise,Steel & Metal,22598.77,9,High,Organic Search,1,0.5031520595008802,50.315205950088014,High
6808,Wholesale,Kolkata,Small,Auto Parts,22907.58,27,High,Organic Search,1,0.5028410758601902,50.28410758601902,High
740,Manufacturing,Ahmedabad,Small,Electrical Components,9212.38,7,High,Organic Search,1,0.5026748726877207,50.26748726877207,High
184,Food & Beverage,Pune,Small,Steel & Metal,35386.69,42,Critical,Referral,1,0.5026145962530494,50.26145962530494,High
1121,Manufacturing,Jaipur,Enterprise,Textile Machinery,5000.0,3,High,Referral,1,0.502535443653596,50.2535443653596,High
197,Electronics,Mumbai,Large,Packaging,48905.82,60,High,Referral,1,0.5023142486222492,50.23142486222491,High
16104,Automotive,Ahmedabad,Large,Steel & Metal,56980.55,29,Medium,Direct Inquiry,1,0.5020987588330998,50.209875883309984,High
15730,Wholesale,Chennai,Micro,Packaging,49402.63,32,High,Organic Search,1,0.5020455572912954,50.20455572912954,High
5562,Manufacturing,Indore,Large,Auto Parts,122032.42,75,High,Direct Inquiry,1,0.5020369348325956,50.203693483259556,High
1426,Manufacturing,Hyderabad,Enterprise,Industrial Equipment,100358.69,27,Medium,Organic Search,1,0.5013893487619784,50.13893487619784,High
7133,Wholesale,Delhi NCR,Medium,Food Ingredients,76217.77,85,High,Paid Search,1,0.5012751073753137,50.12751073753137,High
11832,Automotive,Pune,Medium,Electrical Components,30526.84,16,Critical,Marketplace Search,1,0.5011298324363533,50.112983243635334,High
12748,Wholesale,Mumbai,Medium,Electrical Components,19937.86,16,High,Organic Search,1,0.5010452314332576,50.104523143325764,High
19494,Chemicals,Hyderabad,Medium,Construction Materials,6037.0,9,Critical,Referral,1,0.501039975613341,50.103997561334104,High
4394,Retail,Pune,Large,Textile Machinery,67716.03,27,High,Marketplace Search,1,0.5007694356250849,50.07694356250849,High
8289,Construction,Chennai,Large,Steel & Metal,20065.4,8,High,Email Campaign,1,0.5003568386322214,50.03568386322213,High
10207,Construction,Bengaluru,Small,Textile Machinery,16694.68,4,Critical,Email Campaign,1,0.5001265397829444,50.01265397829444,High
14227,Retail,Kolkata,Small,Steel & Metal,9049.89,4,High,Organic Search,1,0.5000733868801792,50.007338688017924,High
14239,Manufacturing,Kolkata,Large,Packaging,9939.02,15,High,Marketplace Search,1,0.49994400357187607,49.99440035718761,High
17450,Retail,Mumbai,Small,Office Supplies,26151.03,44,Medium,Referral,1,0.499815885694881,49.9815885694881,High
5750,Manufacturing,Bengaluru,Medium,Packaging,34924.49,41,Critical,Email Campaign,1,0.4997870022493719,49.97870022493719,High
18817,Manufacturing,Chennai,Large,Textile Machinery,24598.67,16,Critical,Direct Inquiry,1,0.49974941922971444,49.974941922971446,High
19718,Chemicals,Mumbai,Medium,Chemicals,132488.83,40,High,Paid Search,1,0.4994013274807835,49.94013274807835,High
17849,Automotive,Pune,Medium,Chemicals,53367.25,46,Medium,Referral,1,0.49925514140724203,49.925514140724204,High
15480,Manufacturing,Pune,Medium,Food Ingredients,20380.89,31,High,Referral,1,0.49906416556689276,49.90641655668927,High
15225,Retail,Mumbai,Enterprise,Electrical Components,19997.04,18,Medium,Marketplace Search,1,0.49873263708995635,49.87326370899564,High
8205,Retail,Hyderabad,Small,Electrical Components,136393.3,77,High,Organic Search,0,0.4986750668669923,49.86750668669923,High
3572,Retail,Indore,Large,Construction Materials,152837.07,27,High,Direct Inquiry,1,0.4986548273722066,49.86548273722066,High
13348,Automotive,Delhi NCR,Medium,Steel & Metal,6074.13,14,High,Marketplace Search,1,0.49838808461519263,49.838808461519264,High
14020,Food & Beverage,Jaipur,Medium,Electrical Components,6416.88,7,Critical,Direct Inquiry,1,0.4983486862891952,49.83486862891952,High
10156,Wholesale,Pune,Small,Industrial Equipment,11649.68,4,High,Referral,1,0.4982991017459986,49.82991017459986,High
2211,Wholesale,Delhi NCR,Large,Electrical Components,27606.98,9,Medium,Direct Inquiry,1,0.4981890784881865,49.81890784881865,High
6884,Electronics,Bengaluru,Large,Steel & Metal,27721.44,14,High,Organic Search,1,0.4981308508521002,49.81308508521002,High
4294,Textiles,Indore,Enterprise,Chemicals,18618.69,15,Critical,Organic Search,1,0.4980804317546739,49.80804317546739,High
18167,Food & Beverage,Indore,Micro,Food Ingredients,56946.57,87,Medium,Referral,1,0.4979952818391047,49.79952818391047,High
5778,Food & Beverage,Bengaluru,Medium,Electrical Components,45917.8,39,Medium,Referral,1,0.49788172009916853,49.788172009916856,High
9352,Retail,Hyderabad,Micro,Office Supplies,5000.0,2,High,Referral,1,0.49780012371872767,49.780012371872765,High
13806,Manufacturing,Hyderabad,Small,Textile Machinery,35631.47,7,Critical,Referral,1,0.49779975026293877,49.779975026293876,High
5375,Pharmaceuticals,Jaipur,Medium,Industrial Equipment,16932.25,9,Medium,Referral,1,0.4976282161829078,49.76282161829078,High
7411,Food & Beverage,Kolkata,Small,Industrial Equipment,84212.03,50,Critical,Marketplace Search,1,0.4975912186911149,49.75912186911149,High
15002,Retail,Ahmedabad,Small,Steel & Metal,7870.13,12,High,Paid Search,1,0.49721917421243844,49.721917421243845,High
5154,Manufacturing,Chennai,Small,Electrical Components,5000.0,4,Low,Referral,1,0.4971673086289613,49.71673086289613,High
800,Food & Beverage,Hyderabad,Large,Textile Machinery,20043.18,15,High,Organic Search,1,0.49693391863987146,49.693391863987145,High
17716,Wholesale,Indore,Medium,Office Supplies,8425.25,25,High,Email Campaign,1,0.49692755545568473,49.692755545568474,High
3311,Electronics,Bengaluru,Large,Food Ingredients,19325.56,17,Medium,Referral,1,0.49648040593904136,49.648040593904135,High
15312,Retail,Pune,Small,Construction Materials,36539.68,30,Critical,Email Campaign,1,0.496184372189089,49.6184372189089,High
5353,Pharmaceuticals,Pune,Enterprise,Packaging,30693.24,24,Medium,Marketplace Search,1,0.49618436028559354,49.61843602855935,High
1334,Chemicals,Jaipur,Medium,Food Ingredients,7811.06,4,Critical,Referral,1,0.496149294500824,49.6149294500824,High
6919,Automotive,Jaipur,Large,Office Supplies,5918.02,7,High,Referral,1,0.49607392384910604,49.607392384910604,High
1486,Chemicals,Jaipur,Small,Chemicals,15640.7,7,Critical,Direct Inquiry,1,0.49604349107775797,49.604349107775796,High
15628,Food & Beverage,Kolkata,Small,Industrial Equipment,160350.49,21,High,Organic Search,1,0.49579489649122666,49.579489649122664,High
14126,Retail,Bengaluru,Large,Auto Parts,5000.0,6,Low,Direct Inquiry,1,0.4955195091964079,49.55195091964079,High
7569,Chemicals,Hyderabad,Small,Steel & Metal,16577.46,14,High,Direct Inquiry,1,0.49536672456752573,49.53667245675257,High
16761,Food & Beverage,Ahmedabad,Enterprise,Electrical Components,32053.48,31,High,Organic Search,1,0.49534750401443084,49.534750401443084,High
7874,Automotive,Hyderabad,Enterprise,Auto Parts,15188.85,15,Medium,Direct Inquiry,1,0.4951413851732307,49.51413851732307,High
2572,Food & Beverage,Mumbai,Large,Food Ingredients,19782.54,8,Low,Organic Search,1,0.4948041271685183,49.48041271685183,High
1744,Food & Beverage,Pune,Medium,Industrial Equipment,28663.48,32,High,Organic Search,1,0.49449604322073437,49.44960432207344,High
16561,Retail,Chennai,Medium,Steel & Metal,18587.07,8,High,Referral,1,0.4941379552289412,49.41379552289412,High
8014,Manufacturing,Chennai,Large,Steel & Metal,44413.58,24,High,Referral,1,0.49404055926346585,49.40405592634659,High
2107,Chemicals,Ahmedabad,Medium,Packaging,5000.0,1,Critical,Marketplace Search,1,0.49401825986573444,49.40182598657344,High
19007,Automotive,Chennai,Medium,Electrical Components,5000.0,4,High,Organic Search,1,0.4939936605881124,49.39936605881124,High
1137,Wholesale,Ahmedabad,Enterprise,Office Supplies,5000.0,4,Low,Marketplace Search,1,0.4938578949821217,49.38578949821217,High
5850,Chemicals,Bengaluru,Medium,Textile Machinery,74902.24,45,Medium,Referral,1,0.4938120816803884,49.381208168038846,High
16455,Food & Beverage,Bengaluru,Medium,Food Ingredients,5000.0,5,Medium,Referral,1,0.49355996081048736,49.35599608104874,High
18849,Manufacturing,Jaipur,Small,Textile Machinery,20503.89,10,Critical,Direct Inquiry,1,0.4935320955082145,49.35320955082145,High
5198,Food & Beverage,Pune,Enterprise,Office Supplies,7631.09,7,High,Organic Search,1,0.4931625355608775,49.31625355608775,High
3805,Manufacturing,Kolkata,Small,Packaging,133892.89,191,Medium,Paid Search,1,0.4929980823435934,49.29980823435934,High
19531,Textiles,Kolkata,Medium,Office Supplies,5000.0,6,High,Direct Inquiry,1,0.49294825310290147,49.29482531029015,High
1671,Automotive,Kolkata,Small,Electrical Components,12888.59,9,Critical,Paid Search,1,0.49290810269965557,49.290810269965554,High
393,Pharmaceuticals,Chennai,Enterprise,Office Supplies,5736.94,6,Critical,Marketplace Search,1,0.4926564882906217,49.26564882906217,High
14645,Electronics,Kolkata,Micro,Construction Materials,53377.77,24,High,Organic Search,1,0.49234138009939904,49.234138009939905,High
7282,Manufacturing,Pune,Medium,Industrial Equipment,8948.46,4,High,Organic Search,1,0.49209071299949597,49.2090712999496,High
9438,Wholesale,Pune,Small,Chemicals,30966.85,10,High,Direct Inquiry,1,0.4919964328684557,49.19964328684557,High
11828,Construction,Kolkata,Micro,Electrical Components,18982.35,38,High,Paid Search,1,0.49127826569313554,49.127826569313555,High
9721,Chemicals,Ahmedabad,Large,Construction Materials,26693.62,6,High,Organic Search,1,0.4906872435417324,49.068724354173234,High
11479,Textiles,Delhi NCR,Small,Office Supplies,5392.77,21,High,Direct Inquiry,1,0.4905119546619981,49.05119546619981,High
5238,Wholesale,Delhi NCR,Enterprise,Office Supplies,5000.0,11,High,Email Campaign,1,0.4904340337252359,49.04340337252359,High
4825,Wholesale,Indore,Medium,Chemicals,5000.0,3,Critical,Organic Search,1,0.490332439501124,49.0332439501124,High
3471,Wholesale,Ahmedabad,Medium,Construction Materials,55063.37,29,High,Referral,1,0.49024747399713337,49.024747399713334,High
19073,Chemicals,Kolkata,Medium,Construction Materials,38923.88,35,High,Direct Inquiry,1,0.4901280333179864,49.01280333179864,High
2635,Wholesale,Chennai,Small,Industrial Equipment,56296.2,15,High,Email Campaign,1,0.49012661810632174,49.012661810632174,High
14997,Manufacturing,Ahmedabad,Medium,Electrical Components,39754.24,81,Low,Direct Inquiry,1,0.4898650850588883,48.98650850588883,High
15723,Food & Beverage,Bengaluru,Small,Industrial Equipment,25632.68,15,High,Referral,1,0.48961843050154563,48.96184305015456,High
13237,Pharmaceuticals,Kolkata,Enterprise,Electrical Components,12979.49,9,Critical,Organic Search,1,0.4895879812109368,48.95879812109368,High
11391,Wholesale,Bengaluru,Medium,Chemicals,35686.67,23,Critical,Marketplace Search,1,0.4894813528940555,48.94813528940555,High
17845,Retail,Chennai,Small,Industrial Equipment,6798.5,4,High,Organic Search,1,0.48934238730034396,48.934238730034394,High
9357,Pharmaceuticals,Mumbai,Enterprise,Auto Parts,98749.66,63,High,Email Campaign,1,0.48908509432019287,48.90850943201929,High
7802,Retail,Ahmedabad,Medium,Steel & Metal,74405.64,20,Medium,Organic Search,1,0.4890747897424741,48.90747897424741,High
15901,Retail,Chennai,Large,Office Supplies,111712.99,38,Low,Marketplace Search,1,0.4888313379800748,48.88313379800748,High
19256,Retail,Chennai,Large,Industrial Equipment,84714.51,47,Medium,Marketplace Search,1,0.4884754049717682,48.84754049717682,High
16112,Food & Beverage,Delhi NCR,Medium,Steel & Metal,8746.16,7,High,Direct Inquiry,1,0.4884166100147898,48.84166100147898,High
7492,Food & Beverage,Ahmedabad,Small,Office Supplies,39933.13,57,Medium,Paid Search,1,0.48810429876283623,48.81042987628362,High
13486,Retail,Chennai,Medium,Auto Parts,15122.85,12,High,Referral,1,0.4880949466512336,48.80949466512336,Medium
19764,Wholesale,Mumbai,Small,Textile Machinery,23574.43,19,Critical,Organic Search,1,0.48776889183886535,48.77688918388653,Medium
10516,Manufacturing,Mumbai,Medium,Steel & Metal,70601.2,49,High,Organic Search,1,0.48769326506318417,48.769326506318414,Medium
6932,Automotive,Jaipur,Large,Textile Machinery,18683.39,8,Critical,Email Campaign,1,0.48742750350624514,48.74275035062451,Medium
13920,Food & Beverage,Pune,Medium,Textile Machinery,31385.93,12,Medium,Referral,1,0.4872541745939364,48.72541745939364,Medium
797,Construction,Mumbai,Enterprise,Construction Materials,16709.19,10,High,Direct Inquiry,1,0.4868341248051322,48.68341248051322,Medium
18552,Construction,Ahmedabad,Small,Office Supplies,8328.28,26,High,Organic Search,1,0.48655558856439785,48.65555885643978,Medium
4242,Wholesale,Ahmedabad,Medium,Electrical Components,5000.0,1,High,Referral,1,0.48653344267743814,48.65334426774381,Medium
14475,Textiles,Delhi NCR,Large,Packaging,32919.7,59,High,Marketplace Search,1,0.4864663027954795,48.64663027954795,Medium
9288,Wholesale,Kolkata,Enterprise,Office Supplies,5938.24,12,Medium,Marketplace Search,1,0.48619205581933805,48.619205581933805,Medium
14390,Pharmaceuticals,Ahmedabad,Small,Electrical Components,23215.95,17,Critical,Marketplace Search,1,0.486172973589652,48.6172973589652,Medium
4510,Automotive,Jaipur,Enterprise,Office Supplies,5000.0,1,Critical,Organic Search,1,0.4856752845930097,48.567528459300966,Medium
2192,Food & Beverage,Mumbai,Large,Food Ingredients,50237.34,29,High,Direct Inquiry,1,0.48564234023914526,48.56423402391453,Medium
11396,Textiles,Kolkata,Small,Steel & Metal,49566.44,85,High,Marketplace Search,1,0.4855462600206582,48.554626002065824,Medium
1456,Construction,Hyderabad,Enterprise,Office Supplies,5000.0,2,High,Referral,1,0.4851408644765619,48.51408644765619,Medium
18688,Wholesale,Pune,Medium,Packaging,19390.56,12,High,Direct Inquiry,1,0.4847242469268052,48.47242469268052,Medium
8557,Food & Beverage,Jaipur,Large,Packaging,52638.12,22,Low,Marketplace Search,1,0.4847110834637021,48.471108346370215,Medium
9297,Electronics,Hyderabad,Enterprise,Industrial Equipment,13401.23,5,Critical,Organic Search,1,0.4844348759722259,48.44348759722259,Medium
2629,Construction,Indore,Large,Food Ingredients,37832.33,37,High,Organic Search,1,0.48433455971174005,48.433455971174006,Medium
6505,Manufacturing,Delhi NCR,Enterprise,Textile Machinery,16006.94,6,High,Marketplace Search,1,0.4841839057415938,48.41839057415938,Medium
1529,Construction,Mumbai,Enterprise,Construction Materials,84026.61,28,High,Marketplace Search,1,0.4840713607415952,48.40713607415952,Medium
13660,Automotive,Ahmedabad,Small,Steel & Metal,20542.27,19,High,Direct Inquiry,1,0.4840108194121983,48.40108194121983,Medium
4710,Textiles,Kolkata,Large,Packaging,6769.26,8,High,Organic Search,1,0.48388751247324996,48.388751247325,Medium
2557,Construction,Hyderabad,Small,Chemicals,37211.84,16,High,Organic Search,1,0.4838538968766033,48.38538968766033,Medium
3057,Manufacturing,Kolkata,Medium,Textile Machinery,13015.85,15,Medium,Direct Inquiry,1,0.48331042626930193,48.33104262693019,Medium
16985,Wholesale,Delhi NCR,Medium,Chemicals,104313.09,51,High,Direct Inquiry,1,0.48311383849784734,48.31138384978473,Medium
13409,Construction,Ahmedabad,Large,Industrial Equipment,26071.18,30,High,Referral,1,0.48304303597132775,48.30430359713277,Medium
1578,Chemicals,Hyderabad,Enterprise,Steel & Metal,10332.13,5,Medium,Referral,1,0.4829637566017527,48.29637566017527,Medium
14584,Food & Beverage,Bengaluru,Small,Textile Machinery,56266.98,14,High,Marketplace Search,1,0.4826950229267575,48.269502292675746,Medium
2835,Pharmaceuticals,Kolkata,Enterprise,Industrial Equipment,9028.28,7,Medium,Referral,1,0.4826783106012529,48.26783106012529,Medium
11373,Chemicals,Jaipur,Large,Food Ingredients,5000.0,11,Critical,Marketplace Search,1,0.48259412691045345,48.25941269104534,Medium
8987,Chemicals,Pune,Enterprise,Packaging,5000.0,6,Low,Referral,1,0.48257982567315955,48.257982567315956,Medium
19448,Chemicals,Pune,Micro,Chemicals,16470.74,10,Critical,Marketplace Search,1,0.48234053830134954,48.234053830134954,Medium
12986,Electronics,Chennai,Medium,Industrial Equipment,109075.19,47,Low,Referral,1,0.48215998725573134,48.21599872557314,Medium
9256,Automotive,Delhi NCR,Large,Steel & Metal,17663.19,6,High,Organic Search,1,0.48214522990993264,48.21452299099327,Medium
11478,Textiles,Ahmedabad,Large,Chemicals,134194.3,60,Medium,Marketplace Search,1,0.482119795586141,48.2119795586141,Medium
12644,Wholesale,Pune,Large,Construction Materials,141764.29,48,Low,Direct Inquiry,1,0.4820896478290499,48.20896478290499,Medium
1471,Construction,Ahmedabad,Enterprise,Auto Parts,10181.26,16,High,Direct Inquiry,1,0.48201583222558125,48.20158322255813,Medium
1457,Wholesale,Jaipur,Large,Electrical Components,11504.48,6,Low,Referral,1,0.48199211996297203,48.1992119962972,Medium
915,Chemicals,Kolkata,Large,Packaging,7077.73,5,High,Organic Search,1,0.4816255611673117,48.16255611673117,Medium
4395,Wholesale,Mumbai,Enterprise,Office Supplies,7107.65,7,Medium,Marketplace Search,1,0.4814553030277353,48.14553030277353,Medium
14570,Chemicals,Ahmedabad,Medium,Construction Materials,13572.41,4,Critical,Organic Search,1,0.48142969764110777,48.142969764110774,Medium
5421,Wholesale,Ahmedabad,Small,Chemicals,11172.84,19,High,Marketplace Search,1,0.4812940762700329,48.12940762700329,Medium
116,Food & Beverage,Mumbai,Small,Electrical Components,8040.77,7,High,Organic Search,1,0.48108457356889583,48.10845735688958,Medium
15087,Food & Beverage,Ahmedabad,Large,Food Ingredients,11721.05,9,Low,Organic Search,1,0.4810576289519172,48.105762895191724,Medium
18150,Food & Beverage,Hyderabad,Small,Office Supplies,9901.68,24,High,Referral,1,0.48086346165865507,48.08634616586551,Medium
16611,Retail,Hyderabad,Large,Food Ingredients,7546.71,8,Critical,Referral,1,0.48060658624407115,48.06065862440712,Medium
10255,Retail,Chennai,Large,Steel & Metal,65491.51,41,High,Paid Search,1,0.48052536799998646,48.05253679999865,Medium
5142,Retail,Jaipur,Large,Food Ingredients,6574.91,8,Medium,Direct Inquiry,1,0.4802781618492595,48.027816184925946,Medium
16132,Retail,Chennai,Medium,Auto Parts,40208.04,24,Medium,Direct Inquiry,1,0.4802352351619317,48.023523516193166,Medium
8153,Electronics,Ahmedabad,Large,Electrical Components,105110.53,22,Medium,Referral,1,0.48002967818188585,48.00296781818859,Medium
886,Retail,Delhi NCR,Large,Steel & Metal,30943.18,12,High,Organic Search,1,0.4796684854144048,47.966848541440484,Medium
5474,Pharmaceuticals,Mumbai,Small,Textile Machinery,78309.09,18,Medium,Referral,1,0.47965221049321466,47.965221049321464,Medium
10580,Food & Beverage,Kolkata,Large,Office Supplies,5000.0,5,Critical,Organic Search,1,0.4795969263952994,47.95969263952994,Medium
5418,Manufacturing,Chennai,Enterprise,Office Supplies,5000.0,6,Low,Referral,1,0.4794356259272443,47.94356259272443,Medium
6945,Food & Beverage,Jaipur,Medium,Packaging,67433.89,30,Critical,Organic Search,1,0.4792850330781207,47.92850330781207,Medium
4133,Wholesale,Indore,Medium,Packaging,29209.99,14,High,Referral,1,0.47921893284760003,47.92189328476,Medium
13902,Pharmaceuticals,Indore,Large,Steel & Metal,7762.42,3,High,Paid Search,1,0.47909298660571864,47.909298660571864,Medium
17907,Pharmaceuticals,Bengaluru,Medium,Auto Parts,47483.83,47,Medium,Referral,1,0.47882676392594264,47.88267639259426,Medium
14832,Electronics,Jaipur,Medium,Construction Materials,9291.05,5,High,Referral,1,0.47857554663436885,47.857554663436886,Medium
5659,Food & Beverage,Delhi NCR,Medium,Packaging,14600.9,41,Low,Referral,1,0.4783701973273612,47.83701973273612,Medium
11421,Manufacturing,Jaipur,Large,Chemicals,55216.16,33,Medium,Organic Search,1,0.4783488554077056,47.834885540770564,Medium
1376,Pharmaceuticals,Mumbai,Enterprise,Packaging,65101.08,23,Medium,Marketplace Search,1,0.4782881107249907,47.82881107249907,Medium
6572,Pharmaceuticals,Delhi NCR,Large,Industrial Equipment,196821.4,142,Medium,Organic Search,1,0.4778652691279361,47.78652691279361,Medium
12014,Retail,Hyderabad,Enterprise,Office Supplies,23477.41,28,Medium,Marketplace Search,1,0.47782876591413503,47.782876591413505,Medium
11676,Retail,Kolkata,Enterprise,Steel & Metal,5000.0,1,High,Direct Inquiry,1,0.4778103277730857,47.78103277730857,Medium
4310,Automotive,Kolkata,Medium,Office Supplies,14137.62,32,High,Email Campaign,1,0.47751998245045235,47.751998245045236,Medium
1546,Construction,Hyderabad,Small,Steel & Metal,6718.79,4,High,Referral,1,0.47747695717500593,47.74769571750059,Medium
15493,Wholesale,Pune,Enterprise,Food Ingredients,5603.95,8,High,Marketplace Search,1,0.4773790557661103,47.73790557661103,Medium
12809,Retail,Indore,Enterprise,Office Supplies,19543.01,36,Medium,Direct Inquiry,1,0.47713329313534875,47.71332931353488,Medium
1329,Construction,Jaipur,Medium,Food Ingredients,92175.86,36,Low,Referral,1,0.477128582543102,47.7128582543102,Medium
17478,Automotive,Delhi NCR,Medium,Textile Machinery,22599.06,13,High,Referral,1,0.4769754048698173,47.69754048698173,Medium
6231,Wholesale,Jaipur,Enterprise,Construction Materials,8937.73,5,High,Direct Inquiry,1,0.4769431157524724,47.69431157524724,Medium
12252,Food & Beverage,Delhi NCR,Enterprise,Steel & Metal,123270.1,21,Medium,Paid Search,1,0.4767315516308569,47.67315516308569,Medium
18940,Retail,Mumbai,Large,Packaging,12118.49,6,Medium,Referral,1,0.47658303651164924,47.65830365116492,Medium
12764,Wholesale,Ahmedabad,Large,Steel & Metal,5000.0,4,High,Direct Inquiry,1,0.47655038488584534,47.65503848858453,Medium
15969,Automotive,Chennai,Medium,Industrial Equipment,37568.49,17,Critical,Marketplace Search,1,0.4765110461385118,47.65110461385118,Medium
12202,Pharmaceuticals,Jaipur,Small,Packaging,5000.0,5,High,Referral,1,0.4764714567800265,47.64714567800265,Medium
19420,Electronics,Kolkata,Medium,Chemicals,199263.72,51,Medium,Organic Search,1,0.4763007174830813,47.630071748308126,Medium
3564,Chemicals,Ahmedabad,Large,Food Ingredients,15564.79,12,High,Referral,1,0.4762013490678264,47.62013490678264,Medium
11917,Pharmaceuticals,Delhi NCR,Medium,Chemicals,5000.0,2,Medium,Direct Inquiry,1,0.475554867403037,47.5554867403037,Medium
10833,Pharmaceuticals,Hyderabad,Small,Textile Machinery,17110.93,14,Critical,Organic Search,1,0.47544654142820153,47.54465414282015,Medium
6436,Wholesale,Bengaluru,Small,Office Supplies,5000.0,8,Medium,Referral,1,0.4751890192850059,47.51890192850059,Medium
5503,Pharmaceuticals,Ahmedabad,Large,Chemicals,25442.64,12,High,Email Campaign,1,0.474980831327337,47.4980831327337,Medium
9585,Textiles,Jaipur,Large,Packaging,9598.65,14,High,Referral,1,0.4746605437272976,47.46605437272976,Medium
9413,Chemicals,Bengaluru,Enterprise,Food Ingredients,5621.2,4,Medium,Referral,1,0.47456685839270785,47.45668583927078,Medium
19387,Wholesale,Delhi NCR,Medium,Industrial Equipment,8653.35,8,Medium,Referral,1,0.47449282289515216,47.44928228951522,Medium
16655,Food & Beverage,Indore,Small,Textile Machinery,33189.54,23,High,Referral,1,0.47436789222568887,47.43678922256889,Medium
9303,Automotive,Kolkata,Small,Steel & Metal,39405.89,39,Medium,Referral,1,0.4743242602068303,47.432426020683025,Medium
13995,Construction,Kolkata,Enterprise,Textile Machinery,12711.03,6,High,Marketplace Search,1,0.47429399079524065,47.42939907952407,Medium
108,Manufacturing,Bengaluru,Medium,Steel & Metal,61450.27,10,Critical,Direct Inquiry,1,0.4741326250941697,47.41326250941697,Medium
15053,Automotive,Hyderabad,Large,Auto Parts,15974.06,14,Critical,Marketplace Search,1,0.4738222257866191,47.38222257866191,Medium
7037,Food & Beverage,Chennai,Medium,Textile Machinery,5286.78,3,Critical,Referral,1,0.47359751673739275,47.359751673739275,Medium
13613,Pharmaceuticals,Chennai,Enterprise,Steel & Metal,64760.97,15,Medium,Organic Search,1,0.4733784803192393,47.337848031923926,Medium
234,Electronics,Chennai,Enterprise,Auto Parts,8527.13,5,Critical,Marketplace Search,1,0.4733554838056755,47.33554838056755,Medium
10206,Wholesale,Hyderabad,Medium,Steel & Metal,5000.0,3,Medium,Email Campaign,1,0.47328163055474515,47.32816305547451,Medium
13964,Textiles,Hyderabad,Large,Construction Materials,8378.65,7,Medium,Referral,1,0.47320381590598365,47.320381590598366,Medium
18895,Wholesale,Indore,Small,Auto Parts,161568.76,112,Low,Direct Inquiry,1,0.47312799093576496,47.312799093576494,Medium
4501,Wholesale,Hyderabad,Enterprise,Auto Parts,7185.28,2,Medium,Organic Search,1,0.47310486804694174,47.31048680469417,Medium
9572,Wholesale,Delhi NCR,Small,Steel & Metal,19850.64,3,Medium,Referral,1,0.47307877098789897,47.307877098789895,Medium
9748,Textiles,Pune,Enterprise,Packaging,6051.14,11,High,Marketplace Search,1,0.4729690453168911,47.29690453168911,Medium
7445,Pharmaceuticals,Pune,Large,Steel & Metal,93073.21,65,High,Marketplace Search,1,0.47203370551052254,47.20337055105225,Medium
5234,Food & Beverage,Ahmedabad,Small,Construction Materials,27022.35,13,Medium,Direct Inquiry,1,0.4720068424150249,47.200684241502486,Medium
12405,Food & Beverage,Ahmedabad,Enterprise,Auto Parts,18392.33,15,High,Marketplace Search,1,0.4719930539277748,47.19930539277748,Medium
8076,Manufacturing,Delhi NCR,Medium,Industrial Equipment,76379.85,24,Medium,Marketplace Search,1,0.47150009644637064,47.150009644637066,Medium
16549,Wholesale,Ahmedabad,Large,Auto Parts,77771.76,23,High,Organic Search,1,0.4714696882723795,47.14696882723795,Medium
17503,Automotive,Kolkata,Small,Textile Machinery,10628.55,8,Critical,Paid Search,1,0.4712608663975658,47.12608663975658,Medium
4574,Textiles,Ahmedabad,Medium,Food Ingredients,18080.0,24,Medium,Marketplace Search,1,0.47115700018932494,47.11570001893249,Medium
8462,Pharmaceuticals,Delhi NCR,Large,Office Supplies,63576.91,40,Low,Direct Inquiry,1,0.47094419321394193,47.09441932139419,Medium
819,Construction,Pune,Large,Construction Materials,5000.0,6,High,Direct Inquiry,1,0.47079222874844273,47.07922287484428,Medium
18417,Pharmaceuticals,Ahmedabad,Enterprise,Office Supplies,34939.5,19,Low,Organic Search,1,0.470627135921371,47.0627135921371,Medium
4720,Wholesale,Kolkata,Small,Electrical Components,13817.86,5,Critical,Referral,1,0.4706063710258158,47.06063710258158,Medium
18156,Food & Beverage,Bengaluru,Large,Electrical Components,32955.36,77,Medium,Marketplace Search,1,0.4705901204047946,47.05901204047946,Medium
8068,Manufacturing,Hyderabad,Small,Electrical Components,7346.11,8,High,Organic Search,1,0.4704959479612503,47.049594796125035,Medium
7965,Textiles,Chennai,Micro,Auto Parts,56683.12,61,Low,Organic Search,1,0.47039449280354506,47.0394492803545,Medium
6062,Manufacturing,Mumbai,Enterprise,Auto Parts,7249.82,3,High,Referral,1,0.47037521200659815,47.03752120065982,Medium
15708,Retail,Hyderabad,Large,Electrical Components,8289.07,6,Medium,Direct Inquiry,1,0.4703377219552726,47.03377219552726,Medium
7463,Electronics,Bengaluru,Large,Auto Parts,108298.3,52,Medium,Referral,1,0.47012288934689556,47.01228893468956,Medium
8453,Chemicals,Pune,Enterprise,Packaging,10870.02,9,High,Direct Inquiry,1,0.47006568008036625,47.00656800803662,Medium
3714,Textiles,Ahmedabad,Medium,Industrial Equipment,32331.64,21,High,Organic Search,1,0.46987365324701474,46.98736532470147,Medium
4462,Retail,Bengaluru,Large,Electrical Components,11362.62,4,Low,Organic Search,1,0.46970509315640724,46.970509315640726,Medium
17436,Wholesale,Chennai,Small,Packaging,5655.3,10,High,Direct Inquiry,1,0.469700720884395,46.9700720884395,Medium
13344,Manufacturing,Ahmedabad,Enterprise,Construction Materials,18139.77,7,Medium,Direct Inquiry,1,0.4693686708594449,46.93686708594449,Medium
11938,Retail,Pune,Enterprise,Steel & Metal,12280.07,8,Medium,Paid Search,1,0.4693084483961796,46.93084483961796,Medium
11501,Wholesale,Delhi NCR,Medium,Industrial Equipment,15554.34,23,Critical,Referral,1,0.4692995518555201,46.92995518555201,Medium
1353,Retail,Jaipur,Medium,Packaging,5229.72,4,High,Email Campaign,1,0.46904553145370814,46.90455314537081,Medium
13115,Textiles,Kolkata,Large,Steel & Metal,5000.0,2,Critical,Marketplace Search,1,0.4689507539496881,46.89507539496881,Medium
12742,Construction,Pune,Medium,Auto Parts,5076.17,17,High,Referral,1,0.4688272025272599,46.88272025272599,Medium
13150,Food & Beverage,Chennai,Large,Construction Materials,5000.0,2,High,Organic Search,1,0.4685910176416118,46.85910176416118,Medium
12266,Wholesale,Ahmedabad,Large,Construction Materials,8870.59,4,High,Direct Inquiry,1,0.46850144208839134,46.85014420883913,Medium
1368,Construction,Ahmedabad,Medium,Chemicals,20205.33,21,High,Paid Search,1,0.4684911859853502,46.84911859853502,Medium
12125,Textiles,Hyderabad,Medium,Steel & Metal,43747.02,9,High,Organic Search,1,0.4683608299990109,46.83608299990109,Medium
5824,Retail,Pune,Small,Steel & Metal,17724.23,10,High,Direct Inquiry,1,0.4681001831174347,46.81001831174347,Medium
18484,Textiles,Mumbai,Enterprise,Construction Materials,5045.63,5,Medium,Referral,1,0.4680966216410288,46.809662164102875,Medium
18048,Pharmaceuticals,Pune,Medium,Construction Materials,43614.3,49,Critical,Referral,1,0.46809493692397397,46.809493692397396,Medium
1007,Retail,Jaipur,Large,Food Ingredients,7911.14,10,Medium,Referral,1,0.4680149273470354,46.801492734703544,Medium
207,Pharmaceuticals,Jaipur,Medium,Office Supplies,10036.19,20,Medium,Referral,1,0.4679673829162823,46.79673829162823,Medium
14381,Wholesale,Mumbai,Enterprise,Packaging,17317.09,8,Medium,Organic Search,1,0.46791323350470526,46.79132335047053,Medium
5121,Retail,Kolkata,Large,Electrical Components,27664.56,9,Medium,Paid Search,1,0.4678620780764995,46.78620780764995,Medium
17595,Retail,Pune,Medium,Auto Parts,5000.0,5,Critical,Organic Search,1,0.4677823210230848,46.77823210230848,Medium
6369,Food & Beverage,Ahmedabad,Medium,Office Supplies,10829.13,8,Critical,Marketplace Search,1,0.46776316663974127,46.77631666397413,Medium
17891,Wholesale,Mumbai,Medium,Electrical Components,68726.59,32,High,Marketplace Search,1,0.4677227800766064,46.77227800766064,Medium
10450,Wholesale,Bengaluru,Small,Packaging,22138.13,22,Medium,Direct Inquiry,1,0.46768775596012924,46.76877559601292,Medium
10917,Automotive,Hyderabad,Enterprise,Auto Parts,17784.3,12,High,Marketplace Search,1,0.4676400063076486,46.76400063076486,Medium
19431,Electronics,Chennai,Small,Office Supplies,9375.35,39,Critical,Marketplace Search,1,0.46763849645662825,46.76384964566282,Medium
14730,Food & Beverage,Mumbai,Small,Industrial Equipment,43549.57,49,High,Referral,1,0.4675103307587493,46.75103307587493,Medium
15681,Wholesale,Kolkata,Medium,Chemicals,83402.3,27,Medium,Marketplace Search,1,0.46749352626321083,46.749352626321084,Medium
5528,Chemicals,Chennai,Large,Chemicals,44902.73,72,Medium,Direct Inquiry,1,0.4674052523844683,46.74052523844683,Medium
1351,Textiles,Ahmedabad,Medium,Chemicals,15739.47,9,High,Organic Search,1,0.4673836448825328,46.73836448825328,Medium
2123,Construction,Chennai,Enterprise,Construction Materials,5931.39,8,Low,Referral,1,0.46736856458586956,46.736856458586956,Medium
9580,Food & Beverage,Hyderabad,Medium,Construction Materials,93177.89,35,Medium,Direct Inquiry,1,0.46728457528908124,46.72845752890812,Medium
10511,Food & Beverage,Mumbai,Small,Steel & Metal,43921.0,19,High,Referral,1,0.46713207962133874,46.71320796213387,Medium
4334,Textiles,Delhi NCR,Small,Food Ingredients,19329.89,16,High,Organic Search,1,0.4670817279439903,46.708172794399026,Medium
10540,Electronics,Ahmedabad,Medium,Industrial Equipment,28429.7,17,High,Direct Inquiry,1,0.4670062414773033,46.70062414773033,Medium
19135,Textiles,Jaipur,Medium,Steel & Metal,84096.23,13,High,Direct Inquiry,1,0.4669482103007533,46.69482103007533,Medium
7849,Food & Beverage,Pune,Medium,Packaging,5000.0,5,High,Organic Search,1,0.4668911650434688,46.68911650434688,Medium
11067,Wholesale,Kolkata,Micro,Chemicals,51106.6,17,High,Referral,1,0.46669179960595375,46.66917996059537,Medium
9728,Automotive,Hyderabad,Enterprise,Chemicals,80061.83,26,Low,Referral,1,0.4665879327210472,46.658793272104724,Medium
9808,Wholesale,Delhi NCR,Large,Construction Materials,78928.41,52,Medium,Direct Inquiry,1,0.46658318798570947,46.658318798570946,Medium
15777,Chemicals,Mumbai,Large,Textile Machinery,104786.7,10,Critical,Organic Search,1,0.4665089395714628,46.65089395714628,Medium
4256,Manufacturing,Chennai,Small,Office Supplies,6391.73,9,Critical,Direct Inquiry,1,0.4662710384859607,46.62710384859607,Medium
2047,Automotive,Kolkata,Micro,Chemicals,18116.96,16,Medium,Referral,1,0.466103665491942,46.6103665491942,Medium
6207,Retail,Kolkata,Small,Food Ingredients,8004.49,16,Low,Marketplace Search,1,0.46603216347717763,46.60321634771776,Medium
9698,Manufacturing,Pune,Enterprise,Office Supplies,5000.0,2,Medium,Marketplace Search,1,0.4659155758785057,46.591557587850566,Medium
5965,Construction,Kolkata,Medium,Textile Machinery,109137.66,21,Critical,Direct Inquiry,1,0.4658672859323925,46.58672859323925,Medium
15712,Wholesale,Hyderabad,Large,Food Ingredients,7644.59,8,High,Organic Search,1,0.46583866770837423,46.583866770837425,Medium
15331,Pharmaceuticals,Jaipur,Medium,Textile Machinery,29636.4,21,Low,Organic Search,1,0.46567298197759244,46.56729819775924,Medium
1222,Electronics,Chennai,Medium,Industrial Equipment,179168.47,48,Critical,Organic Search,1,0.46560680910130364,46.560680910130365,Medium
6299,Chemicals,Chennai,Medium,Chemicals,62028.49,55,Low,Marketplace Search,1,0.46559981749692086,46.559981749692085,Medium
8653,Manufacturing,Mumbai,Enterprise,Office Supplies,22069.24,37,Medium,Marketplace Search,1,0.46559794873284,46.559794873284,Medium
5223,Manufacturing,Delhi NCR,Small,Industrial Equipment,79356.7,15,High,Referral,1,0.4655132564907936,46.55132564907936,Medium
14032,Construction,Jaipur,Enterprise,Chemicals,22773.83,10,Medium,Organic Search,1,0.46534835734514485,46.53483573451449,Medium
13326,Electronics,Hyderabad,Large,Construction Materials,42307.55,15,High,Marketplace Search,1,0.4653253187151813,46.53253187151813,Medium
8424,Retail,Kolkata,Small,Chemicals,9970.41,27,Critical,Direct Inquiry,1,0.4653045715221754,46.530457152217544,Medium
4240,Food & Beverage,Mumbai,Enterprise,Textile Machinery,5000.0,2,Low,Marketplace Search,1,0.4653000851197176,46.53000851197176,Medium
15666,Pharmaceuticals,Delhi NCR,Large,Textile Machinery,182836.46,52,Medium,Direct Inquiry,1,0.4652484297154472,46.52484297154472,Medium
9604,Construction,Pune,Small,Office Supplies,5000.0,8,Critical,Referral,1,0.46505418361172246,46.50541836117225,Medium
5287,Automotive,Jaipur,Enterprise,Electrical Components,32683.07,15,Medium,Referral,1,0.4650380381665264,46.50380381665264,Medium
11755,Pharmaceuticals,Mumbai,Enterprise,Textile Machinery,5000.0,7,High,Direct Inquiry,1,0.4649109694428644,46.49109694428644,Medium
14415,Automotive,Chennai,Medium,Office Supplies,14102.22,16,High,Referral,1,0.46487334572466477,46.48733457246648,Medium
1977,Chemicals,Hyderabad,Enterprise,Food Ingredients,5000.0,8,Medium,Marketplace Search,1,0.4647719411625446,46.47719411625446,Medium
1680,Food & Beverage,Delhi NCR,Enterprise,Textile Machinery,5000.0,4,Medium,Email Campaign,1,0.4644676974471304,46.44676974471304,Medium
15150,Manufacturing,Delhi NCR,Small,Electrical Components,22436.45,20,High,Direct Inquiry,1,0.4643785210139627,46.437852101396274,Medium
808,Wholesale,Hyderabad,Enterprise,Textile Machinery,69113.41,20,Medium,Direct Inquiry,1,0.4639217319694441,46.392173196944405,Medium
2278,Electronics,Chennai,Large,Construction Materials,59378.76,24,High,Marketplace Search,1,0.46384723028797814,46.384723028797815,Medium
13215,Construction,Ahmedabad,Medium,Chemicals,5000.0,1,High,Referral,1,0.4637257545936641,46.37257545936641,Medium
11099,Wholesale,Ahmedabad,Medium,Construction Materials,195616.52,50,Medium,Marketplace Search,1,0.46368835533394354,46.36883553339435,Medium
7712,Wholesale,Kolkata,Micro,Food Ingredients,10941.82,12,High,Direct Inquiry,1,0.4635412117698312,46.35412117698312,Medium
9394,Food & Beverage,Delhi NCR,Small,Steel & Metal,88246.65,20,Medium,Direct Inquiry,1,0.46336694857405,46.336694857405,Medium
10065,Electronics,Ahmedabad,Small,Chemicals,48132.14,14,Critical,Referral,1,0.46329076847258116,46.329076847258115,Medium
1811,Wholesale,Delhi NCR,Medium,Chemicals,31358.91,8,Medium,Referral,1,0.4630849270606244,46.30849270606244,Medium
1517,Chemicals,Bengaluru,Medium,Packaging,15138.31,14,High,Paid Search,1,0.4629764108943631,46.29764108943631,Medium
18764,Wholesale,Delhi NCR,Medium,Chemicals,75568.49,46,High,Referral,1,0.4629695643087955,46.29695643087955,Medium
16058,Food & Beverage,Chennai,Large,Textile Machinery,12769.86,7,Critical,Direct Inquiry,1,0.4629664358915085,46.29664358915085,Medium
17975,Electronics,Mumbai,Medium,Steel & Metal,12919.62,9,High,Referral,1,0.46287497514443915,46.28749751444391,Medium
7507,Textiles,Chennai,Small,Industrial Equipment,43444.68,24,High,Marketplace Search,1,0.46276583050770914,46.27658305077092,Medium
8975,Manufacturing,Hyderabad,Large,Electrical Components,11523.4,4,High,Referral,1,0.4627572964334599,46.27572964334599,Medium
3962,Pharmaceuticals,Kolkata,Small,Chemicals,14439.81,12,High,Email Campaign,1,0.4626132106665001,46.261321066650005,Medium
18077,Wholesale,Mumbai,Small,Construction Materials,5000.0,3,High,Referral,1,0.46260932668751503,46.2609326687515,Medium
7084,Pharmaceuticals,Ahmedabad,Medium,Electrical Components,25554.62,20,Critical,Email Campaign,1,0.4625005810964709,46.25005810964709,Medium
18284,Food & Beverage,Jaipur,Large,Food Ingredients,36297.65,33,High,Direct Inquiry,1,0.4624145293565588,46.24145293565588,Medium
2140,Electronics,Pune,Medium,Steel & Metal,81568.22,90,Medium,Organic Search,1,0.4623386963199696,46.23386963199696,Medium
949,Retail,Indore,Medium,Industrial Equipment,30797.31,9,High,Organic Search,1,0.46226751214225514,46.226751214225516,Medium
18638,Automotive,Pune,Small,Office Supplies,15936.79,9,Low,Referral,1,0.4622240021415699,46.22240021415699,Medium
18134,Chemicals,Pune,Small,Textile Machinery,27036.28,40,Critical,Organic Search,1,0.46220957511587585,46.220957511587585,Medium
11131,Retail,Hyderabad,Large,Food Ingredients,5159.56,5,Critical,Referral,1,0.4620207159155597,46.20207159155597,Medium
6965,Automotive,Jaipur,Small,Packaging,14630.84,14,High,Organic Search,1,0.4617577583710216,46.175775837102165,Medium
12605,Food & Beverage,Delhi NCR,Large,Industrial Equipment,30614.85,8,Critical,Organic Search,1,0.461511275516272,46.151127551627205,Medium
2671,Wholesale,Indore,Small,Chemicals,42046.06,8,Medium,Organic Search,1,0.4614363059675929,46.14363059675929,Medium
2616,Construction,Bengaluru,Small,Food Ingredients,5000.0,4,High,Marketplace Search,1,0.4612873654292115,46.12873654292115,Medium
14118,Pharmaceuticals,Chennai,Large,Electrical Components,7990.52,5,Medium,Referral,1,0.4608119347548162,46.08119347548162,Medium
10349,Textiles,Delhi NCR,Enterprise,Construction Materials,5000.0,1,Critical,Direct Inquiry,1,0.4607968182608133,46.079681826081334,Medium
4161,Retail,Kolkata,Large,Office Supplies,8229.22,15,High,Marketplace Search,1,0.4605715894220343,46.05715894220343,Medium
6692,Electronics,Chennai,Medium,Chemicals,27357.14,7,High,Organic Search,1,0.4605650107710674,46.05650107710674,Medium
17838,Wholesale,Bengaluru,Small,Industrial Equipment,22060.0,7,High,Organic Search,1,0.4605550950283838,46.05550950283838,Medium
19,Pharmaceuticals,Delhi NCR,Medium,Industrial Equipment,18072.99,15,High,Marketplace Search,1,0.4604992951729325,46.04992951729325,Medium
4132,Wholesale,Chennai,Small,Industrial Equipment,27166.67,7,High,Organic Search,1,0.4601347271101648,46.013472711016476,Medium
4244,Food & Beverage,Delhi NCR,Large,Food Ingredients,17199.76,15,Critical,Referral,1,0.460063790283711,46.0063790283711,Medium
13713,Retail,Bengaluru,Large,Steel & Metal,10638.16,2,Medium,Paid Search,1,0.46006194022490915,46.00619402249092,Medium
4186,Manufacturing,Ahmedabad,Medium,Chemicals,25648.56,41,Low,Organic Search,1,0.4599836567738197,45.99836567738197,Medium
11196,Manufacturing,Ahmedabad,Micro,Steel & Metal,51427.52,51,High,Direct Inquiry,1,0.45989840448152214,45.989840448152215,Medium
13337,Electronics,Mumbai,Micro,Chemicals,121457.48,47,High,Marketplace Search,1,0.45989556875458304,45.989556875458305,Medium
12886,Retail,Jaipur,Large,Textile Machinery,29941.09,19,Medium,Referral,1,0.459736012771093,45.973601277109296,Medium
2053,Textiles,Kolkata,Enterprise,Packaging,14884.6,18,Medium,Direct Inquiry,1,0.4596817238430913,45.96817238430913,Medium
9513,Textiles,Indore,Small,Construction Materials,5000.0,2,Critical,Marketplace Search,1,0.4596237067078556,45.96237067078556,Medium
15980,Manufacturing,Mumbai,Enterprise,Office Supplies,56247.29,37,High,Marketplace Search,1,0.4595200102373903,45.95200102373903,Medium
336,Manufacturing,Hyderabad,Large,Steel & Metal,200481.44,40,High,Direct Inquiry,1,0.4594262529297276,45.942625292972764,Medium
3646,Retail,Delhi NCR,Medium,Industrial Equipment,146436.91,31,Medium,Direct Inquiry,1,0.45925553113765744,45.925553113765744,Medium
9145,Food & Beverage,Jaipur,Small,Steel & Metal,5000.0,2,High,Marketplace Search,1,0.45909009125550265,45.90900912555026,Medium
7905,Construction,Pune,Small,Chemicals,44131.37,26,High,Organic Search,1,0.45908055175208307,45.908055175208304,Medium
11958,Food & Beverage,Ahmedabad,Large,Auto Parts,16563.58,16,Low,Paid Search,1,0.4589177885651442,45.89177885651442,Medium
16459,Retail,Bengaluru,Micro,Auto Parts,19318.91,9,High,Marketplace Search,1,0.4589147047836536,45.891470478365356,Medium
14364,Construction,Hyderabad,Large,Packaging,41026.31,49,High,Direct Inquiry,1,0.45887484057905015,45.88748405790501,Medium
3588,Food & Beverage,Bengaluru,Large,Textile Machinery,6064.4,6,Critical,Marketplace Search,1,0.4587555112652034,45.87555112652034,Medium
13764,Pharmaceuticals,Pune,Enterprise,Electrical Components,43468.07,18,Medium,Marketplace Search,1,0.45872064438454346,45.872064438454345,Medium
4167,Wholesale,Pune,Small,Industrial Equipment,20388.54,29,Medium,Referral,1,0.4586230552552727,45.86230552552727,Medium
7493,Manufacturing,Pune,Medium,Construction Materials,40502.14,25,Critical,Paid Search,1,0.45861740675106705,45.8617406751067,Medium
11413,Automotive,Delhi NCR,Medium,Packaging,16523.36,13,High,Marketplace Search,1,0.45852399272145894,45.852399272145895,Medium
1731,Manufacturing,Bengaluru,Large,Textile Machinery,101129.72,35,Medium,Organic Search,1,0.45850218402077714,45.850218402077715,Medium
4279,Food & Beverage,Pune,Medium,Steel & Metal,35913.13,16,Critical,Marketplace Search,1,0.4584560836088085,45.84560836088085,Medium
12744,Textiles,Hyderabad,Enterprise,Food Ingredients,27362.7,17,Low,Referral,1,0.4582467834053709,45.82467834053709,Medium
11386,Manufacturing,Delhi NCR,Enterprise,Electrical Components,5000.0,1,Critical,Marketplace Search,1,0.4581633925854784,45.81633925854784,Medium
15818,Manufacturing,Kolkata,Small,Electrical Components,5000.0,6,High,Marketplace Search,1,0.458155192055782,45.8155192055782,Medium
7627,Electronics,Pune,Enterprise,Food Ingredients,11335.33,8,Medium,Paid Search,1,0.45813300528868717,45.813300528868716,Medium
13959,Manufacturing,Ahmedabad,Small,Packaging,9558.49,21,High,Marketplace Search,1,0.4581119501638492,45.81119501638492,Medium
10407,Pharmaceuticals,Ahmedabad,Large,Office Supplies,8994.59,7,High,Referral,1,0.4579839609928561,45.79839609928561,Medium
13938,Pharmaceuticals,Hyderabad,Enterprise,Construction Materials,14122.84,10,High,Marketplace Search,1,0.4579301462959572,45.79301462959572,Medium
2146,Manufacturing,Pune,Large,Construction Materials,26095.29,12,High,Organic Search,1,0.4578714245903856,45.78714245903856,Medium
8918,Electronics,Indore,Medium,Steel & Metal,97207.35,20,Medium,Marketplace Search,1,0.4577473451738377,45.77473451738377,Medium
4590,Construction,Delhi NCR,Medium,Steel & Metal,26652.17,6,Critical,Marketplace Search,1,0.4575790177299649,45.75790177299649,Medium
1846,Retail,Hyderabad,Medium,Construction Materials,5844.31,4,Medium,Referral,1,0.4575488880997439,45.75488880997439,Medium
7910,Chemicals,Kolkata,Enterprise,Packaging,11074.62,9,Medium,Organic Search,1,0.4574120878058425,45.74120878058425,Medium
681,Construction,Pune,Small,Food Ingredients,71932.75,41,Medium,Email Campaign,1,0.45740885417950417,45.740885417950416,Medium
18822,Textiles,Ahmedabad,Large,Textile Machinery,33256.39,12,Critical,Paid Search,1,0.45719357486103396,45.7193574861034,Medium
13643,Manufacturing,Ahmedabad,Large,Packaging,14129.27,14,High,Organic Search,1,0.4570621752066649,45.70621752066649,Medium
15744,Manufacturing,Hyderabad,Medium,Textile Machinery,8987.78,7,High,Referral,1,0.456768241837456,45.6768241837456,Medium
2478,Retail,Kolkata,Micro,Chemicals,39274.25,66,Low,Organic Search,1,0.4567199238940934,45.67199238940934,Medium
8599,Wholesale,Kolkata,Medium,Industrial Equipment,63915.27,27,Medium,Email Campaign,1,0.4566280816007808,45.66280816007808,Medium
8522,Chemicals,Chennai,Medium,Food Ingredients,149674.39,159,Medium,Email Campaign,0,0.456461966604997,45.6461966604997,Medium
1519,Construction,Delhi NCR,Medium,Chemicals,87866.37,22,High,Direct Inquiry,1,0.4563892330066276,45.63892330066276,Medium
10002,Construction,Hyderabad,Micro,Steel & Metal,27836.58,22,High,Referral,1,0.4563168865820778,45.63168865820778,Medium
10487,Manufacturing,Pune,Large,Packaging,7647.79,5,Medium,Referral,1,0.4562764130879719,45.62764130879719,Medium
6944,Retail,Ahmedabad,Medium,Chemicals,14916.54,11,Critical,Direct Inquiry,1,0.4562286241250823,45.62286241250823,Medium
18184,Pharmaceuticals,Mumbai,Large,Steel & Metal,5149.33,5,Critical,Marketplace Search,1,0.4560063412271178,45.60063412271178,Medium
8945,Pharmaceuticals,Chennai,Medium,Industrial Equipment,84315.16,39,Medium,Organic Search,1,0.45578020186233714,45.578020186233715,Medium
4230,Chemicals,Pune,Medium,Steel & Metal,114041.09,61,Low,Marketplace Search,1,0.4556916216330854,45.56916216330854,Medium
4030,Wholesale,Pune,Small,Industrial Equipment,6170.63,9,High,Organic Search,1,0.4556051572241746,45.56051572241746,Medium
11254,Wholesale,Mumbai,Enterprise,Industrial Equipment,46444.56,19,Medium,Direct Inquiry,1,0.4555991542626466,45.55991542626466,Medium
18455,Electronics,Pune,Small,Office Supplies,9310.13,20,Medium,Referral,1,0.45530991806584503,45.5309918065845,Medium
9935,Retail,Jaipur,Small,Textile Machinery,38987.18,11,High,Email Campaign,1,0.4553000926574158,45.530009265741576,Medium
5781,Chemicals,Hyderabad,Medium,Chemicals,14184.8,8,High,Marketplace Search,1,0.4551173477250877,45.511734772508774,Medium
15146,Chemicals,Jaipur,Medium,Steel & Metal,32266.07,38,Low,Organic Search,1,0.45505987591417074,45.505987591417075,Medium
275,Retail,Delhi NCR,Medium,Textile Machinery,5188.32,4,Critical,Direct Inquiry,1,0.4550310214300936,45.50310214300936,Medium
7955,Pharmaceuticals,Mumbai,Medium,Construction Materials,5000.0,4,High,Organic Search,1,0.45502699200290536,45.502699200290536,Medium
17899,Wholesale,Kolkata,Small,Steel & Metal,12385.78,9,Low,Referral,1,0.4550266008306648,45.50266008306648,Medium
18197,Manufacturing,Jaipur,Medium,Chemicals,52116.61,27,Medium,Direct Inquiry,1,0.45499458733198545,45.499458733198544,Medium
13813,Pharmaceuticals,Kolkata,Medium,Office Supplies,5000.0,3,Critical,Referral,1,0.45476328262693216,45.476328262693215,Medium
13057,Automotive,Ahmedabad,Small,Chemicals,15276.17,9,Medium,Direct Inquiry,1,0.454627801509462,45.4627801509462,Medium
3364,Retail,Bengaluru,Small,Construction Materials,55605.16,16,High,Referral,1,0.4544226275976137,45.44226275976137,Medium
5222,Manufacturing,Mumbai,Enterprise,Electrical Components,6464.46,4,Low,Direct Inquiry,1,0.45433371408928136,45.43337140892814,Medium
2205,Automotive,Mumbai,Small,Industrial Equipment,104191.04,69,Critical,Paid Search,1,0.4543002470222736,45.430024702227364,Medium
7681,Pharmaceuticals,Kolkata,Large,Steel & Metal,55530.29,10,Medium,Referral,1,0.45417556925187075,45.41755692518707,Medium
19996,Automotive,Chennai,Medium,Electrical Components,10117.65,15,Medium,Organic Search,1,0.4539561709593239,45.39561709593239,Medium
13576,Wholesale,Hyderabad,Medium,Steel & Metal,27970.4,13,High,Marketplace Search,1,0.453862551682055,45.3862551682055,Medium
15551,Retail,Indore,Large,Textile Machinery,51971.15,20,High,Email Campaign,1,0.4538471788046277,45.38471788046277,Medium
16422,Automotive,Ahmedabad,Small,Food Ingredients,5000.0,7,Low,Organic Search,1,0.4537885694223332,45.37885694223332,Medium
6547,Automotive,Kolkata,Medium,Auto Parts,13230.17,8,High,Marketplace Search,1,0.45378221041387257,45.378221041387256,Medium
14616,Retail,Jaipur,Small,Food Ingredients,5000.0,7,Medium,Referral,1,0.4537689630239053,45.37689630239053,Medium
17992,Pharmaceuticals,Delhi NCR,Micro,Construction Materials,5000.0,6,Critical,Referral,1,0.453585981962714,45.3585981962714,Medium
6676,Wholesale,Chennai,Small,Packaging,9522.6,16,Medium,Paid Search,1,0.4535593307838979,45.35593307838979,Medium
13018,Retail,Indore,Large,Chemicals,5390.4,6,Medium,Paid Search,1,0.453486546943956,45.3486546943956,Medium
9020,Retail,Chennai,Large,Office Supplies,5000.0,3,High,Referral,1,0.45328873220538785,45.32887322053878,Medium
10777,Wholesale,Ahmedabad,Large,Electrical Components,134528.75,43,Low,Referral,1,0.45312090628935364,45.312090628935366,Medium
5968,Pharmaceuticals,Bengaluru,Small,Steel & Metal,5000.0,3,High,Organic Search,1,0.45311656207157114,45.311656207157114,Medium
3815,Retail,Chennai,Medium,Chemicals,30795.97,17,High,Referral,1,0.45287009831438313,45.28700983143831,Medium
4406,Electronics,Chennai,Large,Office Supplies,25340.43,36,Medium,Direct Inquiry,1,0.4528678053865141,45.28678053865141,Medium
19668,Food & Beverage,Bengaluru,Large,Textile Machinery,19145.3,3,High,Direct Inquiry,1,0.4527681692725546,45.27681692725546,Medium
9898,Pharmaceuticals,Kolkata,Small,Food Ingredients,8161.6,10,High,Direct Inquiry,1,0.4526363819025927,45.26363819025927,Medium
474,Construction,Pune,Large,Auto Parts,33099.7,14,Low,Referral,1,0.45226179889178053,45.226179889178056,Medium
19059,Retail,Ahmedabad,Small,Food Ingredients,11204.65,15,Low,Referral,1,0.4522294265647396,45.22294265647396,Medium
17972,Construction,Jaipur,Small,Auto Parts,5000.0,4,Critical,Direct Inquiry,1,0.45221658780681057,45.221658780681054,Medium
7500,Wholesale,Jaipur,Small,Packaging,11939.63,11,Low,Organic Search,1,0.4521790158559218,45.21790158559218,Medium
5647,Manufacturing,Jaipur,Small,Construction Materials,14350.18,8,High,Organic Search,1,0.45213671231304026,45.213671231304026,Medium
6805,Food & Beverage,Delhi NCR,Micro,Industrial Equipment,5000.0,3,Medium,Referral,1,0.45210876305069136,45.210876305069135,Medium
1768,Manufacturing,Delhi NCR,Medium,Electrical Components,47507.6,17,High,Direct Inquiry,1,0.45206554461816356,45.20655446181635,Medium
8442,Retail,Kolkata,Medium,Textile Machinery,43427.82,8,Medium,Direct Inquiry,1,0.45200128518913163,45.20012851891316,Medium
13605,Pharmaceuticals,Delhi NCR,Micro,Textile Machinery,5000.0,2,High,Referral,1,0.4519558444748996,45.19558444748996,Medium
1051,Manufacturing,Kolkata,Medium,Industrial Equipment,5000.0,3,Critical,Email Campaign,1,0.4519468017903214,45.19468017903214,Medium
11564,Manufacturing,Kolkata,Medium,Textile Machinery,12433.71,12,High,Email Campaign,1,0.45180307908124717,45.18030790812472,Medium
421,Manufacturing,Jaipur,Large,Packaging,19157.99,17,Medium,Direct Inquiry,1,0.4515542702433044,45.15542702433044,Medium
5729,Retail,Pune,Medium,Steel & Metal,9450.31,8,High,Paid Search,1,0.45154481964285786,45.154481964285786,Medium
3538,Manufacturing,Indore,Enterprise,Office Supplies,100334.35,45,Medium,Organic Search,1,0.4515199731338034,45.151997313380335,Medium
9299,Manufacturing,Jaipur,Small,Food Ingredients,9925.92,11,Critical,Marketplace Search,1,0.45143161270194515,45.14316127019452,Medium
16351,Wholesale,Delhi NCR,Enterprise,Packaging,11561.72,16,High,Marketplace Search,1,0.4513708846724907,45.13708846724907,Medium
925,Construction,Kolkata,Small,Steel & Metal,24303.79,16,High,Referral,1,0.4512984643606924,45.129846436069236,Medium
14069,Food & Beverage,Chennai,Medium,Chemicals,16368.86,15,High,Referral,1,0.45121084639516673,45.121084639516674,Medium
5013,Food & Beverage,Chennai,Medium,Chemicals,21248.43,11,High,Referral,1,0.4511797177617855,45.11797177617855,Medium
15529,Retail,Kolkata,Large,Food Ingredients,8749.64,12,High,Direct Inquiry,1,0.4511603025580769,45.116030255807686,Medium
13505,Pharmaceuticals,Hyderabad,Large,Chemicals,15974.66,9,Medium,Organic Search,1,0.45110059683716364,45.110059683716365,Medium
14691,Manufacturing,Indore,Medium,Chemicals,34353.01,23,High,Marketplace Search,1,0.4506293487290186,45.06293487290186,Medium
8619,Food & Beverage,Hyderabad,Medium,Packaging,5494.64,5,Medium,Organic Search,1,0.45041391477610304,45.041391477610304,Medium
11929,Textiles,Kolkata,Small,Industrial Equipment,77228.45,20,Critical,Organic Search,1,0.4501232938333367,45.01232938333367,Medium
13889,Manufacturing,Kolkata,Medium,Electrical Components,27885.9,13,Low,Referral,1,0.450068961105148,45.0068961105148,Medium
6435,Retail,Indore,Micro,Packaging,17604.39,20,High,Organic Search,1,0.44993279984712825,44.99327998471283,Medium
12008,Food & Beverage,Delhi NCR,Micro,Industrial Equipment,12816.07,4,High,Paid Search,1,0.4499220600758752,44.99220600758752,Medium
1602,Pharmaceuticals,Ahmedabad,Large,Food Ingredients,11596.22,4,Medium,Direct Inquiry,1,0.44985339384399514,44.985339384399516,Medium
14953,Retail,Mumbai,Small,Construction Materials,22172.34,18,High,Organic Search,1,0.44973763940113065,44.973763940113066,Medium
17125,Chemicals,Ahmedabad,Medium,Auto Parts,16659.92,5,Low,Email Campaign,1,0.44972595800886606,44.97259580088661,Medium
629,Textiles,Jaipur,Medium,Chemicals,94185.27,132,Medium,Referral,0,0.4495347589001158,44.95347589001158,Medium
4445,Wholesale,Delhi NCR,Medium,Chemicals,11558.09,6,High,Email Campaign,1,0.4494347837110074,44.943478371100746,Medium
12435,Wholesale,Indore,Small,Food Ingredients,59053.47,26,Medium,Direct Inquiry,1,0.4492962055270403,44.92962055270403,Medium
17760,Pharmaceuticals,Ahmedabad,Small,Textile Machinery,160868.91,52,Critical,Direct Inquiry,0,0.4491956089198186,44.91956089198186,Medium
16266,Pharmaceuticals,Jaipur,Small,Auto Parts,5000.0,3,Medium,Referral,1,0.44918901866941396,44.9189018669414,Medium
2416,Construction,Chennai,Small,Textile Machinery,20374.95,7,High,Direct Inquiry,1,0.44917201837773924,44.91720183777392,Medium
10490,Construction,Jaipur,Micro,Chemicals,21858.24,45,High,Marketplace Search,1,0.44917198752330695,44.9171987523307,Medium
12962,Textiles,Pune,Small,Construction Materials,16760.54,19,High,Referral,1,0.44879756673625243,44.879756673625245,Medium
2131,Food & Beverage,Kolkata,Small,Packaging,6686.4,11,High,Organic Search,1,0.44865023617990224,44.865023617990225,Medium
6392,Retail,Kolkata,Medium,Industrial Equipment,5000.0,2,Low,Referral,1,0.448561819169407,44.8561819169407,Medium
17202,Pharmaceuticals,Ahmedabad,Medium,Auto Parts,65718.72,23,Medium,Organic Search,1,0.4483310083101625,44.833100831016246,Medium
3936,Retail,Mumbai,Medium,Food Ingredients,35546.35,33,High,Email Campaign,1,0.4482653810599564,44.82653810599564,Medium
2815,Automotive,Jaipur,Medium,Chemicals,5000.0,2,High,Direct Inquiry,1,0.4481869292821096,44.818692928210965,Medium
16992,Pharmaceuticals,Bengaluru,Small,Construction Materials,21464.05,30,High,Organic Search,1,0.44818230408136817,44.81823040813681,Medium
6086,Wholesale,Ahmedabad,Small,Office Supplies,5000.0,6,High,Paid Search,1,0.4481683806346476,44.81683806346476,Medium
4464,Construction,Delhi NCR,Medium,Chemicals,40674.92,26,Medium,Direct Inquiry,1,0.4481038634589455,44.81038634589455,Medium
9478,Retail,Kolkata,Medium,Textile Machinery,63877.73,37,High,Marketplace Search,1,0.4478168443293229,44.78168443293229,Medium
6266,Manufacturing,Chennai,Large,Food Ingredients,5000.0,1,High,Paid Search,1,0.4476969372927306,44.76969372927306,Medium
19557,Electronics,Chennai,Small,Office Supplies,18133.23,30,Critical,Referral,1,0.4475895995388749,44.75895995388749,Medium
18872,Food & Beverage,Indore,Large,Industrial Equipment,25666.18,13,High,Paid Search,1,0.4474725949205112,44.74725949205112,Medium
7925,Construction,Ahmedabad,Small,Food Ingredients,7140.86,10,High,Marketplace Search,1,0.44735072117748964,44.73507211774896,Medium
19220,Construction,Kolkata,Enterprise,Food Ingredients,21725.42,10,High,Email Campaign,1,0.44733352035813534,44.73335203581353,Medium
8222,Retail,Indore,Medium,Electrical Components,25623.26,16,High,Referral,1,0.4469892577667558,44.69892577667558,Medium
198,Construction,Delhi NCR,Medium,Food Ingredients,13875.69,23,Medium,Direct Inquiry,1,0.44689608143675297,44.689608143675294,Medium
11280,Manufacturing,Ahmedabad,Enterprise,Chemicals,25408.58,19,High,Marketplace Search,1,0.44677237345710286,44.67723734571029,Medium
6878,Pharmaceuticals,Kolkata,Small,Industrial Equipment,236570.55,62,Medium,Organic Search,0,0.44674366723166925,44.674366723166926,Medium
11086,Food & Beverage,Kolkata,Micro,Textile Machinery,55704.44,27,High,Direct Inquiry,1,0.44673596584755954,44.673596584755956,Medium
12166,Wholesale,Jaipur,Small,Industrial Equipment,141001.04,72,Low,Marketplace Search,1,0.4466770940395873,44.667709403958725,Medium
6599,Retail,Jaipur,Enterprise,Packaging,22457.15,5,Medium,Marketplace Search,1,0.4466590651733463,44.66590651733463,Medium
18927,Automotive,Mumbai,Medium,Construction Materials,5000.0,5,High,Direct Inquiry,1,0.4465632287139378,44.656322871393776,Medium
18233,Food & Beverage,Ahmedabad,Enterprise,Construction Materials,7895.57,3,Medium,Organic Search,1,0.44654039572793613,44.654039572793614,Medium
16795,Automotive,Jaipur,Medium,Auto Parts,89509.81,53,Medium,Email Campaign,1,0.4465042597939665,44.65042597939665,Medium
13842,Food & Beverage,Hyderabad,Medium,Office Supplies,5000.0,5,Medium,Organic Search,1,0.4463473408894674,44.63473408894674,Medium
10210,Manufacturing,Chennai,Small,Construction Materials,23954.71,8,Medium,Referral,1,0.4463370281766922,44.63370281766922,Medium
4960,Manufacturing,Jaipur,Small,Electrical Components,18820.59,9,Critical,Marketplace Search,1,0.4462979956004475,44.629799560044745,Medium
5892,Wholesale,Pune,Medium,Chemicals,72721.18,47,Low,Direct Inquiry,1,0.44620281412142554,44.62028141214255,Medium
1923,Retail,Bengaluru,Small,Textile Machinery,19266.7,26,Critical,Referral,1,0.4461837034585783,44.61837034585783,Medium
1721,Construction,Pune,Small,Packaging,5000.0,18,Medium,Organic Search,1,0.4460038573623908,44.600385736239076,Medium
9626,Construction,Ahmedabad,Small,Packaging,47313.26,58,Critical,Paid Search,1,0.44600053021226643,44.60005302122664,Medium
4241,Textiles,Hyderabad,Medium,Industrial Equipment,12724.57,7,Critical,Marketplace Search,1,0.4458889780768225,44.58889780768225,Medium
17836,Manufacturing,Chennai,Small,Textile Machinery,30222.92,11,Medium,Referral,1,0.4458452557476779,44.58452557476779,Medium
16892,Retail,Pune,Large,Packaging,11575.17,9,Medium,Direct Inquiry,1,0.4458024185054824,44.58024185054824,Medium
17074,Wholesale,Pune,Small,Office Supplies,5000.0,4,Critical,Direct Inquiry,1,0.44576674544941813,44.57667454494182,Medium
3114,Wholesale,Mumbai,Small,Food Ingredients,13765.12,12,Low,Referral,1,0.44561818118514873,44.56181811851487,Medium
3996,Manufacturing,Kolkata,Medium,Electrical Components,18591.4,18,Medium,Organic Search,1,0.4455987231143261,44.559872311432606,Medium
10291,Food & Beverage,Chennai,Medium,Construction Materials,5000.0,3,Medium,Organic Search,1,0.445358057706846,44.5358057706846,Medium
16257,Manufacturing,Bengaluru,Medium,Chemicals,6497.19,4,Critical,Paid Search,1,0.4451350599306039,44.51350599306039,Medium
15193,Retail,Chennai,Micro,Packaging,6238.92,4,Critical,Organic Search,1,0.4449099334834765,44.49099334834765,Medium
4906,Electronics,Mumbai,Medium,Textile Machinery,23634.39,13,High,Organic Search,1,0.44474825361610665,44.47482536161066,Medium
15422,Automotive,Jaipur,Enterprise,Packaging,18588.38,13,Medium,Marketplace Search,1,0.4445559887162527,44.45559887162527,Medium
18266,Retail,Jaipur,Micro,Industrial Equipment,91818.48,33,Critical,Marketplace Search,1,0.44436355635474145,44.43635563547414,Medium
18853,Food & Beverage,Kolkata,Enterprise,Auto Parts,13051.77,10,Low,Organic Search,1,0.4442900624378591,44.42900624378591,Medium
13404,Manufacturing,Bengaluru,Large,Auto Parts,12866.41,7,Low,Referral,1,0.4441874258600125,44.418742586001244,Medium
9557,Pharmaceuticals,Ahmedabad,Medium,Steel & Metal,63577.66,54,High,Referral,1,0.44418118534847006,44.418118534847004,Medium
8452,Manufacturing,Mumbai,Small,Textile Machinery,47565.71,10,Critical,Organic Search,1,0.4439137935625738,44.39137935625738,Medium
15635,Electronics,Delhi NCR,Enterprise,Packaging,8291.38,9,Low,Referral,1,0.44355686187958826,44.355686187958824,Medium
6141,Manufacturing,Kolkata,Large,Office Supplies,13658.0,18,Low,Referral,1,0.44336353205523055,44.336353205523054,Medium
4280,Manufacturing,Indore,Large,Steel & Metal,27405.98,15,Medium,Direct Inquiry,1,0.4430982998110264,44.30982998110264,Medium
6668,Construction,Pune,Medium,Industrial Equipment,5015.6,5,Critical,Marketplace Search,1,0.4430960743283092,44.30960743283092,Medium
13849,Construction,Mumbai,Medium,Food Ingredients,14956.02,33,High,Referral,1,0.4430859598824594,44.30859598824594,Medium
13624,Manufacturing,Ahmedabad,Micro,Electrical Components,5000.0,3,Critical,Paid Search,1,0.4429417666959653,44.29417666959653,Medium
17485,Manufacturing,Delhi NCR,Micro,Office Supplies,10458.38,17,High,Organic Search,1,0.44293959854153037,44.29395985415304,Medium
13268,Wholesale,Ahmedabad,Medium,Chemicals,14841.97,12,High,Marketplace Search,1,0.4429140623026267,44.29140623026267,Medium
4684,Chemicals,Indore,Large,Construction Materials,23763.19,25,High,Paid Search,1,0.4428057160969782,44.28057160969782,Medium
4613,Wholesale,Delhi NCR,Small,Packaging,22398.36,23,High,Direct Inquiry,1,0.4426775824462196,44.26775824462196,Medium
2379,Pharmaceuticals,Kolkata,Micro,Industrial Equipment,12626.44,6,High,Direct Inquiry,1,0.44255986335793385,44.25598633579339,Medium
12289,Retail,Delhi NCR,Small,Auto Parts,5872.28,5,High,Referral,1,0.44243412209129596,44.243412209129595,Medium
11740,Automotive,Indore,Medium,Office Supplies,5000.0,5,Medium,Referral,1,0.44242149085105326,44.242149085105325,Medium
6590,Construction,Pune,Large,Electrical Components,5000.0,4,Low,Organic Search,1,0.4423102105248658,44.23102105248658,Medium
18631,Food & Beverage,Delhi NCR,Small,Auto Parts,8840.27,20,Critical,Marketplace Search,1,0.44225363451438354,44.225363451438355,Medium
15374,Food & Beverage,Chennai,Medium,Auto Parts,71935.06,17,High,Marketplace Search,1,0.44224566646171964,44.224566646171965,Medium
12773,Manufacturing,Kolkata,Enterprise,Construction Materials,26733.27,9,Medium,Direct Inquiry,1,0.4420976749883461,44.209767498834616,Medium
10621,Wholesale,Jaipur,Medium,Industrial Equipment,32138.03,15,Medium,Organic Search,1,0.44206457278184047,44.20645727818405,Medium
4346,Food & Beverage,Chennai,Medium,Packaging,29298.75,14,Medium,Email Campaign,1,0.4419160193072881,44.19160193072881,Medium
14109,Pharmaceuticals,Pune,Medium,Food Ingredients,6218.06,5,Medium,Email Campaign,1,0.44181740691572857,44.181740691572855,Medium
18035,Manufacturing,Jaipur,Small,Textile Machinery,42351.44,15,Medium,Referral,1,0.4416725521612739,44.16725521612739,Medium
16170,Textiles,Chennai,Large,Electrical Components,5000.0,2,High,Marketplace Search,1,0.44145975285791683,44.145975285791685,Medium
13647,Food & Beverage,Kolkata,Enterprise,Food Ingredients,6087.5,3,Medium,Direct Inquiry,1,0.4413216568029451,44.13216568029451,Medium
3729,Food & Beverage,Ahmedabad,Large,Packaging,5135.68,6,High,Marketplace Search,1,0.4412203177797472,44.12203177797472,Medium
2537,Retail,Jaipur,Medium,Food Ingredients,5000.0,9,Low,Email Campaign,1,0.44121372524223657,44.12137252422366,Medium
7718,Food & Beverage,Ahmedabad,Medium,Food Ingredients,5000.0,3,High,Marketplace Search,1,0.4411647905448203,44.11647905448203,Medium
9060,Textiles,Chennai,Large,Construction Materials,16537.99,5,High,Marketplace Search,1,0.4410735102426713,44.107351024267125,Medium
3348,Food & Beverage,Mumbai,Medium,Chemicals,22477.92,24,Critical,Direct Inquiry,1,0.4410659440929819,44.10659440929819,Medium
10888,Retail,Hyderabad,Enterprise,Packaging,29805.67,41,High,Organic Search,1,0.44093535896142955,44.09353589614295,Medium
4276,Wholesale,Delhi NCR,Medium,Food Ingredients,5000.0,1,Medium,Referral,1,0.44071381552912336,44.071381552912335,Medium
14256,Manufacturing,Delhi NCR,Large,Steel & Metal,6247.97,6,Medium,Referral,1,0.4406357179761319,44.063571797613186,Medium
14659,Construction,Hyderabad,Enterprise,Construction Materials,48742.25,34,Low,Marketplace Search,1,0.4405647806086484,44.05647806086484,Medium
6568,Automotive,Bengaluru,Medium,Office Supplies,25879.45,34,High,Referral,1,0.44040044473007595,44.0400444730076,Medium
6452,Wholesale,Kolkata,Small,Chemicals,5000.0,2,High,Paid Search,1,0.44026472903343405,44.026472903343404,Medium
12492,Wholesale,Ahmedabad,Small,Chemicals,5000.0,2,Low,Direct Inquiry,1,0.4402300573006066,44.02300573006066,Medium
19757,Construction,Hyderabad,Large,Industrial Equipment,35715.27,17,Low,Referral,1,0.440159555731339,44.0159555731339,Medium
16580,Food & Beverage,Ahmedabad,Micro,Packaging,5000.0,6,High,Organic Search,1,0.439893894392515,43.9893894392515,Medium
15521,Pharmaceuticals,Mumbai,Large,Electrical Components,19941.63,11,Medium,Referral,1,0.4396188982474988,43.961889824749875,Medium
9713,Textiles,Kolkata,Large,Chemicals,35167.2,27,Medium,Marketplace Search,1,0.43956519068091876,43.95651906809188,Medium
1673,Manufacturing,Kolkata,Medium,Industrial Equipment,128694.61,26,Critical,Marketplace Search,1,0.4395568896562683,43.955688965626834,Medium
1674,Food & Beverage,Mumbai,Small,Steel & Metal,5000.0,1,Medium,Referral,1,0.43955140553737765,43.95514055373776,Medium
12072,Retail,Jaipur,Enterprise,Chemicals,19887.53,5,Medium,Organic Search,1,0.4394334351158171,43.94334351158171,Medium
18448,Wholesale,Mumbai,Small,Chemicals,33053.06,14,Critical,Marketplace Search,1,0.4392973702072871,43.92973702072871,Medium
1131,Wholesale,Mumbai,Micro,Construction Materials,38625.64,21,Medium,Organic Search,1,0.439113656177449,43.9113656177449,Medium
4703,Retail,Hyderabad,Small,Electrical Components,7241.67,15,Medium,Organic Search,1,0.43910593807875103,43.9105938078751,Medium
565,Pharmaceuticals,Ahmedabad,Small,Textile Machinery,70796.07,19,High,Organic Search,1,0.43904784528456325,43.904784528456325,Medium
6541,Construction,Delhi NCR,Medium,Packaging,5000.0,2,Medium,Referral,1,0.4388950884208837,43.88950884208837,Medium
18328,Construction,Bengaluru,Medium,Industrial Equipment,47584.91,26,High,Email Campaign,1,0.43872458109315127,43.872458109315126,Medium
8238,Pharmaceuticals,Mumbai,Medium,Construction Materials,136050.18,46,Low,Direct Inquiry,1,0.43849494353245133,43.849494353245134,Medium
13957,Retail,Chennai,Medium,Packaging,15200.94,31,Critical,Paid Search,1,0.4384726940815568,43.84726940815568,Medium
11273,Construction,Hyderabad,Large,Steel & Metal,62419.18,18,Medium,Referral,1,0.4384277743216078,43.84277743216078,Medium
8828,Construction,Ahmedabad,Large,Electrical Components,5000.0,1,Critical,Direct Inquiry,1,0.4383310714417447,43.83310714417447,Medium
12288,Electronics,Hyderabad,Large,Food Ingredients,31263.06,25,Medium,Referral,1,0.43832366798760425,43.832366798760425,Medium
11409,Construction,Mumbai,Large,Industrial Equipment,16955.48,4,High,Organic Search,1,0.43813179363811083,43.81317936381108,Medium
16302,Wholesale,Kolkata,Small,Steel & Metal,5000.0,2,Medium,Direct Inquiry,1,0.438130296021324,43.813029602132396,Medium
2571,Automotive,Mumbai,Small,Food Ingredients,6762.29,9,Critical,Direct Inquiry,1,0.43812214887591455,43.81221488759145,Medium
4962,Wholesale,Chennai,Large,Food Ingredients,26505.86,49,Low,Organic Search,1,0.4380815301776454,43.80815301776454,Medium
16774,Wholesale,Hyderabad,Medium,Construction Materials,26298.01,19,Medium,Organic Search,1,0.437811990582273,43.7811990582273,Medium
18612,Wholesale,Jaipur,Medium,Food Ingredients,34864.11,41,Medium,Email Campaign,1,0.43778684681517255,43.778684681517255,Medium
6498,Retail,Kolkata,Medium,Construction Materials,169152.64,77,High,Direct Inquiry,0,0.4377545798761929,43.77545798761929,Medium
11913,Construction,Ahmedabad,Enterprise,Textile Machinery,5000.0,1,Medium,Organic Search,1,0.43775233453783785,43.775233453783784,Medium
11512,Automotive,Ahmedabad,Large,Industrial Equipment,38793.52,15,High,Direct Inquiry,1,0.4376432716683619,43.76432716683619,Medium
5815,Textiles,Pune,Small,Electrical Components,5547.93,2,Medium,Marketplace Search,1,0.43734581344294154,43.734581344294156,Medium
1994,Wholesale,Chennai,Small,Food Ingredients,5287.26,9,Medium,Referral,1,0.4373053380655228,43.73053380655228,Medium
8779,Construction,Mumbai,Enterprise,Construction Materials,16957.58,14,High,Organic Search,1,0.43726173551307695,43.726173551307696,Medium
7923,Automotive,Chennai,Small,Auto Parts,5000.0,2,Critical,Organic Search,1,0.43694762991025565,43.69476299102556,Medium
10864,Automotive,Kolkata,Large,Food Ingredients,5000.0,2,Critical,Organic Search,1,0.43679658349010453,43.67965834901045,Medium
6911,Automotive,Pune,Medium,Steel & Metal,20257.23,15,High,Marketplace Search,1,0.43672091524100964,43.67209152410096,Medium
12199,Food & Beverage,Delhi NCR,Large,Chemicals,20099.92,17,Critical,Direct Inquiry,1,0.4365468083185584,43.65468083185584,Medium
10533,Food & Beverage,Jaipur,Large,Electrical Components,50636.88,25,Medium,Direct Inquiry,1,0.4363803034172111,43.63803034172111,Medium
16047,Retail,Mumbai,Medium,Electrical Components,9258.97,6,Medium,Organic Search,1,0.4362624413279638,43.62624413279638,Medium
18610,Automotive,Bengaluru,Medium,Construction Materials,31285.09,10,High,Referral,1,0.4361958865360619,43.619588653606186,Medium
8681,Automotive,Jaipur,Medium,Auto Parts,19210.7,16,High,Direct Inquiry,1,0.4361037553110476,43.610375531104765,Medium
2420,Manufacturing,Indore,Small,Auto Parts,55759.96,102,Medium,Referral,1,0.4360637666813278,43.60637666813278,Medium
10277,Wholesale,Kolkata,Medium,Construction Materials,16185.19,19,Medium,Direct Inquiry,1,0.43602731492567337,43.60273149256734,Medium
2252,Retail,Pune,Small,Chemicals,14566.28,6,High,Referral,1,0.4358746746121287,43.58746746121287,Medium
11464,Electronics,Mumbai,Large,Auto Parts,38318.74,24,Medium,Organic Search,1,0.4357407439055871,43.57407439055871,Medium
6021,Electronics,Bengaluru,Medium,Auto Parts,6395.66,6,Critical,Marketplace Search,1,0.43563445391528416,43.56344539152842,Medium
13891,Electronics,Indore,Enterprise,Auto Parts,16997.82,11,Critical,Direct Inquiry,1,0.4356227620192387,43.56227620192387,Medium
6688,Automotive,Pune,Large,Food Ingredients,5000.0,3,Critical,Marketplace Search,1,0.4355769502943778,43.55769502943778,Medium
6737,Automotive,Jaipur,Small,Textile Machinery,116238.57,18,High,Paid Search,1,0.435567426974288,43.5567426974288,Medium
1963,Manufacturing,Kolkata,Medium,Steel & Metal,8390.18,9,High,Organic Search,1,0.43551927014579844,43.551927014579846,Medium
1114,Chemicals,Ahmedabad,Large,Packaging,16246.76,18,High,Direct Inquiry,1,0.4355144477726599,43.55144477726599,Medium
16233,Wholesale,Delhi NCR,Large,Chemicals,41882.0,21,Medium,Organic Search,1,0.435471973450784,43.547197345078395,Medium
16131,Electronics,Indore,Small,Chemicals,32068.49,36,Low,Referral,1,0.43546553418636014,43.546553418636016,Medium
17057,Electronics,Bengaluru,Small,Electrical Components,7405.06,4,Critical,Direct Inquiry,1,0.4353771928739036,43.53771928739036,Medium
19005,Food & Beverage,Ahmedabad,Small,Electrical Components,13643.06,3,Critical,Marketplace Search,1,0.4353124005527633,43.531240055276335,Medium
12102,Wholesale,Kolkata,Medium,Textile Machinery,9452.94,6,Medium,Referral,1,0.4352052403037802,43.52052403037802,Medium
377,Wholesale,Ahmedabad,Large,Packaging,5000.0,2,Critical,Organic Search,1,0.43517077109351354,43.517077109351355,Medium
8980,Automotive,Jaipur,Medium,Construction Materials,54579.52,15,Critical,Marketplace Search,1,0.4351061762222053,43.51061762222053,Medium
19901,Retail,Hyderabad,Medium,Office Supplies,5002.22,8,High,Referral,1,0.4350946678505263,43.50946678505263,Medium
14294,Wholesale,Pune,Medium,Chemicals,89230.5,29,Medium,Direct Inquiry,1,0.4350887870691918,43.50887870691918,Medium
3692,Manufacturing,Kolkata,Large,Auto Parts,17630.38,21,High,Direct Inquiry,1,0.4350386454201174,43.50386454201174,Medium
1993,Manufacturing,Jaipur,Medium,Textile Machinery,5000.0,4,Critical,Marketplace Search,1,0.4349359494797592,43.49359494797592,Medium
14810,Electronics,Mumbai,Large,Chemicals,46283.16,12,High,Direct Inquiry,1,0.43446302565255557,43.44630256525556,Medium
10205,Automotive,Mumbai,Small,Office Supplies,5000.0,3,High,Organic Search,1,0.4344390893493739,43.44390893493739,Medium
14353,Manufacturing,Delhi NCR,Micro,Food Ingredients,5000.0,7,High,Direct Inquiry,1,0.43443455633696487,43.44345563369649,Medium
3547,Chemicals,Bengaluru,Medium,Construction Materials,15749.19,5,Medium,Referral,1,0.43419733401596505,43.4197334015965,Medium
8074,Chemicals,Delhi NCR,Medium,Chemicals,10880.01,7,Critical,Marketplace Search,1,0.43381520022587544,43.381520022587544,Medium
4966,Retail,Bengaluru,Large,Electrical Components,14373.26,16,High,Email Campaign,1,0.43372076343498206,43.37207634349821,Medium
9492,Electronics,Jaipur,Small,Electrical Components,9630.75,8,High,Direct Inquiry,1,0.4336011262650291,43.36011262650291,Medium
14538,Chemicals,Jaipur,Small,Chemicals,5000.0,1,High,Referral,1,0.4335691340663058,43.35691340663058,Medium
13013,Construction,Ahmedabad,Large,Packaging,5000.0,3,High,Marketplace Search,1,0.43326952078739844,43.32695207873984,Medium
12434,Food & Beverage,Bengaluru,Medium,Office Supplies,5000.0,1,Critical,Paid Search,1,0.43321255630229305,43.3212556302293,Medium
1053,Manufacturing,Indore,Small,Auto Parts,58913.05,79,Medium,Marketplace Search,1,0.4331750805232875,43.317508052328755,Medium
17344,Manufacturing,Bengaluru,Large,Construction Materials,5000.0,3,High,Direct Inquiry,1,0.43310848061516016,43.31084806151602,Medium
17843,Automotive,Pune,Micro,Construction Materials,76968.0,69,Medium,Organic Search,1,0.4329821303762279,43.29821303762279,Medium
17494,Wholesale,Bengaluru,Small,Office Supplies,12084.07,12,High,Direct Inquiry,1,0.43294718535944904,43.2947185359449,Medium
6588,Electronics,Pune,Medium,Chemicals,53760.22,14,Critical,Paid Search,1,0.4328014209520788,43.28014209520788,Medium
10925,Construction,Mumbai,Medium,Food Ingredients,5000.0,5,Critical,Organic Search,1,0.4327528731727851,43.27528731727851,Medium
4237,Electronics,Indore,Small,Auto Parts,103592.77,53,High,Paid Search,1,0.43256049367732036,43.25604936773203,Medium
1764,Manufacturing,Jaipur,Large,Food Ingredients,29501.87,18,High,Marketplace Search,1,0.4325453946751586,43.25453946751586,Medium
3175,Manufacturing,Delhi NCR,Medium,Auto Parts,9372.44,8,Medium,Organic Search,1,0.4325336126297409,43.25336126297409,Medium
19388,Retail,Jaipur,Large,Steel & Metal,85924.79,12,Medium,Marketplace Search,1,0.4325312311109312,43.253123111093124,Medium
10543,Food & Beverage,Bengaluru,Micro,Construction Materials,5000.0,2,High,Organic Search,1,0.4324902253988258,43.24902253988258,Medium
10095,Pharmaceuticals,Pune,Large,Office Supplies,6183.14,6,Medium,Referral,1,0.43225851973902363,43.225851973902365,Medium
8517,Construction,Bengaluru,Micro,Electrical Components,5000.0,9,Critical,Paid Search,1,0.43209445106779226,43.20944510677923,Medium
10576,Food & Beverage,Delhi NCR,Small,Office Supplies,5000.0,9,High,Paid Search,1,0.43198245443926003,43.198245443926005,Medium
19460,Manufacturing,Indore,Large,Construction Materials,50717.95,64,Critical,Marketplace Search,1,0.4319473689143416,43.19473689143416,Medium
1685,Construction,Bengaluru,Medium,Chemicals,10861.49,9,Medium,Referral,1,0.4319313305534482,43.193133055344816,Medium
5413,Construction,Hyderabad,Medium,Chemicals,14765.57,9,Critical,Direct Inquiry,1,0.43184130156701905,43.184130156701904,Medium
19318,Automotive,Hyderabad,Small,Office Supplies,5000.0,7,High,Marketplace Search,1,0.431754284961196,43.1754284961196,Medium
12865,Electronics,Pune,Large,Office Supplies,6446.0,7,Low,Referral,1,0.43172622144088435,43.172622144088436,Medium
2259,Wholesale,Delhi NCR,Large,Steel & Metal,6626.31,5,Critical,Referral,1,0.4316188750902301,43.16188750902301,Medium
19561,Food & Beverage,Kolkata,Large,Textile Machinery,5134.52,2,Critical,Marketplace Search,1,0.4315757185730143,43.15757185730143,Medium
11843,Automotive,Chennai,Medium,Electrical Components,6757.96,5,Critical,Email Campaign,1,0.4315500783466398,43.15500783466398,Medium
15692,Wholesale,Jaipur,Large,Electrical Components,5000.0,2,Critical,Direct Inquiry,1,0.43154031458464953,43.15403145846496,Medium
16732,Pharmaceuticals,Jaipur,Medium,Industrial Equipment,6352.4,3,High,Organic Search,1,0.43147270998954107,43.147270998954106,Medium
19684,Wholesale,Kolkata,Micro,Packaging,5000.0,13,Medium,Referral,1,0.4314131489082616,43.14131489082616,Medium
4144,Wholesale,Indore,Large,Construction Materials,13844.16,6,Critical,Referral,1,0.4313971509869971,43.13971509869971,Medium
14283,Pharmaceuticals,Delhi NCR,Large,Industrial Equipment,57740.11,12,High,Organic Search,1,0.4313388829437726,43.13388829437726,Medium
15862,Wholesale,Ahmedabad,Large,Industrial Equipment,17572.17,9,High,Referral,1,0.4313359938952506,43.13359938952506,Medium
18055,Construction,Pune,Medium,Food Ingredients,5000.0,5,High,Organic Search,1,0.43123448245528523,43.12344824552852,Medium
11558,Food & Beverage,Indore,Small,Construction Materials,28421.22,6,Medium,Referral,1,0.4311022746025532,43.11022746025532,Medium
1861,Chemicals,Kolkata,Medium,Electrical Components,23512.34,9,Critical,Direct Inquiry,1,0.43105445551675586,43.10544555167559,Medium
4071,Pharmaceuticals,Chennai,Medium,Auto Parts,7515.47,16,Critical,Marketplace Search,1,0.43092280484252865,43.09228048425287,Medium
1230,Construction,Chennai,Large,Auto Parts,13173.8,8,High,Referral,1,0.4308811291039199,43.08811291039199,Medium
16143,Chemicals,Ahmedabad,Medium,Packaging,9209.35,9,High,Marketplace Search,1,0.4308143908428006,43.08143908428006,Medium
16244,Construction,Jaipur,Large,Construction Materials,20677.66,9,Medium,Organic Search,1,0.4307977050679973,43.07977050679973,Medium
11753,Automotive,Jaipur,Medium,Food Ingredients,11160.55,7,High,Paid Search,1,0.4307224211718213,43.07224211718213,Medium
17834,Pharmaceuticals,Kolkata,Medium,Chemicals,76555.03,26,Medium,Marketplace Search,1,0.4304183756124109,43.041837561241096,Medium
1480,Wholesale,Pune,Medium,Food Ingredients,5000.0,2,Medium,Direct Inquiry,1,0.4304035468343406,43.04035468343406,Medium
5257,Wholesale,Chennai,Small,Packaging,5000.0,4,Medium,Direct Inquiry,1,0.4303828790418171,43.03828790418171,Medium
2388,Food & Beverage,Delhi NCR,Small,Electrical Components,5000.0,3,High,Referral,1,0.430300762796893,43.0300762796893,Medium
11326,Pharmaceuticals,Jaipur,Small,Office Supplies,183702.5,94,Medium,Direct Inquiry,1,0.4302543839539881,43.02543839539881,Medium
12868,Manufacturing,Mumbai,Small,Food Ingredients,36262.02,53,Medium,Organic Search,1,0.4301832047990008,43.018320479900076,Medium
12298,Construction,Ahmedabad,Large,Chemicals,13274.0,13,Medium,Marketplace Search,1,0.43017541885040267,43.017541885040266,Medium
8292,Wholesale,Ahmedabad,Small,Industrial Equipment,15664.37,4,Medium,Email Campaign,1,0.4301184967913149,43.011849679131494,Medium
5662,Automotive,Jaipur,Medium,Electrical Components,15671.01,9,High,Marketplace Search,1,0.4300785645675155,43.00785645675155,Medium
6190,Textiles,Jaipur,Small,Steel & Metal,61183.48,12,High,Organic Search,1,0.43006442722667504,43.0064427226675,Medium
2716,Wholesale,Pune,Large,Construction Materials,5000.0,2,Medium,Organic Search,1,0.4295383762139507,42.95383762139507,Medium
8271,Manufacturing,Chennai,Large,Chemicals,114755.22,48,Critical,Paid Search,0,0.42950558106328235,42.95055810632824,Medium
13478,Food & Beverage,Ahmedabad,Medium,Electrical Components,32100.63,8,Medium,Email Campaign,1,0.4293817166969575,42.93817166969575,Medium
1702,Retail,Jaipur,Small,Office Supplies,16620.6,22,Medium,Organic Search,1,0.42896274577617305,42.896274577617305,Medium
16869,Pharmaceuticals,Mumbai,Large,Steel & Metal,8314.44,4,Medium,Organic Search,1,0.4289546466305758,42.89546466305758,Medium
17423,Manufacturing,Mumbai,Small,Packaging,17962.03,32,High,Marketplace Search,1,0.42888131101555643,42.88813110155564,Medium
17303,Wholesale,Ahmedabad,Small,Industrial Equipment,83695.82,29,Low,Direct Inquiry,1,0.4286659065824921,42.86659065824921,Medium
14002,Pharmaceuticals,Chennai,Large,Food Ingredients,37303.65,46,High,Organic Search,1,0.4286636747979957,42.86636747979957,Medium
12810,Food & Beverage,Mumbai,Small,Office Supplies,8499.57,13,High,Marketplace Search,1,0.4285901257639239,42.85901257639239,Medium
7970,Pharmaceuticals,Jaipur,Enterprise,Chemicals,11266.65,6,Low,Organic Search,1,0.42855597735463213,42.85559773546321,Medium
13582,Pharmaceuticals,Delhi NCR,Medium,Textile Machinery,5000.0,1,Low,Organic Search,1,0.428316706793639,42.831670679363896,Medium
8,Manufacturing,Kolkata,Small,Packaging,30292.81,28,Low,Referral,1,0.42824720591227466,42.82472059122747,Medium
18678,Textiles,Mumbai,Small,Chemicals,8122.63,10,Critical,Referral,1,0.4282311212802725,42.823112128027255,Medium
508,Wholesale,Ahmedabad,Medium,Textile Machinery,46707.87,13,Low,Organic Search,1,0.42817413858883185,42.817413858883185,Medium
10968,Automotive,Hyderabad,Enterprise,Construction Materials,84364.7,37,High,Marketplace Search,1,0.4280686009341151,42.80686009341151,Medium
8873,Food & Beverage,Chennai,Medium,Food Ingredients,6222.91,7,Critical,Marketplace Search,1,0.42806423186224857,42.806423186224855,Medium
14412,Manufacturing,Jaipur,Large,Office Supplies,11337.27,30,High,Marketplace Search,1,0.4279032060939749,42.79032060939749,Medium
8764,Retail,Jaipur,Small,Industrial Equipment,95758.0,17,Critical,Email Campaign,1,0.4276409442558524,42.76409442558524,Medium
1612,Food & Beverage,Jaipur,Small,Office Supplies,6152.01,24,Medium,Organic Search,1,0.4276185834316675,42.76185834316675,Medium
3160,Chemicals,Jaipur,Medium,Electrical Components,5000.0,1,High,Direct Inquiry,1,0.42749636396149315,42.74963639614931,Medium
13837,Retail,Ahmedabad,Small,Packaging,5000.0,2,Medium,Direct Inquiry,1,0.4274939112937014,42.74939112937014,Medium
8528,Food & Beverage,Chennai,Small,Industrial Equipment,38214.21,12,Medium,Direct Inquiry,1,0.4274884182613437,42.748841826134374,Medium
17433,Retail,Bengaluru,Enterprise,Packaging,7983.36,5,Low,Organic Search,1,0.4273809167988936,42.738091679889365,Medium
10286,Electronics,Pune,Medium,Industrial Equipment,8960.14,3,High,Direct Inquiry,1,0.42736183454974425,42.73618345497442,Medium
13962,Electronics,Delhi NCR,Medium,Electrical Components,51623.33,22,High,Organic Search,1,0.4272985156675031,42.72985156675031,Medium
1600,Electronics,Bengaluru,Small,Steel & Metal,105597.8,31,Medium,Direct Inquiry,1,0.4272708128415546,42.72708128415546,Medium
5440,Manufacturing,Pune,Large,Food Ingredients,25647.55,23,High,Direct Inquiry,1,0.4272099466878942,42.720994668789416,Medium
3272,Pharmaceuticals,Pune,Small,Construction Materials,5000.0,3,High,Direct Inquiry,1,0.4271437973142544,42.71437973142544,Medium
12834,Construction,Bengaluru,Medium,Food Ingredients,5000.0,3,Medium,Direct Inquiry,1,0.42711395761370313,42.71139576137031,Medium
13950,Electronics,Indore,Large,Office Supplies,19605.7,24,High,Organic Search,1,0.426999392052732,42.6999392052732,Medium
17505,Pharmaceuticals,Pune,Medium,Textile Machinery,80324.66,44,High,Paid Search,1,0.42687057710080484,42.68705771008048,Medium
19716,Textiles,Pune,Micro,Office Supplies,5000.0,9,High,Referral,1,0.42678517319267056,42.67851731926706,Medium
19705,Automotive,Bengaluru,Enterprise,Construction Materials,17997.33,4,Low,Referral,1,0.4266194160134356,42.661941601343564,Medium
18972,Manufacturing,Bengaluru,Medium,Auto Parts,6262.57,3,Critical,Organic Search,1,0.4265754406309548,42.65754406309548,Medium
3914,Retail,Hyderabad,Small,Auto Parts,73655.29,30,High,Email Campaign,1,0.42657447531096254,42.65744753109625,Medium
9101,Automotive,Delhi NCR,Enterprise,Textile Machinery,34900.92,9,Medium,Referral,1,0.42639317155590495,42.6393171555905,Medium
16449,Retail,Mumbai,Enterprise,Food Ingredients,18303.17,9,Low,Email Campaign,1,0.42617705995372773,42.61770599537277,Medium
7620,Retail,Delhi NCR,Enterprise,Chemicals,5000.0,3,Low,Direct Inquiry,1,0.42614456751559504,42.6144567515595,Medium
3599,Wholesale,Pune,Medium,Construction Materials,63226.03,77,Medium,Organic Search,1,0.4261088384548836,42.61088384548836,Medium
14817,Chemicals,Pune,Large,Industrial Equipment,5000.0,2,High,Marketplace Search,1,0.42610715967107143,42.61071596710714,Medium
4963,Construction,Pune,Small,Food Ingredients,9694.84,27,Medium,Referral,1,0.42583146789897314,42.58314678989731,Medium
10321,Automotive,Jaipur,Medium,Steel & Metal,64799.6,42,Critical,Organic Search,1,0.4257707392069974,42.57707392069974,Medium
12608,Retail,Delhi NCR,Small,Industrial Equipment,37279.33,19,Low,Organic Search,1,0.4257683148697455,42.57683148697455,Medium
11690,Construction,Mumbai,Medium,Packaging,10871.34,7,High,Organic Search,1,0.42569093880656583,42.56909388065658,Medium
12512,Construction,Chennai,Large,Auto Parts,11800.98,6,Low,Organic Search,1,0.4256307353213352,42.56307353213352,Medium
226,Manufacturing,Indore,Medium,Food Ingredients,68912.16,32,Medium,Direct Inquiry,1,0.4256160741449011,42.56160741449011,Medium
11739,Food & Beverage,Hyderabad,Large,Office Supplies,21377.62,52,Medium,Referral,1,0.4254482650867134,42.54482650867134,Medium
11579,Automotive,Ahmedabad,Micro,Industrial Equipment,70032.62,25,Medium,Email Campaign,1,0.4254368220243877,42.543682202438774,Medium
17198,Retail,Mumbai,Small,Steel & Metal,12498.99,13,High,Marketplace Search,1,0.4251214818230548,42.51214818230548,Medium
7144,Textiles,Delhi NCR,Medium,Auto Parts,8412.75,10,High,Paid Search,1,0.4250461530894545,42.504615308945446,Medium
5997,Textiles,Chennai,Micro,Steel & Metal,96996.82,66,High,Organic Search,0,0.4250443819407245,42.50443819407245,Medium
1077,Wholesale,Hyderabad,Medium,Auto Parts,5000.0,5,High,Marketplace Search,1,0.4250401646367495,42.50401646367495,Medium
14993,Retail,Bengaluru,Medium,Industrial Equipment,34470.71,10,Low,Organic Search,1,0.4250151069565489,42.50151069565489,Medium
12908,Retail,Ahmedabad,Micro,Textile Machinery,15145.98,12,Critical,Direct Inquiry,1,0.42488746559251567,42.48874655925157,Medium
11897,Construction,Mumbai,Medium,Chemicals,125037.39,91,Medium,Organic Search,0,0.4247013905605616,42.47013905605616,Medium
10559,Textiles,Kolkata,Medium,Auto Parts,11205.41,10,Critical,Paid Search,1,0.42452269040605306,42.45226904060531,Medium
17056,Textiles,Delhi NCR,Medium,Food Ingredients,5136.86,6,High,Referral,1,0.42452106330024153,42.45210633002415,Medium
19975,Retail,Pune,Enterprise,Construction Materials,6462.48,3,Low,Organic Search,1,0.4245129925140593,42.45129925140593,Medium
11444,Retail,Jaipur,Large,Food Ingredients,16949.3,17,High,Direct Inquiry,1,0.4244939269705939,42.44939269705939,Medium
14643,Food & Beverage,Hyderabad,Small,Industrial Equipment,13573.46,2,Medium,Organic Search,1,0.4244715184602333,42.44715184602333,Medium
17558,Manufacturing,Pune,Medium,Electrical Components,65619.0,13,Low,Direct Inquiry,1,0.42437225875476214,42.437225875476216,Medium
5736,Automotive,Ahmedabad,Micro,Office Supplies,47641.59,35,Low,Organic Search,1,0.42436747681126,42.436747681126,Medium
19583,Construction,Bengaluru,Large,Packaging,16405.44,21,Critical,Direct Inquiry,1,0.42436097995513244,42.436097995513244,Medium
2775,Retail,Kolkata,Large,Industrial Equipment,11680.33,9,Low,Direct Inquiry,1,0.4243097868650909,42.43097868650909,Medium
951,Construction,Kolkata,Large,Packaging,5000.0,7,Medium,Referral,1,0.4242775683275053,42.42775683275053,Medium
17190,Pharmaceuticals,Hyderabad,Medium,Office Supplies,14211.19,21,Low,Direct Inquiry,1,0.424183756247458,42.4183756247458,Medium
617,Retail,Jaipur,Small,Chemicals,5000.0,1,Critical,Organic Search,1,0.42417837124198193,42.41783712419819,Medium
11819,Wholesale,Jaipur,Large,Textile Machinery,102612.02,24,Medium,Email Campaign,1,0.4241471950252991,42.414719502529906,Medium
6804,Electronics,Chennai,Large,Auto Parts,8462.95,5,Medium,Organic Search,1,0.42407700677679505,42.40770067767951,Medium
11993,Retail,Ahmedabad,Small,Textile Machinery,38925.27,16,Medium,Direct Inquiry,1,0.42404049058513155,42.40404905851315,Medium
14093,Pharmaceuticals,Chennai,Small,Steel & Metal,13482.52,6,Low,Organic Search,1,0.42398025734879247,42.39802573487925,Medium
7956,Retail,Bengaluru,Large,Office Supplies,32854.13,42,High,Organic Search,1,0.4239082408905821,42.39082408905821,Medium
5624,Manufacturing,Kolkata,Micro,Auto Parts,5000.0,2,Medium,Organic Search,1,0.42387978213196037,42.387978213196035,Medium
2745,Food & Beverage,Indore,Small,Office Supplies,6507.61,13,Medium,Direct Inquiry,1,0.42363570830981223,42.363570830981224,Medium
6739,Retail,Delhi NCR,Enterprise,Steel & Metal,76456.45,16,Low,Marketplace Search,1,0.4236117882152841,42.36117882152841,Medium
1911,Construction,Jaipur,Medium,Chemicals,8670.2,13,High,Direct Inquiry,1,0.4235213158967567,42.352131589675665,Medium
15910,Chemicals,Pune,Micro,Construction Materials,12941.69,18,High,Direct Inquiry,1,0.4234667896718278,42.34667896718278,Medium
8474,Retail,Mumbai,Medium,Office Supplies,5000.0,4,High,Paid Search,1,0.4231736503795077,42.31736503795077,Medium
9398,Food & Beverage,Delhi NCR,Large,Steel & Metal,11217.39,7,High,Direct Inquiry,1,0.4231678618573975,42.31678618573975,Medium
19122,Chemicals,Bengaluru,Micro,Packaging,47811.39,23,High,Marketplace Search,1,0.42310134137460415,42.310134137460416,Medium
1390,Electronics,Mumbai,Medium,Office Supplies,9357.0,15,High,Referral,1,0.4230132924077735,42.30132924077735,Medium
15606,Construction,Ahmedabad,Small,Packaging,5000.0,5,Critical,Organic Search,1,0.42296598925339196,42.2965989253392,Medium
5962,Wholesale,Ahmedabad,Micro,Packaging,15963.59,10,Critical,Direct Inquiry,1,0.4229398274101302,42.29398274101302,Medium
15353,Food & Beverage,Indore,Small,Steel & Metal,35849.22,15,Medium,Paid Search,1,0.42285122374392253,42.28512237439225,Medium
4709,Retail,Indore,Large,Packaging,16701.5,17,High,Referral,1,0.4227996077433447,42.27996077433447,Medium
2069,Wholesale,Ahmedabad,Medium,Construction Materials,18074.67,6,High,Paid Search,1,0.42278311040403527,42.27831104040353,Medium
3668,Retail,Kolkata,Medium,Food Ingredients,19054.86,22,Medium,Direct Inquiry,1,0.4226708857726953,42.26708857726953,Medium
17781,Electronics,Ahmedabad,Large,Textile Machinery,122411.1,35,Medium,Organic Search,1,0.4226277776703151,42.26277776703151,Medium
872,Chemicals,Jaipur,Medium,Industrial Equipment,5000.0,2,High,Referral,1,0.4225588766027307,42.255887660273075,Medium
1618,Chemicals,Kolkata,Small,Textile Machinery,22825.71,19,Critical,Marketplace Search,1,0.4225484702988896,42.25484702988896,Medium
16558,Construction,Mumbai,Small,Packaging,5000.0,3,Medium,Referral,1,0.42249409208317,42.249409208317005,Medium
16542,Retail,Pune,Medium,Steel & Metal,31394.01,18,Medium,Direct Inquiry,1,0.4224936137802178,42.24936137802178,Medium
12515,Food & Beverage,Delhi NCR,Small,Chemicals,37700.63,27,High,Direct Inquiry,1,0.42246510838975226,42.246510838975226,Medium
15440,Retail,Mumbai,Medium,Construction Materials,6809.43,3,High,Referral,1,0.422335017840767,42.2335017840767,Medium
3812,Automotive,Chennai,Enterprise,Construction Materials,8202.92,4,Medium,Referral,1,0.4222896445604654,42.22896445604654,Medium
16933,Automotive,Chennai,Enterprise,Packaging,11758.11,7,Medium,Paid Search,1,0.4222365833698235,42.22365833698235,Medium
4235,Construction,Jaipur,Small,Electrical Components,5000.0,4,High,Referral,1,0.42220661183305797,42.22066118330579,Medium
13063,Chemicals,Pune,Medium,Industrial Equipment,11861.72,8,Medium,Marketplace Search,1,0.42218912327960056,42.218912327960055,Medium
2423,Manufacturing,Bengaluru,Medium,Packaging,12586.42,17,High,Organic Search,1,0.42216603219523513,42.21660321952351,Medium
13426,Chemicals,Mumbai,Medium,Food Ingredients,5000.0,6,High,Direct Inquiry,1,0.42182834779696776,42.182834779696776,Medium
1005,Retail,Mumbai,Large,Construction Materials,24299.87,18,Medium,Direct Inquiry,1,0.42175693103355877,42.175693103355876,Medium
19692,Food & Beverage,Pune,Micro,Industrial Equipment,9799.13,12,Critical,Paid Search,1,0.4215907252048115,42.15907252048115,Medium
15355,Wholesale,Jaipur,Medium,Steel & Metal,55267.58,26,Critical,Direct Inquiry,1,0.4215503717351504,42.15503717351504,Medium
15962,Pharmaceuticals,Indore,Small,Office Supplies,11111.15,40,Medium,Referral,1,0.4214529801830474,42.145298018304736,Medium
12403,Retail,Mumbai,Small,Office Supplies,5000.0,14,High,Referral,1,0.4213932732189385,42.13932732189385,Medium
9502,Pharmaceuticals,Kolkata,Medium,Office Supplies,26245.8,48,High,Marketplace Search,1,0.4213696769990372,42.13696769990372,Medium
17722,Food & Beverage,Bengaluru,Medium,Food Ingredients,67192.49,33,Medium,Direct Inquiry,1,0.42132423041905337,42.132423041905334,Medium
2385,Food & Beverage,Pune,Small,Food Ingredients,12793.57,18,Medium,Organic Search,1,0.42129051846001003,42.129051846001005,Medium
3064,Retail,Mumbai,Large,Industrial Equipment,22696.44,19,High,Direct Inquiry,1,0.4212606344229806,42.12606344229806,Medium
4220,Construction,Chennai,Enterprise,Textile Machinery,12449.98,14,Critical,Marketplace Search,1,0.4209776156340005,42.09776156340005,Medium
216,Manufacturing,Ahmedabad,Medium,Auto Parts,77093.62,38,Low,Marketplace Search,1,0.4209534801019463,42.09534801019463,Medium
16240,Automotive,Delhi NCR,Small,Food Ingredients,5300.11,8,High,Direct Inquiry,1,0.42091757256353424,42.091757256353425,Medium
1888,Textiles,Ahmedabad,Large,Office Supplies,32045.55,20,Medium,Referral,1,0.4209136080368321,42.09136080368321,Medium
17997,Automotive,Hyderabad,Micro,Chemicals,87650.26,38,Medium,Paid Search,1,0.4208558869560347,42.08558869560347,Medium
3209,Manufacturing,Chennai,Medium,Packaging,20385.11,13,High,Direct Inquiry,1,0.42084088229469746,42.08408822946975,Medium
12486,Construction,Bengaluru,Large,Electrical Components,5000.0,3,Medium,Organic Search,1,0.42074334546454834,42.074334546454836,Medium
19957,Construction,Delhi NCR,Enterprise,Electrical Components,9292.6,4,Medium,Organic Search,1,0.42056533040870053,42.05653304087005,Medium
12027,Wholesale,Jaipur,Micro,Construction Materials,10788.92,6,Critical,Referral,1,0.42042757923585566,42.04275792358557,Medium
1381,Manufacturing,Jaipur,Large,Chemicals,5000.0,1,Medium,Direct Inquiry,1,0.42031572157927144,42.031572157927144,Medium
16218,Pharmaceuticals,Indore,Large,Auto Parts,36613.82,31,Medium,Referral,1,0.4202983218480127,42.02983218480127,Medium
13324,Pharmaceuticals,Kolkata,Large,Steel & Metal,10179.22,4,Medium,Direct Inquiry,1,0.42027965890763447,42.02796589076345,Medium
14471,Manufacturing,Kolkata,Medium,Textile Machinery,66697.23,8,High,Referral,1,0.42021891440662407,42.02189144066241,Medium
11551,Electronics,Ahmedabad,Large,Packaging,6869.07,5,Low,Organic Search,1,0.42008732210665056,42.00873221066506,Medium
11953,Chemicals,Jaipur,Medium,Industrial Equipment,33186.76,21,High,Marketplace Search,1,0.4200557255964826,42.00557255964826,Medium
10761,Pharmaceuticals,Jaipur,Medium,Auto Parts,7711.33,11,High,Paid Search,1,0.4199354067123803,41.99354067123803,Medium
11445,Manufacturing,Ahmedabad,Medium,Chemicals,12577.08,7,Critical,Organic Search,1,0.4198570129741579,41.98570129741579,Medium
17508,Food & Beverage,Hyderabad,Small,Packaging,6630.68,13,Medium,Organic Search,1,0.4196397896491133,41.963978964911334,Medium
5849,Food & Beverage,Hyderabad,Large,Steel & Metal,5596.15,3,Critical,Direct Inquiry,1,0.4194580212607565,41.94580212607565,Medium
5385,Food & Beverage,Ahmedabad,Small,Steel & Metal,36318.16,16,Medium,Referral,1,0.4193925327080468,41.93925327080468,Medium
13025,Manufacturing,Pune,Enterprise,Office Supplies,5463.77,10,High,Marketplace Search,1,0.4193796856796104,41.93796856796104,Medium
11459,Manufacturing,Indore,Medium,Auto Parts,12300.14,5,High,Organic Search,1,0.4193580256182652,41.93580256182652,Medium
246,Automotive,Bengaluru,Medium,Construction Materials,15887.61,14,High,Organic Search,1,0.41929048186835044,41.92904818683505,Medium
2265,Manufacturing,Pune,Small,Food Ingredients,5915.04,11,Medium,Direct Inquiry,1,0.41913276175129094,41.91327617512909,Medium
18785,Manufacturing,Jaipur,Medium,Steel & Metal,5000.0,2,Medium,Marketplace Search,1,0.4191167411319068,41.91167411319068,Medium
3340,Retail,Mumbai,Large,Packaging,13938.08,9,Medium,Organic Search,1,0.4191009136175211,41.91009136175211,Medium
12336,Manufacturing,Mumbai,Enterprise,Food Ingredients,5000.0,3,Low,Marketplace Search,1,0.41901713822625575,41.901713822625574,Medium
9342,Textiles,Pune,Large,Office Supplies,6684.48,14,Medium,Direct Inquiry,1,0.41901112777723015,41.901112777723014,Medium
17678,Pharmaceuticals,Indore,Large,Construction Materials,31499.06,15,Medium,Organic Search,1,0.41890718588860304,41.8907185888603,Medium
4533,Wholesale,Kolkata,Large,Construction Materials,69827.43,29,Medium,Paid Search,1,0.41875386763851186,41.87538676385118,Medium
5714,Manufacturing,Ahmedabad,Micro,Construction Materials,10389.6,7,High,Referral,1,0.4186430200468935,41.86430200468935,Medium
1032,Wholesale,Mumbai,Large,Steel & Metal,32573.54,29,High,Direct Inquiry,1,0.41860986889388463,41.860986889388464,Medium
376,Electronics,Indore,Medium,Steel & Metal,56002.51,32,High,Referral,1,0.418588526105573,41.8588526105573,Medium
15319,Manufacturing,Ahmedabad,Small,Auto Parts,28229.81,12,High,Organic Search,1,0.4184959897711149,41.84959897711149,Medium
5291,Wholesale,Jaipur,Large,Chemicals,8360.19,5,Low,Organic Search,1,0.4184733624186745,41.84733624186745,Medium
6623,Wholesale,Kolkata,Enterprise,Electrical Components,32213.88,13,Medium,Paid Search,1,0.4184301411717692,41.84301411717692,Medium
12805,Construction,Ahmedabad,Medium,Textile Machinery,17726.07,8,Medium,Organic Search,1,0.4181604339211872,41.816043392118715,Medium
16788,Food & Beverage,Mumbai,Medium,Textile Machinery,112750.44,26,High,Paid Search,1,0.4180114645449498,41.80114645449498,Medium
2865,Manufacturing,Mumbai,Large,Industrial Equipment,12849.4,15,Low,Direct Inquiry,1,0.4179966815858902,41.79966815858902,Medium
14229,Retail,Kolkata,Medium,Industrial Equipment,31114.28,10,High,Paid Search,1,0.41793734857568265,41.79373485756827,Medium
5770,Textiles,Kolkata,Medium,Auto Parts,12249.38,8,High,Direct Inquiry,1,0.41778408953164176,41.778408953164174,Medium
8393,Food & Beverage,Indore,Micro,Packaging,5000.0,1,Critical,Marketplace Search,1,0.41773877132260456,41.77387713226046,Medium
9596,Construction,Mumbai,Enterprise,Auto Parts,5678.58,2,Critical,Marketplace Search,1,0.41765361956842983,41.76536195684298,Medium
15357,Retail,Pune,Small,Electrical Components,17193.3,9,Medium,Marketplace Search,1,0.41763499429664414,41.763499429664414,Medium
5209,Manufacturing,Bengaluru,Small,Textile Machinery,5000.0,3,High,Referral,1,0.417616511267397,41.7616511267397,Medium
18781,Chemicals,Hyderabad,Enterprise,Construction Materials,36054.91,16,Low,Paid Search,1,0.41736611482196007,41.736611482196004,Medium
3205,Wholesale,Indore,Small,Steel & Metal,7794.7,9,Medium,Organic Search,1,0.41715047068232197,41.715047068232195,Medium
17507,Construction,Hyderabad,Medium,Electrical Components,19184.38,33,Medium,Marketplace Search,1,0.4171084052709206,41.71084052709206,Medium
17307,Chemicals,Delhi NCR,Large,Packaging,23479.68,22,High,Paid Search,1,0.4171016926156346,41.710169261563465,Medium
5521,Construction,Kolkata,Medium,Food Ingredients,5000.0,2,High,Referral,1,0.41698153337206545,41.69815333720655,Medium
1978,Food & Beverage,Indore,Medium,Electrical Components,9324.34,4,Medium,Paid Search,1,0.41696956081778863,41.696956081778865,Medium
5712,Chemicals,Jaipur,Small,Auto Parts,5000.0,4,High,Paid Search,1,0.4169398289973564,41.69398289973564,Medium
17680,Electronics,Jaipur,Small,Chemicals,24162.09,12,Medium,Referral,1,0.4169370314710606,41.693703147106056,Medium
8775,Construction,Ahmedabad,Enterprise,Steel & Metal,82987.38,13,High,Marketplace Search,1,0.4168832712660775,41.688327126607746,Medium
11904,Construction,Hyderabad,Medium,Construction Materials,10484.23,7,High,Direct Inquiry,1,0.41688032776980044,41.688032776980045,Medium
3460,Wholesale,Jaipur,Large,Chemicals,5000.0,5,Critical,Marketplace Search,1,0.4167114931874715,41.671149318747155,Medium
7649,Food & Beverage,Jaipur,Medium,Auto Parts,5384.79,4,Medium,Referral,1,0.4164610854921981,41.64610854921981,Medium
8580,Automotive,Mumbai,Enterprise,Electrical Components,13549.07,6,Low,Organic Search,1,0.4162837276578179,41.62837276578179,Medium
17268,Food & Beverage,Chennai,Small,Office Supplies,12680.24,19,High,Organic Search,1,0.4161402586576859,41.61402586576859,Medium
18625,Retail,Pune,Micro,Textile Machinery,26064.57,14,Critical,Marketplace Search,1,0.4160893197596759,41.608931975967586,Medium
9730,Retail,Bengaluru,Large,Electrical Components,6079.04,8,Medium,Direct Inquiry,1,0.4159201111002329,41.59201111002329,Medium
13855,Automotive,Delhi NCR,Enterprise,Office Supplies,28713.22,25,Medium,Direct Inquiry,1,0.4159186060784288,41.591860607842875,Medium
15775,Textiles,Delhi NCR,Large,Packaging,5000.0,2,High,Organic Search,1,0.41589988015228474,41.58998801522847,Medium
11980,Wholesale,Jaipur,Small,Industrial Equipment,66344.49,10,High,Paid Search,1,0.41569203580751973,41.569203580751974,Medium
15435,Retail,Kolkata,Micro,Steel & Metal,5000.0,3,High,Marketplace Search,1,0.4156063221971029,41.56063221971029,Medium
3446,Pharmaceuticals,Ahmedabad,Medium,Packaging,24932.99,24,Medium,Marketplace Search,1,0.4155433863632204,41.55433863632204,Medium
12444,Wholesale,Bengaluru,Enterprise,Food Ingredients,8090.45,5,Medium,Email Campaign,1,0.4155316200608319,41.55316200608319,Medium
4340,Manufacturing,Pune,Small,Steel & Metal,7294.45,12,Medium,Organic Search,1,0.41550129999392943,41.550129999392944,Medium
870,Food & Beverage,Delhi NCR,Small,Food Ingredients,5000.0,3,High,Direct Inquiry,1,0.41549599773599327,41.549599773599326,Medium
5884,Wholesale,Ahmedabad,Medium,Packaging,5000.0,6,Low,Direct Inquiry,1,0.41549322880989364,41.549322880989365,Medium
9389,Manufacturing,Ahmedabad,Medium,Food Ingredients,22216.94,11,Medium,Referral,1,0.41546707278327183,41.54670727832718,Medium
19515,Construction,Mumbai,Micro,Food Ingredients,30328.76,37,High,Marketplace Search,1,0.41544247686550845,41.54424768655085,Medium
1467,Construction,Indore,Enterprise,Office Supplies,5000.0,6,Medium,Direct Inquiry,1,0.4152965409463836,41.52965409463836,Medium
539,Textiles,Pune,Enterprise,Construction Materials,86703.16,41,High,Marketplace Search,1,0.4151998928333763,41.51998928333763,Medium
9818,Retail,Hyderabad,Medium,Construction Materials,56978.03,29,High,Paid Search,1,0.41515745056519554,41.515745056519556,Medium
15175,Electronics,Chennai,Medium,Auto Parts,16815.57,18,High,Direct Inquiry,1,0.4151551889485244,41.51551889485244,Medium
17693,Automotive,Chennai,Small,Food Ingredients,5000.0,9,Critical,Email Campaign,1,0.41511752807785945,41.511752807785946,Medium
6735,Chemicals,Chennai,Medium,Textile Machinery,10895.74,17,Medium,Referral,1,0.4149736824899985,41.49736824899985,Medium
2800,Chemicals,Ahmedabad,Large,Auto Parts,48972.65,10,Low,Marketplace Search,1,0.41478826850808864,41.478826850808865,Medium
4965,Manufacturing,Ahmedabad,Medium,Packaging,5000.0,5,High,Organic Search,1,0.4147668409635377,41.47668409635377,Medium
4266,Wholesale,Delhi NCR,Medium,Chemicals,57486.93,25,Medium,Referral,1,0.4147615911351202,41.47615911351202,Medium
12840,Automotive,Jaipur,Enterprise,Steel & Metal,17504.24,11,Medium,Direct Inquiry,1,0.4147560318154081,41.47560318154081,Medium
8733,Wholesale,Mumbai,Large,Chemicals,20821.15,11,High,Organic Search,1,0.414649572347958,41.464957234795804,Medium
18335,Wholesale,Indore,Large,Packaging,37573.05,34,Medium,Marketplace Search,1,0.4144777195046658,41.447771950466574,Medium
15690,Manufacturing,Chennai,Medium,Food Ingredients,13889.42,9,Medium,Paid Search,1,0.4143975525966728,41.43975525966728,Medium
2468,Automotive,Hyderabad,Micro,Industrial Equipment,93525.12,26,Low,Marketplace Search,1,0.41435724760912906,41.435724760912905,Medium
14210,Textiles,Bengaluru,Medium,Electrical Components,29056.66,25,Low,Marketplace Search,1,0.41426422562103127,41.42642256210313,Medium
3811,Manufacturing,Chennai,Medium,Industrial Equipment,43249.69,5,Medium,Marketplace Search,1,0.4142317895959066,41.423178959590665,Medium
6483,Food & Beverage,Pune,Micro,Food Ingredients,17073.44,10,High,Email Campaign,1,0.41419560760386387,41.41956076038639,Medium
7263,Manufacturing,Kolkata,Small,Office Supplies,5000.0,4,High,Paid Search,1,0.41415195236268487,41.41519523626849,Medium
12128,Manufacturing,Bengaluru,Small,Electrical Components,5000.0,2,High,Direct Inquiry,1,0.41402095322141663,41.40209532214166,Medium
16834,Electronics,Ahmedabad,Large,Auto Parts,31221.89,31,Critical,Paid Search,1,0.41401066545305,41.401066545305,Medium
16688,Wholesale,Pune,Medium,Electrical Components,20045.94,28,Medium,Email Campaign,1,0.41391428770983085,41.39142877098308,Medium
13794,Construction,Pune,Medium,Packaging,23678.98,29,Critical,Marketplace Search,1,0.4138778301558695,41.38778301558695,Medium
13715,Manufacturing,Bengaluru,Large,Steel & Metal,13357.25,9,Critical,Direct Inquiry,1,0.41382818271837146,41.382818271837145,Medium
9794,Construction,Jaipur,Large,Office Supplies,35251.09,19,High,Marketplace Search,1,0.4137879177805714,41.37879177805714,Medium
5226,Manufacturing,Indore,Small,Industrial Equipment,5000.0,1,High,Marketplace Search,1,0.41378718900113093,41.37871890011309,Medium
10773,Automotive,Ahmedabad,Small,Construction Materials,83553.5,23,Medium,Referral,1,0.4136546507613721,41.36546507613721,Medium
15686,Chemicals,Chennai,Medium,Packaging,5000.0,5,High,Direct Inquiry,1,0.4135708785196601,41.357087851966014,Medium
19437,Automotive,Bengaluru,Large,Chemicals,8914.85,3,High,Direct Inquiry,1,0.41344889661878237,41.344889661878234,Medium
6507,Manufacturing,Ahmedabad,Small,Construction Materials,8070.53,8,Medium,Referral,1,0.41320067236938934,41.32006723693893,Medium
16725,Wholesale,Bengaluru,Micro,Auto Parts,22211.03,12,High,Referral,1,0.4130083333099712,41.30083333099712,Medium
1508,Construction,Indore,Large,Auto Parts,16078.65,14,High,Marketplace Search,1,0.41296027332356566,41.296027332356566,Medium
19537,Retail,Mumbai,Large,Office Supplies,5000.0,2,Medium,Organic Search,1,0.41278895930758874,41.27889593075887,Medium
5743,Electronics,Hyderabad,Medium,Electrical Components,5000.0,3,High,Referral,1,0.41265730237196635,41.265730237196635,Medium
10993,Construction,Delhi NCR,Small,Industrial Equipment,6766.63,5,High,Marketplace Search,1,0.4125615083344807,41.25615083344807,Medium
16348,Chemicals,Pune,Small,Industrial Equipment,14264.81,14,Medium,Organic Search,1,0.41255791339664677,41.255791339664675,Medium
9385,Wholesale,Delhi NCR,Large,Steel & Metal,75531.24,31,Medium,Email Campaign,1,0.4123984251074159,41.23984251074159,Medium
9551,Manufacturing,Mumbai,Large,Food Ingredients,5220.42,9,High,Marketplace Search,1,0.4123429858111757,41.23429858111757,Medium
4991,Textiles,Kolkata,Medium,Food Ingredients,22950.98,47,Medium,Organic Search,1,0.4122509010567523,41.22509010567523,Medium
17815,Automotive,Kolkata,Small,Office Supplies,6888.05,10,High,Organic Search,1,0.41218226501030314,41.218226501030315,Medium
9508,Food & Beverage,Pune,Large,Electrical Components,14350.88,8,High,Paid Search,1,0.41217369278802585,41.217369278802586,Medium
13652,Construction,Indore,Enterprise,Auto Parts,30190.3,21,Low,Marketplace Search,1,0.41216814249268524,41.21681424926852,Medium
19161,Food & Beverage,Bengaluru,Large,Packaging,16801.47,16,High,Direct Inquiry,1,0.41208438726078794,41.208438726078796,Medium
7683,Textiles,Chennai,Medium,Construction Materials,13976.3,8,Medium,Referral,1,0.4118481485636592,41.18481485636592,Medium
18186,Retail,Kolkata,Small,Electrical Components,8249.24,15,Critical,Paid Search,1,0.4117077595792343,41.170775957923425,Medium
7401,Construction,Pune,Large,Steel & Metal,15801.25,8,High,Organic Search,1,0.4116981909948242,41.16981909948242,Medium
8167,Chemicals,Delhi NCR,Small,Construction Materials,5000.0,6,Medium,Referral,1,0.41165895793822505,41.16589579382251,Medium
10805,Automotive,Pune,Small,Electrical Components,7972.77,12,Critical,Direct Inquiry,0,0.4114962823855678,41.14962823855678,Medium
17821,Construction,Delhi NCR,Micro,Construction Materials,5000.0,5,Critical,Direct Inquiry,1,0.4113206758780401,41.13206758780401,Medium
17185,Automotive,Ahmedabad,Medium,Textile Machinery,12483.53,6,Medium,Organic Search,1,0.4112957720099318,41.129577200993175,Medium
15384,Manufacturing,Bengaluru,Small,Electrical Components,82014.03,53,Medium,Direct Inquiry,1,0.41124929492333406,41.12492949233341,Medium
8768,Automotive,Bengaluru,Large,Packaging,39426.12,38,High,Direct Inquiry,1,0.41123012185606,41.123012185606,Medium
8767,Chemicals,Chennai,Large,Electrical Components,9402.45,7,High,Organic Search,1,0.411196778881623,41.1196778881623,Medium
9332,Retail,Indore,Large,Construction Materials,11976.68,5,High,Marketplace Search,1,0.4111960088885996,41.11960088885996,Medium
18594,Manufacturing,Ahmedabad,Medium,Steel & Metal,7386.01,5,Medium,Direct Inquiry,1,0.41109090922859726,41.10909092285973,Medium
14225,Chemicals,Bengaluru,Medium,Textile Machinery,121287.62,26,Medium,Organic Search,1,0.41107425049334634,41.10742504933464,Medium
14413,Food & Beverage,Mumbai,Small,Textile Machinery,51433.91,30,Medium,Organic Search,1,0.41100036575788107,41.10003657578811,Medium
17761,Wholesale,Pune,Large,Office Supplies,5000.0,1,High,Direct Inquiry,1,0.41098423840453907,41.098423840453904,Medium
11829,Manufacturing,Bengaluru,Enterprise,Office Supplies,10942.54,7,Medium,Marketplace Search,1,0.410888761778851,41.0888761778851,Medium
2876,Construction,Bengaluru,Large,Food Ingredients,125195.78,89,Medium,Email Campaign,1,0.4108860144792691,41.08860144792691,Medium
9764,Wholesale,Jaipur,Small,Steel & Metal,11870.4,12,High,Organic Search,1,0.41083266200375784,41.08326620037578,Medium
70,Construction,Ahmedabad,Micro,Electrical Components,7216.85,6,Critical,Paid Search,1,0.4106976910859476,41.06976910859476,Medium
9993,Manufacturing,Pune,Enterprise,Office Supplies,11199.65,26,Medium,Referral,1,0.41069336352074515,41.069336352074515,Medium
15320,Food & Beverage,Indore,Medium,Electrical Components,5000.0,5,Medium,Organic Search,1,0.41067562400125174,41.067562400125176,Medium
16947,Retail,Mumbai,Small,Steel & Metal,12563.28,11,High,Organic Search,1,0.4105106182033819,41.05106182033819,Medium
885,Retail,Chennai,Medium,Textile Machinery,5000.0,2,Medium,Referral,1,0.41048738528487333,41.048738528487334,Medium
4651,Textiles,Jaipur,Small,Chemicals,61276.48,16,Critical,Paid Search,0,0.41048441498020993,41.04844149802099,Medium
15347,Wholesale,Kolkata,Medium,Electrical Components,16351.53,13,Critical,Paid Search,1,0.4104626318628165,41.04626318628165,Medium
4492,Chemicals,Pune,Medium,Electrical Components,36671.81,43,High,Organic Search,1,0.4103511238494748,41.03511238494748,Medium
6345,Pharmaceuticals,Kolkata,Small,Steel & Metal,43711.56,28,Medium,Paid Search,1,0.4102985132638642,41.02985132638642,Medium
18514,Retail,Delhi NCR,Medium,Chemicals,8678.79,13,Medium,Direct Inquiry,1,0.41025834726456933,41.025834726456935,Medium
878,Automotive,Chennai,Small,Food Ingredients,5000.0,9,Medium,Referral,1,0.41010191474921276,41.01019147492128,Medium
14933,Manufacturing,Delhi NCR,Large,Electrical Components,5000.0,3,Critical,Referral,0,0.41010000980579525,41.01000098057953,Medium
11545,Pharmaceuticals,Bengaluru,Enterprise,Steel & Metal,9385.28,4,Medium,Organic Search,1,0.4100670811178373,41.00670811178373,Medium
604,Chemicals,Ahmedabad,Large,Steel & Metal,5000.0,1,High,Direct Inquiry,1,0.41001411361933726,41.00141136193373,Medium
5922,Food & Beverage,Pune,Medium,Auto Parts,6492.65,5,Medium,Email Campaign,1,0.40999769086314786,40.999769086314785,Medium
11279,Retail,Hyderabad,Micro,Textile Machinery,6602.11,5,High,Direct Inquiry,1,0.409928134507739,40.9928134507739,Medium
18164,Retail,Delhi NCR,Large,Chemicals,61684.31,14,Medium,Direct Inquiry,1,0.4098880926918588,40.98880926918588,Medium
16106,Manufacturing,Jaipur,Large,Textile Machinery,37345.15,13,Medium,Referral,1,0.4098676192020065,40.98676192020065,Medium
11467,Retail,Delhi NCR,Large,Auto Parts,8184.04,9,Low,Referral,1,0.4098459232818497,40.984592328184974,Medium
11077,Automotive,Chennai,Medium,Auto Parts,21809.49,21,High,Referral,1,0.4098111741137832,40.98111741137832,Medium
12305,Retail,Bengaluru,Medium,Chemicals,67957.93,28,Medium,Paid Search,1,0.4098068080616431,40.98068080616431,Medium
9419,Chemicals,Delhi NCR,Large,Packaging,7924.39,5,Low,Referral,1,0.40976175570959106,40.97617557095911,Medium
10801,Construction,Pune,Small,Office Supplies,5000.0,6,High,Direct Inquiry,1,0.40970553484573713,40.97055348457371,Medium
836,Food & Beverage,Pune,Medium,Food Ingredients,5427.6,9,Medium,Referral,1,0.40951749382165953,40.95174938216595,Medium
11291,Retail,Hyderabad,Large,Construction Materials,35005.88,17,High,Direct Inquiry,1,0.40950096324793006,40.95009632479301,Medium
7256,Wholesale,Kolkata,Medium,Steel & Metal,19229.83,12,High,Paid Search,1,0.4094557030053541,40.94557030053541,Medium
17900,Wholesale,Pune,Small,Chemicals,144562.53,37,Medium,Marketplace Search,0,0.4093843611623976,40.938436116239764,Low
96,Retail,Kolkata,Medium,Construction Materials,33801.18,28,High,Marketplace Search,1,0.4093813046326773,40.93813046326773,Low
16099,Chemicals,Jaipur,Medium,Packaging,15222.1,10,High,Direct Inquiry,1,0.4092787062743207,40.92787062743207,Low
17279,Manufacturing,Delhi NCR,Small,Food Ingredients,92937.75,36,High,Direct Inquiry,1,0.40914796838868056,40.91479683886806,Low
12214,Wholesale,Bengaluru,Small,Steel & Metal,13122.34,7,Critical,Organic Search,1,0.40907656169912565,40.90765616991256,Low
13378,Textiles,Kolkata,Large,Chemicals,16880.93,20,High,Organic Search,0,0.4090270337872614,40.90270337872614,Low
15610,Manufacturing,Bengaluru,Medium,Chemicals,5000.0,5,High,Organic Search,1,0.4090108521273174,40.90108521273174,Low
15023,Pharmaceuticals,Ahmedabad,Medium,Food Ingredients,5084.07,10,High,Email Campaign,1,0.4089794942433145,40.89794942433145,Low
16110,Textiles,Pune,Medium,Packaging,5000.0,3,High,Marketplace Search,1,0.40895073400379706,40.89507340037971,Low
18225,Textiles,Indore,Enterprise,Food Ingredients,18845.32,19,Low,Paid Search,1,0.4088141976391334,40.88141976391334,Low
6536,Manufacturing,Jaipur,Large,Textile Machinery,15104.26,12,High,Referral,1,0.40877854640079514,40.87785464007951,Low
14896,Manufacturing,Chennai,Large,Office Supplies,5000.0,8,High,Direct Inquiry,1,0.4086066015901274,40.86066015901274,Low
3980,Manufacturing,Kolkata,Micro,Electrical Components,8908.67,6,Medium,Referral,1,0.40856553590115763,40.856553590115766,Low
2308,Automotive,Hyderabad,Large,Chemicals,11334.24,10,High,Email Campaign,1,0.40856062579393787,40.856062579393786,Low
14702,Automotive,Bengaluru,Micro,Steel & Metal,80861.34,20,Medium,Organic Search,1,0.4085435713482271,40.85435713482271,Low
2462,Manufacturing,Indore,Small,Food Ingredients,20644.47,12,High,Email Campaign,1,0.40853878621847106,40.85387862184711,Low
12929,Automotive,Ahmedabad,Medium,Auto Parts,29038.74,27,Critical,Marketplace Search,1,0.4085036284103618,40.85036284103618,Low
11484,Retail,Delhi NCR,Medium,Electrical Components,5000.0,2,Medium,Marketplace Search,1,0.4084968509310385,40.84968509310385,Low
8399,Textiles,Mumbai,Small,Packaging,11900.67,17,High,Referral,1,0.408481510294695,40.8481510294695,Low
13250,Food & Beverage,Ahmedabad,Small,Office Supplies,5000.0,2,Medium,Referral,1,0.408470814762551,40.8470814762551,Low
16880,Construction,Mumbai,Medium,Construction Materials,21305.33,19,High,Paid Search,1,0.4084251144102877,40.842511441028776,Low
669,Wholesale,Mumbai,Medium,Packaging,21214.17,11,Medium,Email Campaign,1,0.4083945013698671,40.83945013698671,Low
11939,Food & Beverage,Jaipur,Small,Electrical Components,6162.5,6,High,Direct Inquiry,1,0.40834337692914646,40.834337692914644,Low
1759,Electronics,Bengaluru,Large,Packaging,89942.27,50,Medium,Organic Search,1,0.4082459397453556,40.82459397453556,Low
7963,Food & Beverage,Ahmedabad,Small,Construction Materials,18777.45,9,High,Organic Search,1,0.4082317980024907,40.82317980024907,Low
7322,Retail,Kolkata,Medium,Office Supplies,5000.0,11,High,Email Campaign,1,0.4080865713280533,40.80865713280533,Low
3339,Automotive,Chennai,Enterprise,Construction Materials,9128.8,14,High,Organic Search,1,0.4080586375963089,40.80586375963089,Low
18672,Construction,Indore,Small,Construction Materials,136862.62,89,Medium,Direct Inquiry,0,0.4080395002558033,40.803950025580335,Low
11310,Wholesale,Chennai,Medium,Packaging,11681.93,8,Low,Referral,1,0.4078841112524598,40.788411125245986,Low
6921,Textiles,Pune,Large,Electrical Components,33620.14,26,Low,Direct Inquiry,1,0.4078090817219728,40.78090817219728,Low
14984,Electronics,Chennai,Medium,Electrical Components,28123.33,20,High,Marketplace Search,1,0.4077984996182448,40.77984996182448,Low
13866,Automotive,Mumbai,Large,Food Ingredients,24259.33,34,High,Email Campaign,1,0.4077317742594065,40.77317742594065,Low
19418,Retail,Ahmedabad,Medium,Packaging,10705.56,8,Low,Referral,1,0.4077043478023303,40.770434780233025,Low
17925,Wholesale,Ahmedabad,Small,Construction Materials,152185.29,41,High,Referral,0,0.40764612295367797,40.7646122953678,Low
14133,Automotive,Kolkata,Large,Chemicals,28222.65,20,Medium,Organic Search,1,0.4075087319995128,40.75087319995128,Low
1057,Construction,Pune,Large,Food Ingredients,5000.0,2,High,Direct Inquiry,1,0.407387699459312,40.7387699459312,Low
18461,Retail,Ahmedabad,Medium,Industrial Equipment,93141.3,24,Low,Referral,1,0.4073707640021862,40.73707640021862,Low
2061,Construction,Jaipur,Micro,Textile Machinery,7021.76,4,Medium,Organic Search,1,0.40728257116767486,40.72825711676749,Low
14358,Manufacturing,Mumbai,Medium,Chemicals,17432.89,10,High,Organic Search,1,0.40726409843382383,40.726409843382385,Low
8496,Manufacturing,Ahmedabad,Medium,Auto Parts,11590.91,12,High,Direct Inquiry,1,0.4071527701815432,40.715277018154325,Low
13633,Manufacturing,Pune,Small,Food Ingredients,11153.79,25,Medium,Direct Inquiry,1,0.4070531327387108,40.70531327387108,Low
19895,Textiles,Delhi NCR,Medium,Electrical Components,5288.9,5,Medium,Organic Search,1,0.4069529147792837,40.69529147792837,Low
163,Manufacturing,Ahmedabad,Medium,Office Supplies,17973.93,45,Medium,Marketplace Search,1,0.4069274899610905,40.69274899610905,Low
12354,Construction,Pune,Small,Chemicals,10298.34,6,Medium,Marketplace Search,1,0.4069063758526176,40.690637585261754,Low
3913,Retail,Hyderabad,Large,Textile Machinery,9172.49,5,Medium,Email Campaign,1,0.4068492276721044,40.68492276721044,Low
10344,Retail,Ahmedabad,Small,Food Ingredients,7476.41,8,Critical,Marketplace Search,1,0.40679313890085733,40.67931389008573,Low
1929,Wholesale,Kolkata,Enterprise,Steel & Metal,14102.17,4,Low,Marketplace Search,1,0.40671336477816156,40.671336477816155,Low
3208,Manufacturing,Hyderabad,Enterprise,Chemicals,83589.14,38,Medium,Direct Inquiry,1,0.4066929845527519,40.66929845527519,Low
5293,Pharmaceuticals,Kolkata,Small,Auto Parts,8495.7,8,High,Direct Inquiry,1,0.4066846388076439,40.668463880764385,Low
4887,Pharmaceuticals,Indore,Large,Packaging,11198.28,13,Low,Organic Search,1,0.4066093879507041,40.660938795070415,Low
1505,Wholesale,Delhi NCR,Large,Industrial Equipment,17286.52,10,Medium,Organic Search,1,0.40658844793186133,40.658844793186134,Low
9564,Pharmaceuticals,Ahmedabad,Small,Auto Parts,26418.08,9,Low,Referral,1,0.40656472094981166,40.65647209498117,Low
13780,Retail,Bengaluru,Small,Industrial Equipment,10724.2,5,Critical,Marketplace Search,1,0.4065595909462054,40.65595909462054,Low
986,Retail,Delhi NCR,Medium,Food Ingredients,16863.44,9,Medium,Organic Search,1,0.4065408813936204,40.65408813936204,Low
1518,Manufacturing,Chennai,Medium,Electrical Components,31852.13,18,Medium,Paid Search,1,0.40646717868014937,40.64671786801494,Low
18061,Manufacturing,Pune,Medium,Food Ingredients,31427.68,30,Low,Direct Inquiry,1,0.40645122496429426,40.64512249642942,Low
4422,Automotive,Kolkata,Medium,Textile Machinery,35400.13,14,Medium,Direct Inquiry,1,0.40640717705783647,40.64071770578364,Low
13762,Construction,Chennai,Large,Construction Materials,5300.75,4,Medium,Email Campaign,1,0.4062995888874154,40.62995888874154,Low
3066,Wholesale,Jaipur,Medium,Office Supplies,5000.0,5,Low,Marketplace Search,1,0.4062960995970604,40.629609959706045,Low
17756,Retail,Jaipur,Large,Auto Parts,7872.51,8,High,Marketplace Search,1,0.40619543734535474,40.619543734535476,Low
5967,Retail,Ahmedabad,Small,Electrical Components,59899.83,27,Medium,Referral,0,0.40618757286936596,40.6187572869366,Low
3877,Chemicals,Delhi NCR,Micro,Electrical Components,12621.95,19,Low,Organic Search,1,0.40616996699096675,40.616996699096674,Low
15299,Chemicals,Hyderabad,Medium,Auto Parts,25034.87,30,Medium,Referral,1,0.40613685866860644,40.61368586686064,Low
3084,Food & Beverage,Ahmedabad,Small,Construction Materials,12937.32,4,Medium,Direct Inquiry,1,0.4060938430976316,40.60938430976316,Low
271,Construction,Bengaluru,Large,Packaging,25964.06,10,Medium,Organic Search,1,0.4060759802254629,40.607598022546284,Low
4542,Chemicals,Chennai,Enterprise,Office Supplies,5000.0,3,Low,Email Campaign,1,0.40596913364544024,40.59691336454402,Low
7827,Manufacturing,Pune,Small,Food Ingredients,10476.65,9,Medium,Marketplace Search,1,0.40594913746999844,40.59491374699984,Low
18176,Manufacturing,Delhi NCR,Medium,Steel & Metal,5000.0,2,Critical,Marketplace Search,1,0.405664044111778,40.5664044111778,Low
17096,Retail,Indore,Medium,Food Ingredients,11253.14,7,Medium,Direct Inquiry,1,0.4056161780672622,40.56161780672622,Low
12076,Wholesale,Kolkata,Small,Electrical Components,29039.92,11,High,Paid Search,1,0.40559064352004637,40.55906435200464,Low
19486,Pharmaceuticals,Jaipur,Medium,Office Supplies,5000.0,4,High,Paid Search,1,0.40552507816275796,40.55250781627579,Low
16919,Manufacturing,Bengaluru,Small,Chemicals,13421.98,5,Medium,Marketplace Search,1,0.4054884483374645,40.54884483374645,Low
17094,Electronics,Bengaluru,Large,Construction Materials,40081.96,30,High,Marketplace Search,1,0.40534117486617327,40.534117486617326,Low
1316,Automotive,Jaipur,Large,Steel & Metal,6050.74,3,Medium,Referral,1,0.40533128437892,40.533128437892,Low
605,Food & Beverage,Chennai,Medium,Electrical Components,25920.58,10,High,Direct Inquiry,0,0.4053249452877561,40.53249452877561,Low
15549,Food & Beverage,Pune,Medium,Electrical Components,9514.71,10,Medium,Organic Search,1,0.40495726593181697,40.49572659318169,Low
834,Food & Beverage,Delhi NCR,Large,Steel & Metal,58194.8,17,Medium,Organic Search,1,0.4048700396987388,40.48700396987388,Low
14257,Wholesale,Indore,Micro,Electrical Components,6841.61,8,High,Referral,1,0.4047895224594823,40.47895224594823,Low
19163,Manufacturing,Ahmedabad,Large,Industrial Equipment,5000.0,1,Low,Referral,1,0.4047689150153233,40.47689150153233,Low
8303,Wholesale,Delhi NCR,Micro,Electrical Components,18297.79,24,High,Direct Inquiry,1,0.4045322999465105,40.45322999465105,Low
6065,Electronics,Mumbai,Medium,Packaging,5000.0,5,Critical,Marketplace Search,1,0.40443641894956933,40.44364189495693,Low
4188,Manufacturing,Jaipur,Medium,Chemicals,23777.93,9,Medium,Direct Inquiry,1,0.40443484386286266,40.443484386286265,Low
5749,Chemicals,Pune,Medium,Construction Materials,16403.03,13,Medium,Marketplace Search,1,0.40440090046807575,40.440090046807576,Low
16740,Food & Beverage,Hyderabad,Medium,Auto Parts,12828.08,12,High,Referral,1,0.4043824490688522,40.43824490688522,Low
12859,Automotive,Hyderabad,Small,Auto Parts,33074.16,52,Medium,Marketplace Search,1,0.40433921630943714,40.433921630943715,Low
498,Retail,Ahmedabad,Medium,Auto Parts,11926.33,16,Medium,Direct Inquiry,1,0.40433301586059905,40.433301586059905,Low
18107,Wholesale,Jaipur,Enterprise,Packaging,26043.74,7,Medium,Marketplace Search,1,0.4042409895712627,40.42409895712627,Low
16239,Chemicals,Ahmedabad,Large,Packaging,34598.57,17,High,Direct Inquiry,1,0.40423100883740287,40.42310088374029,Low
3233,Manufacturing,Delhi NCR,Small,Textile Machinery,5000.0,1,High,Paid Search,1,0.40421257304257663,40.421257304257665,Low
15800,Food & Beverage,Indore,Small,Packaging,8979.04,14,Low,Organic Search,1,0.4041981447455389,40.41981447455389,Low
9147,Wholesale,Chennai,Medium,Packaging,5000.0,7,High,Marketplace Search,1,0.40413515962802127,40.41351596280213,Low
4027,Pharmaceuticals,Bengaluru,Medium,Construction Materials,33523.59,15,High,Direct Inquiry,1,0.4041141252918773,40.41141252918773,Low
17619,Construction,Bengaluru,Large,Steel & Metal,7138.65,2,Low,Referral,1,0.404082738059949,40.408273805994895,Low
13591,Pharmaceuticals,Jaipur,Large,Electrical Components,18981.38,16,High,Direct Inquiry,1,0.4040763969650593,40.40763969650593,Low
8780,Automotive,Bengaluru,Large,Construction Materials,42173.9,24,Low,Referral,1,0.40404509584670506,40.40450958467051,Low
7988,Pharmaceuticals,Ahmedabad,Large,Textile Machinery,18520.36,8,High,Email Campaign,1,0.40403742476443016,40.403742476443014,Low
159,Food & Beverage,Delhi NCR,Large,Industrial Equipment,131425.37,21,Low,Direct Inquiry,1,0.4038378483576603,40.38378483576603,Low
9220,Chemicals,Indore,Enterprise,Auto Parts,9453.7,3,Medium,Referral,1,0.4037908771072394,40.37908771072394,Low
362,Manufacturing,Kolkata,Small,Packaging,28321.71,22,Medium,Marketplace Search,1,0.4035818841605575,40.358188416055754,Low
13789,Pharmaceuticals,Jaipur,Micro,Packaging,12143.31,13,High,Direct Inquiry,1,0.4034584337205803,40.345843372058035,Low
2475,Manufacturing,Chennai,Large,Office Supplies,25297.63,44,Medium,Organic Search,1,0.4033057281563968,40.330572815639684,Low
1512,Pharmaceuticals,Ahmedabad,Medium,Steel & Metal,63690.54,52,Medium,Paid Search,1,0.4032889705598358,40.32889705598358,Low
439,Pharmaceuticals,Jaipur,Enterprise,Auto Parts,5000.0,1,High,Direct Inquiry,1,0.403109086393669,40.3109086393669,Low
14445,Retail,Ahmedabad,Large,Packaging,8439.51,7,Medium,Marketplace Search,1,0.4030185062054308,40.30185062054308,Low
4573,Retail,Kolkata,Small,Industrial Equipment,5000.0,3,Critical,Referral,1,0.40297024331948267,40.297024331948265,Low
14681,Food & Beverage,Kolkata,Medium,Industrial Equipment,8495.78,2,Medium,Organic Search,1,0.4028949598339813,40.28949598339813,Low
14655,Manufacturing,Ahmedabad,Medium,Auto Parts,26995.18,32,Low,Organic Search,1,0.4028171283971411,40.28171283971411,Low
1227,Wholesale,Bengaluru,Micro,Packaging,57586.24,88,Medium,Direct Inquiry,1,0.4027449292863988,40.27449292863988,Low
17819,Retail,Delhi NCR,Small,Office Supplies,5000.0,3,Medium,Organic Search,1,0.40272595298287556,40.272595298287555,Low
9782,Pharmaceuticals,Delhi NCR,Large,Chemicals,17693.15,14,Medium,Organic Search,1,0.40265905365127774,40.26590536512777,Low
19466,Construction,Jaipur,Small,Chemicals,17256.78,11,High,Direct Inquiry,1,0.4026125241322801,40.26125241322801,Low
17460,Textiles,Ahmedabad,Large,Chemicals,74314.13,37,Low,Organic Search,1,0.40253285666530453,40.25328566653045,Low
4974,Automotive,Kolkata,Medium,Industrial Equipment,103914.13,26,Medium,Paid Search,1,0.40250487788531664,40.250487788531665,Low
14917,Construction,Ahmedabad,Small,Electrical Components,5000.0,2,High,Referral,1,0.4024454719167569,40.244547191675686,Low
16473,Chemicals,Kolkata,Enterprise,Construction Materials,15024.88,11,Low,Direct Inquiry,1,0.4024283898772423,40.24283898772423,Low
11463,Retail,Kolkata,Large,Industrial Equipment,39733.84,18,High,Marketplace Search,1,0.40240614928812324,40.24061492881232,Low
7896,Automotive,Ahmedabad,Large,Textile Machinery,32451.37,7,High,Organic Search,1,0.40237265506564013,40.237265506564015,Low
19093,Food & Beverage,Ahmedabad,Medium,Office Supplies,5000.0,7,High,Email Campaign,1,0.40230745160680464,40.23074516068046,Low
10134,Automotive,Ahmedabad,Medium,Food Ingredients,6638.51,8,Critical,Referral,1,0.4022055771549507,40.22055771549507,Low
1188,Manufacturing,Kolkata,Medium,Steel & Metal,89171.75,14,Medium,Referral,1,0.40217044268772445,40.21704426877245,Low
14939,Construction,Ahmedabad,Large,Auto Parts,22106.0,27,High,Marketplace Search,1,0.40208167803680206,40.208167803680205,Low
13286,Electronics,Jaipur,Small,Packaging,9878.95,17,Low,Marketplace Search,1,0.402055335083346,40.205533508334604,Low
17023,Textiles,Mumbai,Large,Electrical Components,23698.39,24,Low,Marketplace Search,1,0.40197101628099313,40.19710162809931,Low
18605,Manufacturing,Ahmedabad,Micro,Construction Materials,5000.0,4,Critical,Referral,1,0.40190954300020615,40.190954300020614,Low
19722,Retail,Bengaluru,Medium,Textile Machinery,19587.62,11,Low,Referral,1,0.4017525292135871,40.17525292135871,Low
5038,Electronics,Jaipur,Small,Steel & Metal,36883.79,28,High,Referral,1,0.40166194462651594,40.166194462651596,Low
3400,Manufacturing,Chennai,Micro,Chemicals,5000.0,2,Medium,Referral,1,0.4015079188448049,40.15079188448049,Low
5932,Retail,Hyderabad,Large,Steel & Metal,41192.19,16,High,Direct Inquiry,1,0.40145134642376895,40.145134642376895,Low
15563,Electronics,Kolkata,Medium,Chemicals,49026.57,11,High,Marketplace Search,1,0.40142493379501487,40.14249337950149,Low
14329,Construction,Bengaluru,Enterprise,Electrical Components,10251.96,3,Medium,Referral,1,0.4014237776566068,40.14237776566068,Low
1069,Wholesale,Chennai,Medium,Industrial Equipment,5817.69,6,Medium,Direct Inquiry,1,0.40139639664469084,40.13963966446909,Low
12124,Chemicals,Chennai,Small,Food Ingredients,17800.13,28,Medium,Marketplace Search,1,0.4013721342030654,40.13721342030654,Low
19558,Textiles,Hyderabad,Medium,Steel & Metal,210726.34,39,High,Paid Search,0,0.4013550195116155,40.13550195116155,Low
6714,Pharmaceuticals,Jaipur,Medium,Auto Parts,14895.43,14,Medium,Marketplace Search,1,0.4013441808410286,40.134418084102855,Low
15198,Manufacturing,Ahmedabad,Medium,Packaging,5728.57,17,Critical,Marketplace Search,1,0.4013292749178828,40.13292749178828,Low
16098,Wholesale,Delhi NCR,Large,Packaging,23090.69,20,Medium,Email Campaign,1,0.40124781456967473,40.124781456967476,Low
5425,Pharmaceuticals,Delhi NCR,Large,Chemicals,11238.68,7,Medium,Organic Search,1,0.4012226286065315,40.12226286065315,Low
10901,Retail,Delhi NCR,Micro,Chemicals,27202.8,46,Low,Referral,1,0.4009653496582733,40.09653496582733,Low
4770,Pharmaceuticals,Bengaluru,Medium,Chemicals,45124.7,30,Medium,Direct Inquiry,1,0.4009567180768173,40.09567180768173,Low
12854,Electronics,Delhi NCR,Large,Construction Materials,52298.22,22,High,Referral,1,0.40095557078550303,40.0955570785503,Low
11472,Manufacturing,Bengaluru,Small,Packaging,11567.69,12,Critical,Direct Inquiry,1,0.40094750077790636,40.094750077790636,Low
4843,Wholesale,Chennai,Small,Industrial Equipment,5000.0,5,Medium,Email Campaign,1,0.4006894102802293,40.068941028022934,Low
19175,Construction,Bengaluru,Large,Chemicals,7970.93,14,High,Marketplace Search,1,0.40064462948935325,40.06446294893532,Low
9181,Manufacturing,Chennai,Large,Textile Machinery,17609.7,9,Low,Organic Search,1,0.40057959181762065,40.057959181762065,Low
15782,Wholesale,Jaipur,Medium,Office Supplies,5000.0,4,Medium,Direct Inquiry,1,0.40056916698576345,40.056916698576345,Low
4792,Construction,Hyderabad,Enterprise,Textile Machinery,5000.0,3,High,Marketplace Search,1,0.40056142185792987,40.056142185792986,Low
15346,Wholesale,Delhi NCR,Large,Industrial Equipment,18410.91,13,Medium,Referral,1,0.40056040639121826,40.056040639121825,Low
12345,Wholesale,Jaipur,Medium,Steel & Metal,48822.99,11,Low,Email Campaign,1,0.40055152819761314,40.05515281976131,Low
6822,Wholesale,Kolkata,Medium,Auto Parts,170530.6,84,High,Marketplace Search,0,0.40051407621214685,40.051407621214686,Low
18052,Chemicals,Jaipur,Medium,Chemicals,35455.54,10,Medium,Organic Search,1,0.4004757643689669,40.04757643689669,Low
1852,Wholesale,Ahmedabad,Medium,Office Supplies,28196.59,44,Low,Marketplace Search,1,0.40044685150465514,40.04468515046551,Low
10213,Automotive,Indore,Enterprise,Industrial Equipment,36431.22,13,Medium,Paid Search,1,0.40036411447399933,40.036411447399935,Low
13974,Construction,Ahmedabad,Medium,Steel & Metal,20984.95,11,High,Marketplace Search,1,0.4003622844250501,40.03622844250501,Low
17426,Wholesale,Mumbai,Large,Electrical Components,44353.54,38,High,Marketplace Search,1,0.4003219789616385,40.03219789616385,Low
16531,Manufacturing,Hyderabad,Small,Auto Parts,5000.0,3,Medium,Referral,1,0.40028579599511915,40.028579599511914,Low
7657,Food & Beverage,Pune,Micro,Office Supplies,5000.0,5,High,Marketplace Search,1,0.40014688445135,40.014688445135,Low
13900,Retail,Chennai,Medium,Packaging,5000.0,4,Low,Referral,1,0.40010149863773237,40.010149863773236,Low
15769,Food & Beverage,Kolkata,Medium,Auto Parts,23067.33,11,Medium,Marketplace Search,1,0.40008448032048277,40.00844803204828,Low
18762,Food & Beverage,Kolkata,Small,Auto Parts,7459.1,4,High,Direct Inquiry,1,0.40008244336017934,40.00824433601793,Low
6502,Automotive,Jaipur,Micro,Construction Materials,45479.58,22,High,Direct Inquiry,1,0.39999604552079326,39.999604552079326,Low
8116,Automotive,Hyderabad,Large,Chemicals,6938.43,17,Medium,Paid Search,1,0.39996555153177143,39.99655515317714,Low
8480,Manufacturing,Hyderabad,Large,Packaging,5000.0,2,High,Organic Search,1,0.39989973139668583,39.989973139668585,Low
4008,Construction,Bengaluru,Small,Steel & Metal,27174.5,11,Medium,Referral,1,0.39988135199381997,39.98813519938199,Low
19447,Construction,Chennai,Medium,Electrical Components,6775.19,11,Low,Referral,1,0.39984969039677803,39.9849690396778,Low
10097,Chemicals,Indore,Medium,Construction Materials,49672.83,17,High,Direct Inquiry,1,0.3998052032424362,39.98052032424362,Low
6653,Automotive,Jaipur,Small,Food Ingredients,17888.47,17,Medium,Direct Inquiry,1,0.39969794067955977,39.969794067955974,Low
13553,Chemicals,Hyderabad,Small,Steel & Metal,30633.19,14,Medium,Paid Search,1,0.39968837697332965,39.968837697332965,Low
12778,Wholesale,Pune,Medium,Packaging,5000.0,6,Medium,Marketplace Search,1,0.39967443329358693,39.967443329358694,Low
17315,Electronics,Hyderabad,Small,Steel & Metal,21696.11,15,High,Paid Search,1,0.3996696499072851,39.966964990728506,Low
8072,Construction,Mumbai,Small,Food Ingredients,7468.76,10,Medium,Paid Search,1,0.39964119077605387,39.96411907760539,Low
5864,Pharmaceuticals,Indore,Small,Chemicals,11442.1,15,High,Direct Inquiry,1,0.3996178085392827,39.96178085392827,Low
1313,Manufacturing,Kolkata,Medium,Chemicals,8089.51,7,Critical,Email Campaign,1,0.39957135485460643,39.95713548546064,Low
16238,Manufacturing,Pune,Small,Construction Materials,17085.34,6,Medium,Marketplace Search,1,0.3995480600994761,39.95480600994761,Low
361,Manufacturing,Mumbai,Micro,Steel & Metal,53107.74,15,Medium,Referral,1,0.39947442020435214,39.94744202043521,Low
17219,Wholesale,Indore,Small,Electrical Components,65835.74,16,Medium,Direct Inquiry,1,0.3993599402905487,39.935994029054875,Low
13027,Wholesale,Pune,Medium,Auto Parts,8212.05,3,Medium,Referral,1,0.39933051101836975,39.93305110183697,Low
1879,Automotive,Bengaluru,Medium,Textile Machinery,5000.0,1,Medium,Organic Search,1,0.3993157925282797,39.93157925282797,Low
5453,Construction,Bengaluru,Large,Chemicals,5000.0,2,Critical,Direct Inquiry,1,0.3992734593856873,39.927345938568735,Low
12167,Chemicals,Bengaluru,Small,Textile Machinery,5000.0,2,Medium,Paid Search,1,0.3992667927570672,39.926679275706725,Low
7754,Wholesale,Ahmedabad,Small,Industrial Equipment,60262.06,11,Low,Email Campaign,1,0.3992330153913933,39.92330153913933,Low
6613,Manufacturing,Hyderabad,Small,Packaging,5000.0,7,High,Paid Search,1,0.39916102113880375,39.91610211388038,Low
10877,Wholesale,Delhi NCR,Medium,Steel & Metal,5970.97,13,High,Organic Search,1,0.3991540000856611,39.91540000856611,Low
8438,Electronics,Jaipur,Medium,Textile Machinery,18059.71,8,Critical,Marketplace Search,1,0.3991195577609935,39.91195577609935,Low
6186,Food & Beverage,Hyderabad,Large,Auto Parts,5374.87,5,Medium,Organic Search,1,0.39908037098988147,39.908037098988146,Low
16123,Construction,Hyderabad,Enterprise,Textile Machinery,10328.6,12,Low,Organic Search,1,0.39906309907642756,39.90630990764276,Low
5791,Pharmaceuticals,Pune,Medium,Steel & Metal,19237.26,12,Medium,Referral,1,0.39905339765766246,39.90533976576624,Low
11745,Electronics,Bengaluru,Medium,Food Ingredients,5000.0,4,Medium,Organic Search,1,0.3989719354438985,39.89719354438985,Low
5603,Electronics,Ahmedabad,Small,Steel & Metal,19077.57,13,Medium,Marketplace Search,1,0.398954187132431,39.8954187132431,Low
10361,Automotive,Chennai,Small,Steel & Metal,57872.39,15,Medium,Referral,1,0.39893113499740585,39.893113499740586,Low
14263,Manufacturing,Mumbai,Medium,Electrical Components,34471.42,30,Critical,Marketplace Search,1,0.3988964070580322,39.88964070580322,Low
8846,Textiles,Chennai,Enterprise,Industrial Equipment,10175.39,2,Medium,Organic Search,0,0.3988735437153613,39.887354371536134,Low
14921,Food & Beverage,Ahmedabad,Small,Food Ingredients,5000.0,3,High,Referral,1,0.39875711197666863,39.87571119766686,Low
12302,Electronics,Ahmedabad,Large,Chemicals,31363.09,15,Medium,Organic Search,1,0.3987427774865095,39.87427774865095,Low
14717,Food & Beverage,Bengaluru,Micro,Industrial Equipment,8646.42,5,Medium,Referral,1,0.39873869508657867,39.87386950865787,Low
11140,Retail,Indore,Medium,Food Ingredients,23427.46,20,Medium,Organic Search,1,0.39872753680409495,39.872753680409495,Low
12691,Automotive,Indore,Medium,Textile Machinery,13754.03,9,High,Marketplace Search,1,0.3987204950409634,39.87204950409634,Low
3377,Electronics,Jaipur,Medium,Electrical Components,15233.24,9,Medium,Referral,1,0.39867893240500757,39.867893240500756,Low
437,Wholesale,Indore,Small,Office Supplies,5000.0,2,Medium,Referral,1,0.3986268483176359,39.86268483176359,Low
18766,Construction,Indore,Medium,Textile Machinery,23472.49,11,Low,Direct Inquiry,1,0.39853197034047216,39.85319703404721,Low
14314,Chemicals,Kolkata,Large,Steel & Metal,17289.5,9,Medium,Paid Search,1,0.3984073855192921,39.84073855192921,Low
350,Automotive,Indore,Small,Office Supplies,19919.7,19,Medium,Marketplace Search,1,0.39840372046094635,39.840372046094636,Low
14861,Pharmaceuticals,Chennai,Large,Textile Machinery,140709.52,28,Medium,Marketplace Search,1,0.39827965891336686,39.82796589133669,Low
3072,Textiles,Bengaluru,Medium,Construction Materials,8940.41,2,Critical,Direct Inquiry,1,0.3982553195144742,39.82553195144742,Low
14641,Food & Beverage,Indore,Small,Office Supplies,5652.75,5,High,Organic Search,1,0.398194444313465,39.819444431346504,Low
9414,Electronics,Chennai,Large,Steel & Metal,46595.02,15,Medium,Direct Inquiry,1,0.39793016991536295,39.7930169915363,Low
2899,Wholesale,Hyderabad,Micro,Industrial Equipment,5000.0,2,Low,Direct Inquiry,1,0.39791240978789366,39.79124097878937,Low
16050,Food & Beverage,Mumbai,Medium,Construction Materials,44079.95,7,High,Direct Inquiry,1,0.3978488916492369,39.78488916492369,Low
15013,Food & Beverage,Kolkata,Large,Office Supplies,5000.0,4,High,Organic Search,1,0.397840164392313,39.7840164392313,Low
4663,Manufacturing,Pune,Large,Electrical Components,5000.0,5,Medium,Marketplace Search,1,0.39783486586984357,39.78348658698436,Low
14980,Manufacturing,Ahmedabad,Large,Office Supplies,5000.0,2,Medium,Marketplace Search,1,0.39780915880439677,39.78091588043968,Low
326,Textiles,Delhi NCR,Medium,Auto Parts,5000.0,1,High,Direct Inquiry,1,0.3976660799945611,39.76660799945611,Low
13838,Wholesale,Pune,Small,Auto Parts,9137.61,6,High,Direct Inquiry,1,0.3976629970716718,39.76629970716718,Low
9663,Textiles,Mumbai,Micro,Packaging,5000.0,1,High,Organic Search,1,0.39760294364838894,39.76029436483889,Low
5872,Manufacturing,Kolkata,Small,Office Supplies,16063.37,31,High,Referral,0,0.3975544516062758,39.75544516062758,Low
6287,Chemicals,Chennai,Medium,Electrical Components,5000.0,2,High,Organic Search,1,0.3974163060554903,39.74163060554903,Low
1321,Wholesale,Pune,Large,Textile Machinery,31342.03,11,Medium,Email Campaign,1,0.3973390046699221,39.73390046699221,Low
14866,Wholesale,Chennai,Medium,Electrical Components,5054.21,6,High,Paid Search,1,0.39728982994331613,39.728982994331616,Low
11827,Construction,Ahmedabad,Small,Packaging,10975.41,10,Low,Organic Search,1,0.3972639947689883,39.726399476898834,Low
9034,Wholesale,Mumbai,Large,Auto Parts,25840.6,9,Medium,Organic Search,1,0.3972609127875801,39.726091278758005,Low
5788,Textiles,Ahmedabad,Medium,Office Supplies,5000.0,7,Medium,Referral,1,0.39724026215988323,39.724026215988324,Low
855,Wholesale,Indore,Large,Chemicals,5000.0,2,Medium,Direct Inquiry,1,0.39720998713917,39.720998713917,Low
12823,Pharmaceuticals,Bengaluru,Micro,Packaging,24131.39,23,High,Email Campaign,1,0.3968127995719214,39.68127995719214,Low
15290,Food & Beverage,Hyderabad,Small,Food Ingredients,5000.0,5,Medium,Direct Inquiry,1,0.3967288768490791,39.672887684907906,Low
6551,Construction,Mumbai,Enterprise,Office Supplies,11068.81,7,Low,Referral,1,0.3967225911041913,39.67225911041913,Low
5160,Chemicals,Bengaluru,Small,Textile Machinery,20065.19,10,High,Direct Inquiry,1,0.39669397470578194,39.6693974705782,Low
3307,Manufacturing,Indore,Medium,Electrical Components,39603.97,53,Medium,Direct Inquiry,1,0.396628982032753,39.6628982032753,Low
10923,Retail,Kolkata,Medium,Construction Materials,5000.0,4,Medium,Marketplace Search,1,0.3966272332042882,39.662723320428825,Low
15822,Wholesale,Hyderabad,Medium,Textile Machinery,59575.56,17,Medium,Organic Search,1,0.39660539255552524,39.66053925555252,Low
5338,Textiles,Indore,Small,Food Ingredients,14094.78,16,High,Organic Search,1,0.3966008323263384,39.660083232633845,Low
4731,Electronics,Bengaluru,Medium,Packaging,15248.4,19,High,Referral,1,0.39657431162660983,39.657431162660984,Low
2432,Automotive,Bengaluru,Medium,Office Supplies,9516.0,30,Medium,Organic Search,1,0.396487082117863,39.6487082117863,Low
10513,Wholesale,Delhi NCR,Micro,Electrical Components,6798.04,3,High,Marketplace Search,1,0.39647121017469883,39.647121017469885,Low
13466,Construction,Ahmedabad,Medium,Food Ingredients,27945.59,16,Low,Marketplace Search,1,0.39636244499266754,39.63624449926675,Low
18002,Chemicals,Pune,Small,Packaging,31896.7,41,Medium,Organic Search,1,0.39627421153362313,39.62742115336231,Low
2632,Electronics,Bengaluru,Small,Packaging,31124.57,45,High,Organic Search,1,0.39624257206196395,39.6242572061964,Low
15564,Automotive,Hyderabad,Small,Auto Parts,13679.19,10,High,Marketplace Search,1,0.39620833837358455,39.620833837358454,Low
3332,Manufacturing,Ahmedabad,Medium,Office Supplies,5000.0,9,Medium,Organic Search,1,0.3961403454015497,39.61403454015497,Low
18553,Pharmaceuticals,Pune,Large,Packaging,22816.52,18,Medium,Organic Search,1,0.3961127209659699,39.61127209659699,Low
12963,Food & Beverage,Hyderabad,Large,Construction Materials,25961.27,14,Medium,Email Campaign,1,0.3960397679427849,39.60397679427849,Low
9792,Manufacturing,Hyderabad,Small,Steel & Metal,5889.56,11,Medium,Marketplace Search,1,0.3957381364776075,39.57381364776075,Low
17491,Food & Beverage,Delhi NCR,Large,Auto Parts,5000.0,4,High,Direct Inquiry,1,0.3955570756475159,39.55570756475159,Low
5530,Retail,Hyderabad,Enterprise,Chemicals,15663.32,5,Medium,Marketplace Search,1,0.39551994785605493,39.551994785605494,Low
9980,Retail,Kolkata,Medium,Chemicals,25517.33,14,Medium,Marketplace Search,1,0.3954265957642272,39.542659576422714,Low
14354,Electronics,Mumbai,Small,Office Supplies,16200.9,22,High,Direct Inquiry,1,0.3954220729609497,39.54220729609497,Low
1327,Automotive,Bengaluru,Large,Chemicals,34772.21,17,Medium,Marketplace Search,1,0.39541477401547864,39.541477401547866,Low
2251,Food & Beverage,Indore,Medium,Electrical Components,15467.78,4,Low,Marketplace Search,1,0.39540308740622215,39.540308740622216,Low
13554,Electronics,Mumbai,Small,Auto Parts,12104.28,8,High,Organic Search,1,0.39540003749272346,39.540003749272344,Low
14601,Electronics,Chennai,Large,Chemicals,9066.59,9,High,Paid Search,1,0.395350224640161,39.5350224640161,Low
7182,Pharmaceuticals,Mumbai,Small,Office Supplies,30861.7,50,Low,Organic Search,1,0.39532436221885836,39.53243622188584,Low
4755,Automotive,Indore,Small,Auto Parts,10336.7,16,Medium,Direct Inquiry,1,0.39528620006240534,39.52862000624053,Low
17810,Electronics,Jaipur,Large,Packaging,5623.09,6,High,Marketplace Search,1,0.3952776763388539,39.52776763388539,Low
12071,Manufacturing,Delhi NCR,Small,Office Supplies,7033.34,9,Medium,Direct Inquiry,1,0.3952284997117292,39.52284997117292,Low
15003,Textiles,Delhi NCR,Small,Construction Materials,27239.68,28,High,Email Campaign,1,0.3951970372397416,39.51970372397416,Low
17159,Automotive,Chennai,Small,Steel & Metal,12506.43,11,Medium,Direct Inquiry,1,0.39517708178354266,39.51770817835427,Low
19656,Food & Beverage,Mumbai,Medium,Office Supplies,5000.0,5,Medium,Referral,1,0.3950357296466362,39.50357296466362,Low
12743,Automotive,Delhi NCR,Large,Office Supplies,12366.53,10,High,Direct Inquiry,1,0.3950269177359772,39.50269177359772,Low
19523,Wholesale,Mumbai,Large,Textile Machinery,42070.61,9,Medium,Direct Inquiry,1,0.3949962226345437,39.49962226345437,Low
18255,Retail,Indore,Small,Packaging,8623.64,12,Medium,Referral,1,0.3949922996123674,39.49922996123674,Low
15,Construction,Hyderabad,Medium,Steel & Metal,28679.82,11,High,Direct Inquiry,1,0.3949837311233817,39.49837311233817,Low
12763,Food & Beverage,Bengaluru,Medium,Construction Materials,49199.17,23,Medium,Marketplace Search,1,0.3949782107651788,39.49782107651788,Low
4938,Pharmaceuticals,Bengaluru,Medium,Packaging,12025.08,5,High,Direct Inquiry,1,0.39491258040939103,39.4912580409391,Low
18323,Wholesale,Indore,Small,Textile Machinery,5000.0,4,Low,Direct Inquiry,1,0.3948812618017561,39.48812618017561,Low
14372,Electronics,Delhi NCR,Small,Office Supplies,5000.0,10,High,Marketplace Search,1,0.3948488376942372,39.48488376942372,Low
5362,Manufacturing,Indore,Small,Industrial Equipment,5000.0,3,High,Organic Search,1,0.394786201512853,39.4786201512853,Low
15245,Chemicals,Kolkata,Large,Industrial Equipment,24597.62,9,Medium,Referral,1,0.39475167429718894,39.475167429718894,Low
17636,Construction,Ahmedabad,Medium,Office Supplies,23213.39,16,High,Email Campaign,1,0.394714412103478,39.471441210347805,Low
8901,Electronics,Jaipur,Small,Auto Parts,5000.0,3,High,Organic Search,1,0.3947001417683978,39.47001417683978,Low
9548,Automotive,Bengaluru,Small,Office Supplies,5000.0,1,Medium,Referral,1,0.3946455205006886,39.46455205006886,Low
12622,Food & Beverage,Pune,Medium,Auto Parts,11709.5,6,Medium,Direct Inquiry,1,0.39457239093046126,39.45723909304613,Low
13586,Wholesale,Jaipur,Medium,Construction Materials,59914.05,45,High,Marketplace Search,1,0.3945051333447927,39.45051333447927,Low
15707,Chemicals,Delhi NCR,Large,Construction Materials,8704.64,3,Medium,Marketplace Search,1,0.39447454942840404,39.4474549428404,Low
10012,Manufacturing,Indore,Large,Steel & Metal,5093.74,3,High,Marketplace Search,1,0.39442078438264894,39.44207843826489,Low
16944,Electronics,Chennai,Micro,Steel & Metal,5000.0,6,High,Referral,1,0.3942400082527455,39.424000825274554,Low
8704,Wholesale,Delhi NCR,Large,Textile Machinery,9739.17,10,Medium,Direct Inquiry,1,0.39419268439380123,39.419268439380126,Low
5077,Manufacturing,Kolkata,Medium,Construction Materials,11618.56,15,Low,Referral,1,0.3941238446028883,39.41238446028883,Low
7842,Manufacturing,Ahmedabad,Medium,Packaging,30647.38,12,Low,Paid Search,1,0.3940550485781735,39.40550485781735,Low
4722,Construction,Delhi NCR,Small,Industrial Equipment,79592.07,25,Medium,Referral,1,0.3940319476648598,39.40319476648598,Low
1089,Wholesale,Mumbai,Small,Steel & Metal,17721.51,7,Low,Referral,1,0.39395415967878983,39.39541596787898,Low
18364,Manufacturing,Ahmedabad,Large,Food Ingredients,24156.67,18,Medium,Paid Search,1,0.39393858270193877,39.393858270193874,Low
17675,Retail,Mumbai,Large,Auto Parts,5602.7,4,Critical,Referral,1,0.3939166114840173,39.39166114840173,Low
10894,Pharmaceuticals,Jaipur,Medium,Office Supplies,5000.0,5,Medium,Organic Search,1,0.3938339398261885,39.38339398261885,Low
10829,Wholesale,Indore,Large,Food Ingredients,50496.23,31,High,Paid Search,1,0.3938168986679652,39.38168986679652,Low
8378,Wholesale,Jaipur,Micro,Steel & Metal,55120.22,16,Medium,Direct Inquiry,1,0.3937410443428296,39.374104434282955,Low
14916,Food & Beverage,Pune,Large,Chemicals,33909.52,10,Low,Organic Search,1,0.3936863977612331,39.36863977612331,Low
13490,Construction,Mumbai,Medium,Auto Parts,9082.02,15,Medium,Direct Inquiry,1,0.3936225838581192,39.36225838581192,Low
9736,Manufacturing,Hyderabad,Large,Industrial Equipment,27350.47,10,High,Marketplace Search,1,0.3936005503915344,39.360055039153444,Low
4447,Wholesale,Delhi NCR,Small,Office Supplies,10264.62,13,Medium,Organic Search,1,0.39359347176836923,39.35934717683692,Low
4337,Manufacturing,Jaipur,Micro,Industrial Equipment,12811.01,6,High,Organic Search,1,0.39357627562738895,39.3576275627389,Low
15028,Pharmaceuticals,Bengaluru,Small,Packaging,10438.46,10,High,Referral,1,0.39346817966892705,39.34681796689271,Low
11599,Manufacturing,Pune,Micro,Office Supplies,5000.0,3,High,Email Campaign,1,0.3934374130731845,39.34374130731845,Low
10304,Electronics,Ahmedabad,Large,Packaging,9719.64,9,Low,Direct Inquiry,1,0.3931535924782897,39.315359247828965,Low
19565,Automotive,Indore,Enterprise,Office Supplies,14493.48,30,High,Paid Search,1,0.39314536295625957,39.314536295625956,Low
12848,Manufacturing,Mumbai,Medium,Auto Parts,42268.34,26,High,Organic Search,1,0.3931363796733998,39.31363796733998,Low
3030,Food & Beverage,Hyderabad,Micro,Industrial Equipment,5667.9,4,High,Organic Search,1,0.3930885434350362,39.30885434350362,Low
12474,Automotive,Ahmedabad,Medium,Electrical Components,5000.0,2,High,Direct Inquiry,1,0.39301674001909287,39.301674001909284,Low
18709,Textiles,Bengaluru,Small,Industrial Equipment,10739.8,6,Critical,Marketplace Search,1,0.39293109370997836,39.29310937099784,Low
11794,Pharmaceuticals,Kolkata,Medium,Packaging,5000.0,8,High,Marketplace Search,1,0.3928583216866223,39.28583216866223,Low
16907,Electronics,Bengaluru,Large,Chemicals,5000.0,2,Critical,Marketplace Search,1,0.39275438571541205,39.2754385715412,Low
1019,Wholesale,Pune,Small,Construction Materials,6897.12,6,Medium,Paid Search,1,0.3927180612212734,39.27180612212734,Low
2551,Wholesale,Indore,Small,Office Supplies,5000.0,14,High,Referral,1,0.3926948617284368,39.269486172843685,Low
1883,Food & Beverage,Hyderabad,Small,Industrial Equipment,6744.41,5,Medium,Organic Search,1,0.3926132688997658,39.26132688997658,Low
6915,Electronics,Kolkata,Small,Packaging,6973.05,11,High,Marketplace Search,1,0.3925511479223311,39.25511479223311,Low
14057,Retail,Hyderabad,Large,Textile Machinery,73009.5,17,Medium,Referral,1,0.3924731148538742,39.24731148538742,Low
6646,Manufacturing,Mumbai,Micro,Industrial Equipment,5000.0,2,High,Referral,1,0.39243070254580076,39.243070254580076,Low
18086,Construction,Indore,Small,Chemicals,42194.06,32,Medium,Referral,1,0.3923410500558952,39.23410500558952,Low
11914,Chemicals,Hyderabad,Large,Steel & Metal,35576.02,12,Medium,Marketplace Search,1,0.39227489672542953,39.22748967254295,Low
10096,Manufacturing,Mumbai,Medium,Chemicals,9662.77,5,High,Marketplace Search,1,0.39221967668023044,39.22196766802305,Low
12179,Retail,Hyderabad,Medium,Office Supplies,33584.66,19,Medium,Paid Search,1,0.3922172137915271,39.221721379152704,Low
426,Construction,Ahmedabad,Large,Food Ingredients,5000.0,5,Low,Referral,1,0.39219406947751567,39.219406947751565,Low
2748,Wholesale,Jaipur,Large,Steel & Metal,24930.25,13,High,Organic Search,1,0.3921671933083087,39.21671933083087,Low
14134,Food & Beverage,Indore,Enterprise,Auto Parts,19823.1,6,Medium,Direct Inquiry,1,0.39212218908974444,39.21221890897444,Low
1477,Chemicals,Kolkata,Medium,Food Ingredients,5000.0,6,Medium,Direct Inquiry,1,0.39187300951975,39.187300951975004,Low
11070,Chemicals,Mumbai,Medium,Electrical Components,35395.27,27,Medium,Organic Search,1,0.39182694570775717,39.182694570775716,Low
4362,Pharmaceuticals,Mumbai,Large,Textile Machinery,19444.31,12,Medium,Direct Inquiry,1,0.39182554358314114,39.182554358314114,Low
1652,Construction,Kolkata,Medium,Food Ingredients,5000.0,3,High,Direct Inquiry,1,0.3917546994176422,39.17546994176422,Low
3262,Manufacturing,Hyderabad,Small,Steel & Metal,115740.14,25,Medium,Direct Inquiry,1,0.3916401755367127,39.16401755367127,Low
18087,Electronics,Pune,Large,Food Ingredients,14262.95,8,Critical,Organic Search,1,0.3916333871507953,39.16333871507953,Low
14439,Food & Beverage,Hyderabad,Medium,Construction Materials,5000.0,3,Medium,Paid Search,1,0.391629226290068,39.1629226290068,Low
13756,Electronics,Indore,Small,Industrial Equipment,14350.29,10,Medium,Direct Inquiry,1,0.3915801293662494,39.15801293662494,Low
7880,Construction,Bengaluru,Small,Chemicals,15148.1,5,High,Marketplace Search,1,0.39157480814004136,39.15748081400414,Low
11136,Electronics,Indore,Micro,Electrical Components,24134.68,19,Critical,Paid Search,1,0.3915704874805171,39.15704874805171,Low
10413,Wholesale,Pune,Large,Construction Materials,12269.79,12,Medium,Referral,1,0.3915379394336152,39.15379394336152,Low
2673,Wholesale,Hyderabad,Medium,Steel & Metal,22947.54,12,High,Organic Search,1,0.3914936133343798,39.14936133343798,Low
9779,Textiles,Delhi NCR,Medium,Steel & Metal,17557.25,5,Medium,Referral,1,0.3914160292978605,39.14160292978605,Low
15738,Manufacturing,Delhi NCR,Small,Steel & Metal,101483.33,20,Medium,Organic Search,0,0.39140271361951573,39.14027136195158,Low
1192,Electronics,Chennai,Medium,Industrial Equipment,18976.78,7,High,Marketplace Search,1,0.39136645422973626,39.13664542297363,Low
5144,Retail,Ahmedabad,Small,Electrical Components,27164.96,19,Medium,Paid Search,1,0.3913300748908599,39.13300748908599,Low
10230,Automotive,Jaipur,Medium,Textile Machinery,34047.55,5,Critical,Organic Search,1,0.3913040150555638,39.13040150555638,Low
4821,Construction,Chennai,Large,Office Supplies,61532.88,37,High,Paid Search,1,0.39122249426517974,39.122249426517975,Low
13732,Wholesale,Indore,Small,Construction Materials,6059.51,6,High,Referral,1,0.3912149077993242,39.12149077993242,Low
19624,Manufacturing,Bengaluru,Small,Auto Parts,16686.66,20,Low,Organic Search,1,0.3912069783607938,39.12069783607938,Low
815,Electronics,Kolkata,Large,Office Supplies,5000.0,3,High,Marketplace Search,1,0.39118460475990496,39.118460475990496,Low
15933,Chemicals,Bengaluru,Medium,Chemicals,13323.14,24,Medium,Referral,1,0.3911728617838563,39.117286178385626,Low
15729,Chemicals,Bengaluru,Medium,Office Supplies,5000.0,2,Medium,Direct Inquiry,1,0.3910869019017467,39.10869019017467,Low
17881,Retail,Chennai,Micro,Packaging,10332.88,15,Low,Direct Inquiry,1,0.3910257492390021,39.10257492390021,Low
17710,Chemicals,Pune,Medium,Food Ingredients,5000.0,9,Medium,Direct Inquiry,1,0.3909528222366763,39.09528222366763,Low
16438,Wholesale,Bengaluru,Small,Electrical Components,23079.12,17,Low,Referral,1,0.3909414090228393,39.09414090228393,Low
4565,Pharmaceuticals,Hyderabad,Large,Packaging,5629.76,10,Medium,Marketplace Search,1,0.3908721314348976,39.087213143489755,Low
9915,Retail,Pune,Small,Auto Parts,30824.63,20,Medium,Direct Inquiry,1,0.3908550896729684,39.08550896729684,Low
2992,Retail,Hyderabad,Large,Steel & Metal,19384.28,10,Medium,Organic Search,1,0.3908385853316042,39.083858533160424,Low
18240,Wholesale,Mumbai,Medium,Chemicals,5000.0,1,Medium,Marketplace Search,1,0.39079123685267575,39.079123685267575,Low
8093,Chemicals,Jaipur,Small,Food Ingredients,24353.26,17,Medium,Marketplace Search,1,0.390734783859284,39.073478385928404,Low
12656,Construction,Chennai,Medium,Construction Materials,5618.77,6,High,Direct Inquiry,1,0.39068986597348093,39.06898659734809,Low
18028,Automotive,Indore,Medium,Packaging,5000.0,2,Medium,Organic Search,1,0.3906706932525044,39.06706932525044,Low
8810,Textiles,Bengaluru,Small,Food Ingredients,5000.0,9,Low,Direct Inquiry,1,0.39066378688969133,39.06637868896913,Low
10763,Textiles,Hyderabad,Medium,Textile Machinery,38691.52,14,Medium,Referral,1,0.3905700829099186,39.05700829099186,Low
13221,Pharmaceuticals,Bengaluru,Large,Packaging,20337.39,19,Low,Paid Search,1,0.39049137316529137,39.049137316529134,Low
6560,Wholesale,Mumbai,Small,Office Supplies,5000.0,10,High,Organic Search,1,0.39048016672657665,39.04801667265767,Low
2764,Manufacturing,Ahmedabad,Small,Office Supplies,5000.0,9,Medium,Email Campaign,1,0.3904046200516444,39.040462005164436,Low
2602,Wholesale,Bengaluru,Medium,Electrical Components,5000.0,6,High,Direct Inquiry,1,0.39034788046286334,39.03478804628634,Low
18285,Wholesale,Ahmedabad,Medium,Office Supplies,6531.8,13,Low,Organic Search,1,0.3902665957653971,39.02665957653971,Low
3438,Manufacturing,Chennai,Medium,Auto Parts,6003.22,3,High,Paid Search,1,0.39023388963009825,39.02338896300982,Low
8948,Wholesale,Chennai,Medium,Construction Materials,31868.55,13,Medium,Direct Inquiry,1,0.390205427846888,39.0205427846888,Low
18502,Food & Beverage,Bengaluru,Medium,Construction Materials,27477.01,12,Medium,Organic Search,1,0.39012789520095864,39.012789520095865,Low
17109,Automotive,Mumbai,Large,Electrical Components,49862.38,26,High,Marketplace Search,1,0.3901230573220556,39.01230573220556,Low
3443,Retail,Chennai,Medium,Office Supplies,5000.0,2,Medium,Organic Search,1,0.3900537002225425,39.00537002225425,Low
4441,Retail,Bengaluru,Large,Packaging,5000.0,2,Medium,Direct Inquiry,1,0.39004441730810907,39.00444173081091,Low
13927,Retail,Ahmedabad,Small,Steel & Metal,9619.27,8,Medium,Organic Search,1,0.3899571119146283,38.99571119146283,Low
10300,Construction,Jaipur,Small,Textile Machinery,7252.83,6,Critical,Direct Inquiry,1,0.38986717947791305,38.986717947791306,Low
3474,Automotive,Ahmedabad,Small,Food Ingredients,6719.93,6,Medium,Direct Inquiry,1,0.38986417246081123,38.986417246081125,Low
14854,Textiles,Pune,Medium,Construction Materials,10370.67,4,High,Direct Inquiry,1,0.38981349521239445,38.981349521239444,Low
3370,Electronics,Mumbai,Medium,Steel & Metal,87936.28,15,High,Marketplace Search,1,0.3897733271728535,38.97733271728535,Low
1607,Construction,Kolkata,Small,Electrical Components,5000.0,3,Critical,Organic Search,1,0.38973806450652326,38.973806450652326,Low
5268,Electronics,Delhi NCR,Medium,Office Supplies,9261.31,5,Low,Referral,1,0.38964940521491626,38.96494052149163,Low
17965,Food & Beverage,Hyderabad,Large,Construction Materials,23855.03,11,Medium,Organic Search,1,0.38961480623851535,38.961480623851536,Low
10981,Construction,Kolkata,Medium,Packaging,5000.0,3,High,Paid Search,1,0.3895944217738562,38.959442177385625,Low
2912,Automotive,Ahmedabad,Large,Office Supplies,5000.0,6,Medium,Referral,1,0.3895888590115799,38.95888590115799,Low
10883,Electronics,Bengaluru,Medium,Office Supplies,7722.44,17,High,Marketplace Search,1,0.3895536085636511,38.95536085636511,Low
16332,Electronics,Hyderabad,Large,Electrical Components,11501.86,8,High,Marketplace Search,1,0.3895315777614963,38.953157776149624,Low
11149,Pharmaceuticals,Pune,Small,Industrial Equipment,5000.0,5,High,Direct Inquiry,1,0.3895067631273587,38.95067631273587,Low
1409,Food & Beverage,Ahmedabad,Small,Auto Parts,15465.79,10,Medium,Marketplace Search,1,0.38944937180846245,38.944937180846246,Low
19908,Chemicals,Bengaluru,Enterprise,Chemicals,5073.6,3,Medium,Direct Inquiry,1,0.38943962057821324,38.943962057821324,Low
17786,Retail,Pune,Medium,Office Supplies,5000.0,3,High,Marketplace Search,1,0.38939696032650734,38.93969603265074,Low
19680,Construction,Ahmedabad,Medium,Chemicals,5000.0,7,Medium,Direct Inquiry,1,0.389373595205474,38.937359520547396,Low
11684,Textiles,Bengaluru,Medium,Chemicals,25385.6,8,Medium,Referral,1,0.3892526559484791,38.92526559484791,Low
15929,Construction,Delhi NCR,Medium,Office Supplies,5000.0,2,High,Email Campaign,1,0.3892198405010692,38.92198405010692,Low
17033,Automotive,Jaipur,Small,Industrial Equipment,18212.61,18,High,Email Campaign,1,0.38915542255609015,38.91554225560901,Low
18509,Chemicals,Bengaluru,Medium,Steel & Metal,30855.98,17,Critical,Marketplace Search,1,0.3890934265920535,38.90934265920535,Low
1676,Food & Beverage,Chennai,Micro,Textile Machinery,15417.39,7,High,Marketplace Search,1,0.3889881280701543,38.89881280701543,Low
14560,Wholesale,Delhi NCR,Large,Construction Materials,37314.06,12,Medium,Direct Inquiry,1,0.38897159303824574,38.89715930382457,Low
7189,Pharmaceuticals,Indore,Medium,Food Ingredients,5000.0,4,High,Direct Inquiry,1,0.3889388977581989,38.893889775819886,Low
11925,Retail,Jaipur,Medium,Chemicals,25671.4,21,Medium,Referral,1,0.3889263367857558,38.89263367857558,Low
17741,Food & Beverage,Indore,Small,Electrical Components,5498.08,6,Medium,Organic Search,1,0.38888163296702805,38.88816329670281,Low
8721,Wholesale,Ahmedabad,Small,Chemicals,12188.72,12,Medium,Direct Inquiry,1,0.3887917515566094,38.87917515566094,Low
14488,Retail,Ahmedabad,Small,Steel & Metal,38561.54,15,Low,Organic Search,1,0.388751219859768,38.875121985976804,Low
558,Automotive,Mumbai,Small,Textile Machinery,5000.0,1,High,Marketplace Search,1,0.3887425386439948,38.87425386439948,Low
1889,Wholesale,Indore,Large,Steel & Metal,31678.3,10,Medium,Marketplace Search,1,0.3887408553575814,38.87408553575814,Low
16389,Wholesale,Indore,Small,Packaging,76180.12,41,Medium,Organic Search,1,0.3886876991108603,38.868769911086034,Low
10496,Retail,Delhi NCR,Medium,Electrical Components,17131.59,16,Low,Direct Inquiry,1,0.38862553469849864,38.862553469849864,Low
8644,Retail,Bengaluru,Micro,Packaging,5956.07,10,Medium,Organic Search,1,0.388584726665086,38.8584726665086,Low
13233,Pharmaceuticals,Ahmedabad,Small,Steel & Metal,6208.57,14,High,Marketplace Search,1,0.3884628451248548,38.84628451248548,Low
14373,Manufacturing,Kolkata,Medium,Chemicals,17647.25,12,Medium,Marketplace Search,1,0.388441317116599,38.8441317116599,Low
7867,Construction,Ahmedabad,Large,Industrial Equipment,9025.84,5,Medium,Marketplace Search,1,0.38836822393140574,38.83682239314057,Low
2891,Chemicals,Indore,Large,Industrial Equipment,8166.34,4,Medium,Direct Inquiry,1,0.3883164492097031,38.83164492097031,Low
9941,Construction,Chennai,Large,Textile Machinery,34605.18,12,Medium,Marketplace Search,1,0.38822356512499295,38.8223565124993,Low
4673,Retail,Pune,Medium,Electrical Components,14754.25,6,Low,Direct Inquiry,1,0.38810131294766437,38.810131294766435,Low
19444,Manufacturing,Bengaluru,Enterprise,Construction Materials,48734.08,17,Medium,Organic Search,1,0.3880375430979942,38.80375430979942,Low
3749,Construction,Mumbai,Large,Construction Materials,121053.11,31,Low,Referral,1,0.38795653886749754,38.795653886749754,Low
6680,Pharmaceuticals,Kolkata,Large,Electrical Components,20998.65,18,Low,Referral,1,0.3879101952342308,38.79101952342308,Low
4458,Manufacturing,Pune,Small,Steel & Metal,30374.52,15,Medium,Organic Search,1,0.3878391782130246,38.78391782130246,Low
17525,Wholesale,Kolkata,Large,Textile Machinery,58644.16,28,Medium,Marketplace Search,1,0.3877875498873042,38.77875498873042,Low
17087,Retail,Jaipur,Small,Packaging,54566.72,66,Low,Email Campaign,1,0.3877573829901543,38.77573829901543,Low
974,Retail,Hyderabad,Small,Construction Materials,5000.0,2,Medium,Organic Search,1,0.3876637316365557,38.76637316365557,Low
111,Construction,Delhi NCR,Enterprise,Electrical Components,15522.48,7,Medium,Referral,1,0.3876592578788203,38.765925787882026,Low
2555,Pharmaceuticals,Bengaluru,Large,Packaging,41397.2,37,Low,Direct Inquiry,1,0.38764198622137624,38.76419862213763,Low
12142,Textiles,Ahmedabad,Micro,Construction Materials,6937.69,14,High,Direct Inquiry,1,0.387597969178003,38.7597969178003,Low
12510,Manufacturing,Bengaluru,Small,Electrical Components,5000.0,2,Critical,Organic Search,1,0.3874041645623426,38.740416456234264,Low
18274,Construction,Mumbai,Small,Electrical Components,5000.0,3,Low,Direct Inquiry,1,0.3873998019310575,38.73998019310575,Low
16506,Retail,Hyderabad,Medium,Chemicals,13958.48,14,Medium,Paid Search,1,0.38724953910857524,38.72495391085752,Low
7109,Manufacturing,Ahmedabad,Medium,Auto Parts,7502.1,7,Low,Marketplace Search,1,0.3872116806405799,38.72116806405799,Low
4913,Chemicals,Delhi NCR,Large,Textile Machinery,21633.44,10,High,Direct Inquiry,1,0.3870127416292779,38.70127416292779,Low
18379,Electronics,Ahmedabad,Medium,Auto Parts,30727.4,25,Medium,Direct Inquiry,1,0.38699993794965476,38.69999379496548,Low
7537,Textiles,Chennai,Micro,Packaging,5000.0,2,Critical,Email Campaign,1,0.38672683497790616,38.672683497790615,Low
8857,Chemicals,Jaipur,Small,Construction Materials,15202.87,6,High,Marketplace Search,1,0.3866722826836334,38.66722826836334,Low
16368,Wholesale,Delhi NCR,Micro,Packaging,19821.84,15,High,Marketplace Search,1,0.38655637936380294,38.655637936380295,Low
19815,Construction,Bengaluru,Medium,Construction Materials,30876.24,17,High,Email Campaign,1,0.38652135789735126,38.65213578973513,Low
16140,Automotive,Ahmedabad,Large,Construction Materials,25084.16,13,Medium,Referral,1,0.38650311135069726,38.65031113506973,Low
18371,Construction,Bengaluru,Medium,Chemicals,5000.0,6,Low,Marketplace Search,1,0.3864676930666423,38.64676930666423,Low
15925,Electronics,Pune,Medium,Textile Machinery,18505.55,10,High,Organic Search,1,0.3863891964702458,38.63891964702458,Low
3105,Pharmaceuticals,Jaipur,Large,Textile Machinery,27752.39,11,High,Marketplace Search,1,0.38638579652280053,38.63857965228005,Low
13978,Chemicals,Delhi NCR,Medium,Electrical Components,16067.01,6,High,Marketplace Search,1,0.3863313686277613,38.63313686277613,Low
90,Manufacturing,Indore,Medium,Textile Machinery,14554.97,4,Medium,Referral,1,0.386327721378113,38.6327721378113,Low
11718,Automotive,Pune,Small,Auto Parts,6992.1,4,Medium,Organic Search,1,0.38631361389283947,38.631361389283946,Low
6557,Manufacturing,Indore,Medium,Chemicals,28760.58,17,High,Paid Search,1,0.38629676572633814,38.62967657263381,Low
2026,Textiles,Indore,Small,Steel & Metal,17207.19,14,Medium,Marketplace Search,1,0.3862051515279833,38.620515152798326,Low
4115,Construction,Indore,Small,Steel & Metal,7942.01,6,Critical,Email Campaign,1,0.38615485273570394,38.61548527357039,Low
2336,Electronics,Indore,Medium,Auto Parts,88003.92,24,Medium,Referral,1,0.38614341753950926,38.614341753950924,Low
4873,Automotive,Pune,Small,Food Ingredients,5000.0,10,High,Marketplace Search,1,0.38595769993849244,38.595769993849245,Low
3676,Retail,Bengaluru,Large,Construction Materials,20684.93,16,Medium,Marketplace Search,1,0.38595271905935336,38.595271905935334,Low
9825,Manufacturing,Chennai,Medium,Industrial Equipment,38850.17,21,High,Paid Search,1,0.3859460072454017,38.594600724540165,Low
11320,Retail,Indore,Small,Textile Machinery,5274.72,5,Low,Referral,1,0.3859416650612073,38.59416650612073,Low
15888,Chemicals,Delhi NCR,Medium,Chemicals,24393.3,23,Low,Referral,1,0.3859131609786145,38.59131609786145,Low
3009,Food & Beverage,Pune,Medium,Auto Parts,78080.43,17,Critical,Paid Search,1,0.3858657600888302,38.58657600888302,Low
16161,Construction,Bengaluru,Medium,Construction Materials,5314.26,5,Medium,Paid Search,1,0.3858305219296065,38.58305219296065,Low
8213,Automotive,Bengaluru,Medium,Food Ingredients,10134.32,15,Medium,Paid Search,1,0.38577708240674424,38.577708240674426,Low
18844,Retail,Hyderabad,Small,Steel & Metal,5000.0,4,Low,Organic Search,1,0.38576493259644656,38.57649325964466,Low
1055,Pharmaceuticals,Delhi NCR,Medium,Textile Machinery,30196.02,27,Critical,Paid Search,1,0.3856370828193556,38.56370828193556,Low
19286,Pharmaceuticals,Bengaluru,Enterprise,Packaging,5000.0,6,Medium,Marketplace Search,1,0.38552068944211165,38.552068944211165,Low
4768,Construction,Hyderabad,Large,Textile Machinery,10202.51,8,Medium,Direct Inquiry,1,0.38546329176488303,38.5463291764883,Low
5857,Wholesale,Pune,Medium,Food Ingredients,5000.0,2,Low,Referral,1,0.3853587521160612,38.53587521160612,Low
3667,Manufacturing,Bengaluru,Medium,Electrical Components,5000.0,3,Medium,Referral,1,0.38529177179524077,38.529177179524076,Low
17635,Pharmaceuticals,Ahmedabad,Small,Office Supplies,12095.11,11,Medium,Marketplace Search,1,0.38509788332645173,38.50978833264517,Low
6439,Automotive,Pune,Small,Steel & Metal,15220.61,8,Critical,Organic Search,1,0.38507991000533387,38.50799100053339,Low
11598,Food & Beverage,Indore,Small,Electrical Components,5000.0,2,Medium,Referral,1,0.38504404654805724,38.504404654805725,Low
18681,Pharmaceuticals,Pune,Small,Electrical Components,5000.0,3,Low,Direct Inquiry,1,0.3850111417407142,38.50111417407142,Low
8221,Food & Beverage,Pune,Medium,Packaging,19409.92,14,Medium,Marketplace Search,1,0.38496594021120545,38.49659402112054,Low
9577,Pharmaceuticals,Pune,Small,Construction Materials,22267.56,9,High,Organic Search,1,0.3849374737235323,38.49374737235323,Low
18007,Wholesale,Mumbai,Small,Electrical Components,29215.08,11,Medium,Direct Inquiry,1,0.3849281951422535,38.49281951422535,Low
9910,Manufacturing,Kolkata,Small,Food Ingredients,8646.72,6,Medium,Organic Search,1,0.3848833780451616,38.488337804516156,Low
9211,Retail,Bengaluru,Medium,Electrical Components,24376.43,18,High,Direct Inquiry,1,0.3848688974597863,38.48688974597863,Low
15350,Construction,Kolkata,Large,Textile Machinery,16184.84,4,Medium,Paid Search,1,0.38483714261089713,38.483714261089716,Low
6225,Manufacturing,Ahmedabad,Small,Textile Machinery,10121.6,3,Medium,Direct Inquiry,1,0.3848061537703716,38.48061537703716,Low
3444,Electronics,Kolkata,Large,Steel & Metal,15780.77,11,Medium,Referral,1,0.38472322399245706,38.472322399245705,Low
7155,Food & Beverage,Delhi NCR,Medium,Textile Machinery,5403.17,2,High,Marketplace Search,1,0.3846407989479465,38.46407989479465,Low
9791,Manufacturing,Ahmedabad,Large,Auto Parts,13363.24,9,Critical,Direct Inquiry,1,0.38463978477523914,38.463978477523916,Low
4690,Wholesale,Mumbai,Medium,Construction Materials,10736.28,9,Medium,Organic Search,1,0.384618079718019,38.461807971801896,Low
7008,Manufacturing,Ahmedabad,Medium,Chemicals,16264.21,6,High,Organic Search,1,0.3845792631957395,38.45792631957395,Low
15136,Manufacturing,Indore,Large,Electrical Components,14412.02,21,Low,Organic Search,1,0.3845573972302501,38.45573972302501,Low
13551,Food & Beverage,Bengaluru,Medium,Textile Machinery,55599.94,27,Low,Direct Inquiry,1,0.3844907621161865,38.449076211618646,Low
2627,Retail,Delhi NCR,Medium,Electrical Components,7071.56,8,High,Direct Inquiry,1,0.3844630886810233,38.44630886810233,Low
18778,Manufacturing,Mumbai,Medium,Food Ingredients,32759.13,46,High,Organic Search,1,0.3843424875340335,38.43424875340335,Low
9652,Construction,Chennai,Large,Steel & Metal,15330.53,10,Low,Direct Inquiry,1,0.38431067377285644,38.43106737728564,Low
16178,Retail,Kolkata,Small,Chemicals,30439.77,10,Critical,Paid Search,0,0.384257500280075,38.4257500280075,Low
435,Construction,Kolkata,Small,Chemicals,5000.0,1,High,Paid Search,1,0.3841831837730383,38.41831837730383,Low
10591,Textiles,Hyderabad,Large,Office Supplies,7721.97,8,High,Marketplace Search,1,0.3841800570863308,38.41800570863308,Low
3273,Food & Beverage,Mumbai,Micro,Textile Machinery,37801.49,20,High,Marketplace Search,1,0.3841180095656664,38.41180095656664,Low
2105,Food & Beverage,Indore,Medium,Office Supplies,7236.42,11,Medium,Organic Search,1,0.3840825903098604,38.408259030986045,Low
9858,Wholesale,Bengaluru,Medium,Chemicals,13243.35,7,Medium,Organic Search,1,0.38403157433793256,38.403157433793254,Low
19399,Wholesale,Bengaluru,Large,Steel & Metal,25002.4,16,Low,Paid Search,1,0.38393490445638745,38.39349044563875,Low
19976,Food & Beverage,Pune,Micro,Auto Parts,5461.18,3,Critical,Organic Search,1,0.38392744064255724,38.39274406425572,Low
14119,Construction,Ahmedabad,Small,Steel & Metal,18100.09,4,High,Paid Search,1,0.38389784924633996,38.38978492463399,Low
14581,Retail,Pune,Medium,Industrial Equipment,5000.0,3,Medium,Referral,1,0.38382974668956393,38.38297466895639,Low
13424,Wholesale,Hyderabad,Large,Chemicals,34222.68,13,High,Direct Inquiry,1,0.3838219354240618,38.38219354240618,Low
555,Construction,Mumbai,Medium,Steel & Metal,5000.0,2,High,Direct Inquiry,1,0.38366792851603815,38.36679285160381,Low
9616,Manufacturing,Indore,Large,Electrical Components,29231.57,14,High,Marketplace Search,1,0.3836376776540075,38.36376776540075,Low
17229,Textiles,Jaipur,Micro,Auto Parts,5000.0,6,Low,Direct Inquiry,1,0.3836090961071845,38.36090961071845,Low
6045,Retail,Kolkata,Enterprise,Construction Materials,13158.13,7,Medium,Paid Search,1,0.3835944459252397,38.35944459252397,Low
19913,Textiles,Pune,Medium,Food Ingredients,9209.18,23,High,Direct Inquiry,1,0.38352412111566564,38.352412111566565,Low
1097,Textiles,Ahmedabad,Large,Textile Machinery,9033.18,3,Medium,Organic Search,1,0.38350948952194974,38.350948952194976,Low
11108,Wholesale,Kolkata,Medium,Industrial Equipment,128648.0,30,Medium,Marketplace Search,1,0.3834185552491821,38.34185552491821,Low
7458,Manufacturing,Jaipur,Small,Industrial Equipment,21518.48,4,Low,Organic Search,1,0.3833567939489436,38.33567939489436,Low
8405,Textiles,Chennai,Large,Industrial Equipment,7931.93,6,Medium,Marketplace Search,1,0.38326488571103035,38.326488571103035,Low
3816,Wholesale,Bengaluru,Large,Chemicals,5000.0,1,Low,Organic Search,1,0.38323975805863436,38.323975805863434,Low
6574,Wholesale,Delhi NCR,Medium,Auto Parts,31163.04,27,Medium,Marketplace Search,1,0.3831521321065404,38.31521321065404,Low
14208,Manufacturing,Ahmedabad,Small,Electrical Components,11501.95,9,Medium,Organic Search,1,0.3830803406356291,38.308034063562914,Low
14261,Automotive,Indore,Medium,Electrical Components,5000.0,1,Medium,Marketplace Search,1,0.38290996697755814,38.290996697755816,Low
15430,Textiles,Chennai,Small,Textile Machinery,12391.11,4,Low,Marketplace Search,1,0.38290558621791265,38.29055862179126,Low
14290,Electronics,Bengaluru,Micro,Office Supplies,5000.0,7,High,Referral,1,0.3828443554791768,38.28443554791768,Low
11383,Automotive,Pune,Large,Food Ingredients,5000.0,20,High,Organic Search,1,0.3828039101999192,38.280391019991924,Low
15801,Automotive,Kolkata,Large,Chemicals,94185.78,26,Medium,Marketplace Search,1,0.3827761648787713,38.27761648787713,Low
8932,Manufacturing,Indore,Medium,Office Supplies,8042.18,16,Medium,Organic Search,1,0.3827466845963064,38.27466845963064,Low
14882,Manufacturing,Pune,Large,Auto Parts,52927.32,30,Low,Direct Inquiry,1,0.38273685075198716,38.27368507519871,Low
3213,Automotive,Hyderabad,Small,Packaging,6026.17,6,High,Paid Search,1,0.38269396751718765,38.269396751718766,Low
10479,Electronics,Jaipur,Medium,Office Supplies,5546.38,15,High,Referral,1,0.38263723360835655,38.263723360835655,Low
12694,Wholesale,Ahmedabad,Small,Industrial Equipment,5000.0,4,Medium,Organic Search,1,0.38262146096997274,38.26214609699727,Low
8504,Pharmaceuticals,Jaipur,Micro,Electrical Components,5000.0,5,Medium,Organic Search,1,0.3825940165489824,38.25940165489824,Low
5439,Manufacturing,Chennai,Medium,Textile Machinery,23751.26,16,Low,Direct Inquiry,1,0.3825387580632991,38.253875806329916,Low
16620,Pharmaceuticals,Delhi NCR,Medium,Steel & Metal,64591.21,17,Low,Marketplace Search,1,0.38241166431150697,38.241166431150695,Low
15373,Retail,Kolkata,Small,Industrial Equipment,24355.51,17,Medium,Referral,0,0.3823865229730547,38.23865229730547,Low
13482,Construction,Chennai,Large,Industrial Equipment,12371.98,6,Medium,Direct Inquiry,1,0.38232744950056624,38.23274495005663,Low
3796,Pharmaceuticals,Indore,Medium,Industrial Equipment,116350.48,34,Medium,Email Campaign,1,0.38232473291741537,38.232473291741535,Low
2129,Manufacturing,Pune,Medium,Construction Materials,5000.0,2,Medium,Organic Search,1,0.3823124955948851,38.23124955948851,Low
19255,Manufacturing,Delhi NCR,Micro,Food Ingredients,22727.43,45,Medium,Marketplace Search,1,0.38225362863413986,38.225362863413984,Low
621,Wholesale,Delhi NCR,Small,Food Ingredients,5000.0,11,Medium,Direct Inquiry,1,0.38224022995462137,38.224022995462136,Low
2950,Manufacturing,Bengaluru,Small,Textile Machinery,5000.0,4,Medium,Referral,1,0.38213257133899753,38.21325713389975,Low
4623,Electronics,Jaipur,Medium,Chemicals,26725.99,39,High,Organic Search,1,0.3820939909434903,38.20939909434903,Low
19401,Electronics,Indore,Large,Textile Machinery,145021.64,36,Low,Referral,1,0.3820397175099287,38.20397175099287,Low
14651,Manufacturing,Hyderabad,Large,Industrial Equipment,31642.29,11,Medium,Referral,1,0.3820239375414137,38.202393754141376,Low
9618,Automotive,Pune,Micro,Steel & Metal,55263.64,30,Medium,Referral,1,0.38199794126102116,38.19979412610211,Low
2175,Automotive,Bengaluru,Large,Steel & Metal,21716.86,9,Medium,Direct Inquiry,1,0.38195321738873145,38.19532173887315,Low
18386,Chemicals,Indore,Medium,Chemicals,5000.0,3,Medium,Referral,1,0.3819089148056346,38.19089148056346,Low
6998,Electronics,Kolkata,Micro,Food Ingredients,8990.72,18,High,Marketplace Search,1,0.3817429441460912,38.17429441460912,Low
8162,Construction,Indore,Small,Office Supplies,5000.0,5,High,Marketplace Search,1,0.38165134380184584,38.16513438018458,Low
6725,Retail,Kolkata,Small,Chemicals,7669.15,20,Medium,Marketplace Search,1,0.3816329402852995,38.16329402852995,Low
16995,Manufacturing,Kolkata,Medium,Office Supplies,5000.0,5,Medium,Marketplace Search,1,0.3815433311052221,38.15433311052221,Low
1953,Chemicals,Delhi NCR,Small,Food Ingredients,26309.53,9,High,Direct Inquiry,1,0.38145700395985577,38.14570039598558,Low
11178,Electronics,Chennai,Micro,Construction Materials,27312.28,24,Critical,Direct Inquiry,1,0.38142524407247097,38.142524407247095,Low
10584,Wholesale,Delhi NCR,Small,Steel & Metal,6556.03,3,High,Organic Search,1,0.38123490318768033,38.123490318768035,Low
7516,Electronics,Kolkata,Large,Electrical Components,69844.73,22,Medium,Organic Search,1,0.3811913030473765,38.119130304737645,Low
1552,Retail,Jaipur,Large,Chemicals,9367.3,4,Medium,Paid Search,1,0.38117896383982414,38.11789638398241,Low
6918,Retail,Jaipur,Medium,Chemicals,19117.24,11,Medium,Organic Search,1,0.3809652593072221,38.09652593072221,Low
19275,Manufacturing,Chennai,Medium,Industrial Equipment,35110.0,15,High,Direct Inquiry,1,0.3809210761747272,38.09210761747272,Low
8674,Manufacturing,Ahmedabad,Large,Chemicals,28928.68,10,Medium,Referral,1,0.3808320219648561,38.08320219648561,Low
16865,Wholesale,Ahmedabad,Large,Textile Machinery,65249.61,11,Medium,Marketplace Search,1,0.3808066381599553,38.08066381599553,Low
14617,Food & Beverage,Bengaluru,Medium,Chemicals,42720.03,10,Low,Organic Search,1,0.3807642941413975,38.07642941413975,Low
17788,Textiles,Hyderabad,Micro,Office Supplies,6279.78,14,High,Direct Inquiry,1,0.3807453412337207,38.074534123372075,Low
2878,Automotive,Chennai,Large,Office Supplies,11733.72,15,Medium,Marketplace Search,1,0.38062988346197896,38.0629883461979,Low
1264,Automotive,Pune,Medium,Food Ingredients,13772.58,37,Medium,Referral,1,0.38060818286644194,38.06081828664419,Low
17529,Retail,Bengaluru,Medium,Industrial Equipment,32509.11,16,Medium,Email Campaign,1,0.38060269774210137,38.060269774210134,Low
14095,Retail,Kolkata,Small,Steel & Metal,5000.0,2,Medium,Marketplace Search,1,0.38058817783794785,38.05881778379479,Low
16516,Automotive,Ahmedabad,Micro,Industrial Equipment,5000.0,2,Critical,Marketplace Search,1,0.38052847926393757,38.05284792639376,Low
8960,Construction,Hyderabad,Micro,Textile Machinery,11080.38,5,High,Email Campaign,1,0.38034083545417957,38.03408354541796,Low
5825,Manufacturing,Mumbai,Small,Construction Materials,29482.06,13,Medium,Marketplace Search,1,0.3802456653327014,38.02456653327014,Low
16693,Manufacturing,Mumbai,Medium,Electrical Components,5000.0,4,High,Referral,1,0.3802018491805067,38.02018491805067,Low
9100,Retail,Hyderabad,Large,Food Ingredients,11134.72,20,Medium,Email Campaign,1,0.3801704501774132,38.01704501774132,Low
15661,Automotive,Indore,Medium,Electrical Components,24040.97,23,Medium,Direct Inquiry,1,0.38009381451008034,38.00938145100803,Low
6850,Chemicals,Delhi NCR,Medium,Textile Machinery,15657.42,9,High,Organic Search,1,0.37998509887746384,37.99850988774639,Low
5281,Retail,Indore,Micro,Packaging,5000.0,8,Low,Referral,1,0.3799326655636634,37.993266556366336,Low
5239,Automotive,Ahmedabad,Medium,Auto Parts,15496.91,8,Medium,Referral,1,0.379868499658756,37.9868499658756,Low
11862,Textiles,Pune,Medium,Textile Machinery,7356.32,8,Medium,Email Campaign,1,0.37984665388276845,37.984665388276845,Low
2315,Retail,Jaipur,Medium,Chemicals,5000.0,1,Medium,Referral,1,0.379846647971486,37.9846647971486,Low
2502,Chemicals,Kolkata,Large,Steel & Metal,5000.0,1,Low,Organic Search,1,0.3798427304072994,37.98427304072994,Low
7766,Food & Beverage,Indore,Large,Steel & Metal,12204.6,5,High,Organic Search,1,0.3798377400464972,37.98377400464972,Low
264,Electronics,Ahmedabad,Medium,Textile Machinery,19127.71,7,High,Referral,1,0.3798246063189201,37.98246063189201,Low
2706,Electronics,Delhi NCR,Small,Food Ingredients,10926.24,19,Medium,Paid Search,1,0.37974564869946176,37.97456486994618,Low
11305,Automotive,Bengaluru,Small,Food Ingredients,5000.0,2,High,Paid Search,1,0.3797062041783128,37.97062041783128,Low
10875,Automotive,Pune,Medium,Food Ingredients,10504.69,9,Medium,Marketplace Search,1,0.3797032482160187,37.97032482160187,Low
470,Wholesale,Indore,Small,Textile Machinery,5000.0,5,Medium,Referral,1,0.37937412260097253,37.937412260097254,Low
7578,Manufacturing,Delhi NCR,Medium,Electrical Components,25795.88,31,High,Direct Inquiry,1,0.37933621200775347,37.93362120077535,Low
12161,Pharmaceuticals,Bengaluru,Large,Textile Machinery,16206.37,8,Low,Referral,1,0.3793245154437646,37.93245154437646,Low
12306,Retail,Indore,Small,Auto Parts,5251.67,6,High,Marketplace Search,1,0.37924375836848834,37.92437583684883,Low
6138,Construction,Bengaluru,Large,Textile Machinery,27038.16,14,High,Direct Inquiry,1,0.37923344164259687,37.92334416425969,Low
11941,Wholesale,Bengaluru,Large,Auto Parts,5000.0,4,High,Referral,1,0.3792314567405611,37.92314567405611,Low
7889,Pharmaceuticals,Hyderabad,Medium,Steel & Metal,18184.7,19,High,Paid Search,0,0.37902421713214307,37.90242171321431,Low
11306,Construction,Hyderabad,Medium,Food Ingredients,9138.03,25,Medium,Organic Search,1,0.3789866280933655,37.89866280933655,Low
11009,Electronics,Chennai,Large,Auto Parts,76459.79,23,Low,Marketplace Search,1,0.3789449187514933,37.89449187514933,Low
18470,Wholesale,Kolkata,Medium,Steel & Metal,5000.0,4,High,Direct Inquiry,1,0.3789067441714877,37.890674417148766,Low
11239,Manufacturing,Bengaluru,Small,Steel & Metal,53807.91,25,Medium,Paid Search,1,0.37890006709975804,37.89000670997581,Low
11424,Manufacturing,Jaipur,Medium,Electrical Components,5000.0,2,Medium,Paid Search,1,0.3786679100103738,37.866791001037384,Low
14637,Automotive,Ahmedabad,Medium,Food Ingredients,7149.39,4,High,Paid Search,1,0.3786673231301566,37.86673231301566,Low
10562,Textiles,Bengaluru,Micro,Construction Materials,9726.26,23,Medium,Email Campaign,1,0.37848131478336017,37.848131478336015,Low
2743,Food & Beverage,Hyderabad,Large,Textile Machinery,5000.0,2,Low,Marketplace Search,1,0.3784545952007851,37.84545952007851,Low
9236,Retail,Delhi NCR,Medium,Textile Machinery,14396.02,11,Medium,Marketplace Search,1,0.3782341855568985,37.82341855568985,Low
4372,Wholesale,Pune,Small,Steel & Metal,69534.68,20,High,Paid Search,1,0.3781654311012238,37.81654311012238,Low
18655,Automotive,Indore,Micro,Construction Materials,53955.78,29,Medium,Organic Search,1,0.3781534444044835,37.81534444044835,Low
1746,Food & Beverage,Ahmedabad,Small,Packaging,27244.39,29,High,Email Campaign,0,0.3781193898723387,37.811938987233866,Low
19778,Manufacturing,Ahmedabad,Medium,Auto Parts,8523.52,8,Critical,Marketplace Search,1,0.37807289556010487,37.80728955601049,Low
12736,Retail,Chennai,Micro,Construction Materials,13711.32,9,High,Organic Search,1,0.3778983824318422,37.78983824318422,Low
10076,Automotive,Chennai,Micro,Food Ingredients,5000.0,14,Critical,Marketplace Search,1,0.3778320931840503,37.78320931840503,Low
5168,Manufacturing,Kolkata,Micro,Steel & Metal,156985.86,116,Medium,Referral,0,0.3778153325551066,37.78153325551066,Low
16989,Food & Beverage,Delhi NCR,Large,Construction Materials,5000.0,1,Medium,Organic Search,1,0.37778332634622436,37.77833263462244,Low
3120,Construction,Hyderabad,Small,Office Supplies,5000.0,11,High,Direct Inquiry,1,0.3777220019273828,37.77220019273828,Low
13044,Chemicals,Jaipur,Medium,Construction Materials,5000.0,5,High,Marketplace Search,1,0.3775641789373538,37.756417893735374,Low
1352,Retail,Chennai,Small,Industrial Equipment,47298.39,28,Medium,Direct Inquiry,1,0.37739511940119486,37.739511940119485,Low
344,Food & Beverage,Delhi NCR,Large,Food Ingredients,15195.28,19,High,Marketplace Search,1,0.3773743324339161,37.737433243391614,Low
10995,Textiles,Jaipur,Large,Construction Materials,5000.0,2,Low,Marketplace Search,1,0.37736615696822273,37.73661569682227,Low
14149,Textiles,Jaipur,Medium,Steel & Metal,5190.12,6,High,Paid Search,1,0.37736290622876995,37.73629062287699,Low
16715,Manufacturing,Delhi NCR,Medium,Electrical Components,74982.9,68,Low,Marketplace Search,1,0.3771173731686011,37.71173731686011,Low
7971,Manufacturing,Pune,Small,Packaging,7504.03,9,Medium,Referral,1,0.377077702198981,37.7077702198981,Low
12934,Chemicals,Chennai,Small,Industrial Equipment,6089.99,4,High,Marketplace Search,1,0.37702217765854357,37.70221776585436,Low
14197,Retail,Jaipur,Medium,Textile Machinery,21692.99,12,Medium,Direct Inquiry,1,0.3770067453663634,37.70067453663634,Low
19479,Wholesale,Chennai,Small,Packaging,5078.87,8,Low,Direct Inquiry,1,0.37698259293560205,37.698259293560206,Low
12248,Automotive,Jaipur,Medium,Steel & Metal,17703.65,23,Medium,Organic Search,1,0.37684068939885423,37.68406893988542,Low
8204,Retail,Pune,Medium,Packaging,21045.67,23,Medium,Direct Inquiry,1,0.37683902955689474,37.683902955689476,Low
18929,Retail,Hyderabad,Small,Electrical Components,22031.9,13,Medium,Organic Search,1,0.37664223460573937,37.664223460573936,Low
2610,Electronics,Kolkata,Medium,Food Ingredients,17094.46,38,Medium,Organic Search,1,0.3766293255138517,37.66293255138517,Low
14247,Wholesale,Pune,Small,Industrial Equipment,5000.0,4,Medium,Email Campaign,1,0.37658131574203313,37.65813157420331,Low
6099,Manufacturing,Pune,Large,Industrial Equipment,17064.89,11,Low,Organic Search,1,0.3765591284221563,37.65591284221563,Low
8154,Pharmaceuticals,Ahmedabad,Large,Office Supplies,19133.0,20,Medium,Organic Search,1,0.3765261244775186,37.65261244775186,Low
13194,Retail,Pune,Medium,Construction Materials,15400.82,15,High,Direct Inquiry,0,0.37651253901533077,37.651253901533074,Low
17291,Construction,Bengaluru,Medium,Office Supplies,5000.0,3,Medium,Referral,1,0.37648160760620714,37.64816076062071,Low
18983,Manufacturing,Mumbai,Large,Chemicals,51777.07,12,Medium,Direct Inquiry,1,0.3764640299701746,37.64640299701746,Low
28,Manufacturing,Bengaluru,Small,Electrical Components,152650.25,42,Medium,Marketplace Search,1,0.3764102062275658,37.641020622756585,Low
15859,Chemicals,Hyderabad,Medium,Office Supplies,17479.56,8,Critical,Paid Search,1,0.37640941991301863,37.640941991301865,Low
7353,Automotive,Ahmedabad,Medium,Industrial Equipment,33571.46,31,High,Organic Search,1,0.3763723908908155,37.63723908908155,Low
15541,Wholesale,Hyderabad,Small,Construction Materials,81565.16,85,Medium,Marketplace Search,1,0.37627969541402995,37.627969541403,Low
17902,Chemicals,Kolkata,Medium,Auto Parts,25981.67,11,Medium,Organic Search,1,0.3762697256489501,37.62697256489501,Low
8726,Chemicals,Bengaluru,Small,Packaging,6016.31,10,High,Paid Search,1,0.3762207287722606,37.62207287722606,Low
13509,Textiles,Mumbai,Small,Packaging,5123.62,17,High,Marketplace Search,1,0.3760549890225111,37.605498902251114,Low
19084,Textiles,Pune,Small,Construction Materials,19512.4,10,Medium,Paid Search,1,0.37601920696812696,37.6019206968127,Low
8735,Construction,Kolkata,Large,Auto Parts,30012.84,17,Low,Paid Search,1,0.37601671369377504,37.601671369377506,Low
10393,Automotive,Pune,Small,Electrical Components,5000.0,5,Low,Referral,1,0.37600351958119477,37.600351958119475,Low
1489,Wholesale,Mumbai,Enterprise,Electrical Components,7762.61,6,Medium,Marketplace Search,1,0.37598840381324405,37.59884038132441,Low
18606,Food & Beverage,Pune,Medium,Food Ingredients,5000.0,6,Low,Marketplace Search,1,0.375891591296159,37.5891591296159,Low
7181,Wholesale,Ahmedabad,Medium,Auto Parts,7748.89,3,High,Referral,1,0.37587747358791,37.587747358791,Low
850,Construction,Bengaluru,Medium,Food Ingredients,11987.36,11,Low,Referral,1,0.37587614229747435,37.58761422974744,Low
2094,Electronics,Mumbai,Medium,Food Ingredients,5000.0,2,Medium,Organic Search,1,0.37566245365472856,37.56624536547285,Low
19959,Electronics,Delhi NCR,Medium,Steel & Metal,12677.62,9,Medium,Direct Inquiry,1,0.37563254230301396,37.563254230301396,Low
14253,Manufacturing,Kolkata,Medium,Construction Materials,23984.16,12,Critical,Marketplace Search,1,0.3756296831461085,37.56296831461085,Low
14596,Construction,Delhi NCR,Large,Auto Parts,16523.68,18,Medium,Organic Search,1,0.37559522276445234,37.559522276445236,Low
182,Wholesale,Chennai,Medium,Construction Materials,5000.0,6,Medium,Organic Search,1,0.37557238220234573,37.557238220234574,Low
18568,Textiles,Jaipur,Medium,Industrial Equipment,45914.5,10,Low,Marketplace Search,1,0.3755599677996091,37.55599677996091,Low
3883,Wholesale,Hyderabad,Medium,Industrial Equipment,57004.63,22,Medium,Direct Inquiry,1,0.37550204477489774,37.55020447748977,Low
14580,Food & Beverage,Chennai,Large,Chemicals,5000.0,4,High,Marketplace Search,1,0.3754922835393277,37.54922835393277,Low
10420,Construction,Delhi NCR,Small,Electrical Components,15275.42,24,High,Marketplace Search,1,0.3754170707290342,37.54170707290342,Low
5566,Pharmaceuticals,Hyderabad,Medium,Electrical Components,9018.53,13,Medium,Direct Inquiry,1,0.3753363013115881,37.533630131158816,Low
19095,Wholesale,Ahmedabad,Large,Textile Machinery,6877.47,5,Medium,Organic Search,1,0.3751321883346503,37.513218833465025,Low
3458,Manufacturing,Jaipur,Micro,Electrical Components,5000.0,3,High,Marketplace Search,1,0.37509435161565247,37.50943516156525,Low
960,Automotive,Indore,Micro,Food Ingredients,5653.88,7,Medium,Marketplace Search,1,0.3750539651031925,37.50539651031925,Low
12500,Food & Beverage,Hyderabad,Small,Food Ingredients,5000.0,10,Medium,Referral,0,0.37502442466785346,37.50244246678535,Low
4964,Construction,Kolkata,Large,Office Supplies,10078.75,6,Critical,Paid Search,1,0.37499869966262145,37.499869966262146,Low
5985,Retail,Kolkata,Small,Auto Parts,19415.53,23,Low,Direct Inquiry,1,0.37475375764378854,37.47537576437885,Low
989,Textiles,Bengaluru,Medium,Packaging,81356.09,48,Low,Marketplace Search,1,0.3747483565821085,37.47483565821085,Low
3973,Construction,Delhi NCR,Medium,Electrical Components,20941.66,10,High,Marketplace Search,1,0.37472663255825933,37.472663255825935,Low
1605,Construction,Jaipur,Medium,Office Supplies,5000.0,3,Medium,Referral,1,0.3745567176978537,37.45567176978537,Low
18598,Manufacturing,Jaipur,Large,Office Supplies,18857.79,15,Medium,Organic Search,1,0.37451882260974706,37.451882260974706,Low
17211,Textiles,Ahmedabad,Small,Auto Parts,9991.92,13,Critical,Email Campaign,1,0.3744283925788272,37.442839257882724,Low
11483,Pharmaceuticals,Delhi NCR,Small,Electrical Components,8131.75,4,Critical,Direct Inquiry,1,0.374409337236621,37.4409337236621,Low
6399,Textiles,Bengaluru,Micro,Chemicals,27584.7,30,Medium,Organic Search,1,0.3743361263536065,37.43361263536065,Low
8345,Wholesale,Hyderabad,Medium,Construction Materials,47977.7,31,Low,Marketplace Search,1,0.37428521457381325,37.42852145738132,Low
13242,Chemicals,Jaipur,Small,Office Supplies,5000.0,12,High,Referral,1,0.37428084685895896,37.4280846858959,Low
3221,Textiles,Delhi NCR,Enterprise,Auto Parts,12456.2,8,Medium,Marketplace Search,1,0.37412815158075335,37.41281515807533,Low
14590,Electronics,Bengaluru,Small,Construction Materials,5000.0,4,High,Paid Search,1,0.3741235194271237,37.41235194271237,Low
2559,Manufacturing,Indore,Medium,Construction Materials,5000.0,3,High,Organic Search,1,0.37407724436386725,37.40772443638672,Low
13455,Automotive,Chennai,Medium,Auto Parts,14125.84,23,Medium,Direct Inquiry,1,0.37405334275869123,37.40533427586912,Low
16859,Textiles,Bengaluru,Micro,Chemicals,5000.0,9,Medium,Referral,1,0.3739667693695416,37.39667693695416,Low
1941,Wholesale,Jaipur,Medium,Industrial Equipment,5000.0,4,Medium,Marketplace Search,1,0.3739352943246638,37.39352943246638,Low
17171,Food & Beverage,Chennai,Small,Construction Materials,5000.0,3,Medium,Organic Search,1,0.37386073887184446,37.386073887184445,Low
14024,Automotive,Hyderabad,Large,Packaging,46800.17,26,Low,Referral,1,0.3738455037323496,37.38455037323496,Low
18637,Textiles,Indore,Medium,Food Ingredients,5000.0,2,Low,Direct Inquiry,1,0.37383609109052407,37.38360910905241,Low
19645,Pharmaceuticals,Indore,Medium,Industrial Equipment,5466.72,3,Critical,Paid Search,1,0.37376790465008813,37.37679046500881,Low
17830,Pharmaceuticals,Indore,Large,Auto Parts,5000.0,1,High,Referral,1,0.37372470126691026,37.37247012669103,Low
17102,Electronics,Jaipur,Medium,Electrical Components,5000.0,1,High,Direct Inquiry,1,0.37368526753551334,37.368526753551336,Low
19966,Pharmaceuticals,Chennai,Small,Food Ingredients,5000.0,2,Medium,Organic Search,1,0.37352386447897923,37.35238644789792,Low
3349,Retail,Pune,Micro,Chemicals,5000.0,6,Medium,Organic Search,1,0.3735214203395983,37.35214203395983,Low
3048,Electronics,Indore,Small,Steel & Metal,7421.64,6,High,Organic Search,1,0.3735109433215006,37.35109433215006,Low
18105,Pharmaceuticals,Delhi NCR,Medium,Electrical Components,16751.1,8,Critical,Paid Search,1,0.37350896960529795,37.350896960529795,Low
6,Food & Beverage,Delhi NCR,Small,Food Ingredients,9940.58,10,Medium,Referral,1,0.3734946790078563,37.34946790078563,Low
6580,Textiles,Indore,Small,Auto Parts,6771.08,13,High,Paid Search,1,0.3733682392638103,37.33682392638103,Low
7011,Chemicals,Kolkata,Small,Auto Parts,14334.96,11,High,Marketplace Search,1,0.37332218813456775,37.33221881345678,Low
1524,Food & Beverage,Mumbai,Large,Steel & Metal,29831.57,6,Critical,Paid Search,1,0.3733066015868379,37.33066015868379,Low
2174,Retail,Indore,Small,Chemicals,5000.0,5,Medium,Direct Inquiry,1,0.373256458941469,37.3256458941469,Low
3909,Textiles,Mumbai,Medium,Textile Machinery,19120.64,15,High,Marketplace Search,1,0.3732128242988443,37.32128242988443,Low
13772,Automotive,Pune,Medium,Textile Machinery,75670.35,30,High,Email Campaign,1,0.3731721745560257,37.31721745560257,Low
10077,Construction,Bengaluru,Medium,Industrial Equipment,19094.0,17,High,Marketplace Search,1,0.3729525033039377,37.29525033039377,Low
10099,Construction,Ahmedabad,Large,Food Ingredients,5000.0,6,High,Marketplace Search,1,0.3728818716241688,37.28818716241688,Low
19690,Pharmaceuticals,Pune,Large,Auto Parts,5000.0,1,High,Referral,1,0.3728767489037947,37.28767489037947,Low
8347,Manufacturing,Mumbai,Medium,Packaging,5000.0,2,High,Paid Search,1,0.37284766445557893,37.28476644555789,Low
4271,Wholesale,Mumbai,Large,Electrical Components,19672.04,17,Medium,Direct Inquiry,1,0.3728426225458811,37.28426225458811,Low
15370,Electronics,Chennai,Small,Industrial Equipment,10788.93,5,Critical,Marketplace Search,1,0.3726558346002937,37.265583460029376,Low
17473,Automotive,Chennai,Small,Office Supplies,5000.0,4,High,Marketplace Search,1,0.3726434706682479,37.26434706682479,Low
14165,Retail,Pune,Medium,Industrial Equipment,13997.99,4,Medium,Marketplace Search,1,0.37257512147211463,37.257512147211465,Low
6256,Pharmaceuticals,Kolkata,Small,Auto Parts,24005.49,14,High,Marketplace Search,1,0.3724121595605385,37.24121595605385,Low
16331,Automotive,Mumbai,Large,Industrial Equipment,82985.94,43,Critical,Marketplace Search,1,0.3723862059436843,37.238620594368435,Low
17954,Chemicals,Mumbai,Medium,Construction Materials,5000.0,2,High,Organic Search,1,0.37229807890266214,37.229807890266216,Low
15897,Construction,Hyderabad,Medium,Electrical Components,7215.09,2,Medium,Organic Search,1,0.37228765542848713,37.22876554284871,Low
5037,Construction,Bengaluru,Large,Packaging,6758.03,13,Low,Direct Inquiry,1,0.3722536479803445,37.22536479803445,Low
5384,Construction,Mumbai,Enterprise,Office Supplies,6471.41,5,Medium,Organic Search,1,0.3722534393313429,37.22534393313429,Low
19920,Manufacturing,Chennai,Medium,Electrical Components,18948.79,15,Medium,Referral,1,0.3722356059510225,37.22356059510225,Low
14527,Electronics,Bengaluru,Enterprise,Textile Machinery,8484.78,6,Low,Marketplace Search,1,0.37223476265649147,37.22347626564915,Low
6544,Construction,Jaipur,Small,Packaging,23288.58,16,Medium,Direct Inquiry,1,0.37219157415013215,37.219157415013214,Low
5504,Electronics,Kolkata,Small,Textile Machinery,46734.9,27,Medium,Direct Inquiry,1,0.3721868199610779,37.21868199610779,Low
15437,Wholesale,Delhi NCR,Micro,Steel & Metal,9881.19,4,Medium,Organic Search,1,0.3721509420019991,37.215094200199914,Low
19281,Wholesale,Pune,Large,Office Supplies,5000.0,9,Medium,Marketplace Search,1,0.3720690394401923,37.20690394401923,Low
18595,Manufacturing,Bengaluru,Large,Packaging,9352.68,11,Medium,Marketplace Search,1,0.37199956808758605,37.19995680875861,Low
13563,Retail,Chennai,Large,Food Ingredients,6381.07,3,Low,Direct Inquiry,1,0.37197608681220606,37.19760868122061,Low
17951,Food & Beverage,Ahmedabad,Medium,Electrical Components,14752.63,6,Critical,Email Campaign,1,0.37192604324024237,37.19260432402424,Low
17162,Wholesale,Bengaluru,Micro,Chemicals,142233.53,91,Medium,Direct Inquiry,0,0.3718921432856405,37.18921432856405,Low
15904,Textiles,Jaipur,Medium,Steel & Metal,12154.3,10,Medium,Referral,1,0.3718832055876139,37.18832055876139,Low
17349,Manufacturing,Hyderabad,Medium,Food Ingredients,5000.0,2,High,Marketplace Search,1,0.37188210771820523,37.18821077182052,Low
17651,Food & Beverage,Ahmedabad,Enterprise,Auto Parts,6242.5,4,Low,Marketplace Search,1,0.3718605660729973,37.186056607299726,Low
554,Manufacturing,Mumbai,Large,Food Ingredients,12251.64,15,Low,Marketplace Search,1,0.37182803304741496,37.1828033047415,Low
4199,Manufacturing,Mumbai,Micro,Food Ingredients,16949.53,26,Medium,Email Campaign,1,0.37177442649760273,37.17744264976027,Low
9301,Retail,Jaipur,Large,Chemicals,5914.93,4,Low,Direct Inquiry,1,0.37171087271651476,37.17108727165147,Low
5443,Food & Beverage,Kolkata,Medium,Packaging,5000.0,2,High,Marketplace Search,1,0.37166412564561147,37.16641256456115,Low
1645,Wholesale,Kolkata,Small,Food Ingredients,20148.18,12,Medium,Marketplace Search,1,0.3716077961275673,37.16077961275673,Low
7951,Automotive,Mumbai,Medium,Packaging,11603.28,11,High,Referral,1,0.37149332599667345,37.149332599667346,Low
7237,Pharmaceuticals,Hyderabad,Micro,Steel & Metal,57360.41,58,Medium,Organic Search,1,0.3714745096597495,37.14745096597495,Low
9240,Retail,Chennai,Large,Packaging,12867.53,18,Low,Direct Inquiry,1,0.37146447233279734,37.14644723327973,Low
5742,Food & Beverage,Indore,Medium,Food Ingredients,26696.67,21,Medium,Paid Search,1,0.3714484078515801,37.14484078515801,Low
19927,Automotive,Delhi NCR,Small,Food Ingredients,5000.0,4,Critical,Paid Search,1,0.3714335483029318,37.14335483029318,Low
267,Manufacturing,Bengaluru,Large,Office Supplies,56723.84,41,Low,Marketplace Search,1,0.3714267268375945,37.14267268375945,Low
8740,Manufacturing,Delhi NCR,Micro,Industrial Equipment,22365.02,8,High,Paid Search,1,0.37140324543100317,37.14032454310032,Low
8968,Electronics,Mumbai,Small,Food Ingredients,5000.0,5,High,Paid Search,1,0.3712303982639644,37.12303982639644,Low
3359,Pharmaceuticals,Chennai,Micro,Food Ingredients,8151.74,14,High,Marketplace Search,1,0.37120695869275194,37.120695869275195,Low
12449,Wholesale,Ahmedabad,Micro,Auto Parts,7195.84,5,Medium,Organic Search,1,0.3711747578444749,37.11747578444749,Low
1729,Retail,Mumbai,Small,Industrial Equipment,58770.32,14,Medium,Organic Search,1,0.3710674960218907,37.10674960218907,Low
3016,Chemicals,Bengaluru,Large,Construction Materials,5000.0,5,Critical,Direct Inquiry,1,0.3710439508730666,37.104395087306656,Low
16578,Wholesale,Delhi NCR,Large,Steel & Metal,7296.8,3,Medium,Referral,1,0.3709808315525668,37.09808315525668,Low
19969,Construction,Ahmedabad,Large,Chemicals,5068.18,10,Medium,Direct Inquiry,1,0.37083185529409,37.083185529409,Low
8073,Wholesale,Delhi NCR,Enterprise,Electrical Components,30610.79,18,Medium,Direct Inquiry,1,0.37077948667053384,37.077948667053384,Low
9987,Textiles,Delhi NCR,Small,Electrical Components,38055.41,15,High,Organic Search,0,0.3707437338956136,37.07437338956136,Low
4657,Manufacturing,Ahmedabad,Large,Auto Parts,6958.49,4,Medium,Organic Search,1,0.37064566265268417,37.06456626526842,Low
6460,Construction,Delhi NCR,Large,Chemicals,8366.08,9,Medium,Direct Inquiry,1,0.37063966910484586,37.06396691048459,Low
16272,Manufacturing,Pune,Large,Chemicals,21287.31,9,High,Referral,1,0.37052840039905055,37.05284003990506,Low
18321,Automotive,Chennai,Medium,Auto Parts,12448.83,8,Medium,Email Campaign,1,0.3705012302813668,37.050123028136674,Low
15742,Food & Beverage,Hyderabad,Small,Textile Machinery,16752.66,7,Medium,Organic Search,1,0.37047575449172926,37.047575449172925,Low
6576,Wholesale,Ahmedabad,Medium,Office Supplies,14440.21,12,Medium,Direct Inquiry,1,0.3703460667739929,37.03460667739929,Low
6841,Chemicals,Mumbai,Medium,Auto Parts,9974.97,18,Low,Referral,1,0.3702322029643542,37.02322029643542,Low
15526,Wholesale,Hyderabad,Small,Office Supplies,5857.52,15,High,Marketplace Search,1,0.37018186714691426,37.018186714691424,Low
9127,Automotive,Indore,Small,Steel & Metal,41801.27,22,Low,Organic Search,1,0.37002382070589906,37.00238207058991,Low
3486,Pharmaceuticals,Hyderabad,Small,Steel & Metal,36080.63,7,High,Direct Inquiry,1,0.3699922282373731,36.99922282373731,Low
8175,Electronics,Kolkata,Small,Office Supplies,100522.76,93,High,Marketplace Search,0,0.36996532143285854,36.996532143285854,Low
12560,Construction,Chennai,Large,Electrical Components,30101.59,18,High,Marketplace Search,1,0.36959468925656497,36.959468925656495,Low
4592,Food & Beverage,Kolkata,Medium,Auto Parts,5000.0,3,Medium,Marketplace Search,1,0.36958122697003387,36.95812269700339,Low
18569,Wholesale,Hyderabad,Micro,Construction Materials,7734.46,4,Low,Marketplace Search,1,0.36957288284644313,36.957288284644314,Low
9850,Construction,Pune,Small,Food Ingredients,6687.18,7,Medium,Organic Search,1,0.369447142885913,36.9447142885913,Low
8641,Chemicals,Bengaluru,Micro,Office Supplies,5000.0,5,High,Organic Search,1,0.36938559296532253,36.938559296532254,Low
1507,Wholesale,Ahmedabad,Medium,Construction Materials,5920.84,7,Medium,Marketplace Search,1,0.36935762858747906,36.93576285874791,Low
5649,Construction,Pune,Large,Electrical Components,8787.49,4,High,Marketplace Search,1,0.36933631059035854,36.933631059035854,Low
1583,Construction,Hyderabad,Medium,Industrial Equipment,28881.85,14,High,Referral,1,0.36925911917746385,36.92591191774638,Low
12275,Wholesale,Bengaluru,Small,Auto Parts,6489.53,6,Medium,Email Campaign,1,0.3692495410330072,36.92495410330072,Low
8624,Retail,Delhi NCR,Small,Steel & Metal,5000.0,4,Low,Direct Inquiry,1,0.3692075898903859,36.92075898903859,Low
16669,Automotive,Kolkata,Medium,Textile Machinery,69135.83,28,Medium,Marketplace Search,1,0.369200720839931,36.9200720839931,Low
7484,Retail,Pune,Small,Industrial Equipment,5111.54,2,High,Organic Search,1,0.36913190174715405,36.9131901747154,Low
18593,Construction,Kolkata,Medium,Industrial Equipment,26627.69,17,High,Marketplace Search,1,0.36900808035665195,36.90080803566519,Low
14626,Food & Beverage,Mumbai,Small,Packaging,30301.69,11,Medium,Organic Search,1,0.3689999407056703,36.89999407056703,Low
13845,Manufacturing,Pune,Micro,Chemicals,5000.0,1,High,Marketplace Search,1,0.368983003090531,36.8983003090531,Low
1257,Textiles,Kolkata,Medium,Textile Machinery,36168.27,19,Low,Paid Search,1,0.36896790051100214,36.89679005110021,Low
6289,Electronics,Indore,Medium,Packaging,5000.0,3,Medium,Referral,1,0.3688378835685649,36.88378835685649,Low
11390,Retail,Bengaluru,Small,Office Supplies,15870.99,18,Medium,Marketplace Search,1,0.36876066477241354,36.87606647724135,Low
3324,Automotive,Bengaluru,Small,Office Supplies,5000.0,4,High,Direct Inquiry,1,0.3687022968515312,36.87022968515312,Low
7223,Manufacturing,Bengaluru,Medium,Auto Parts,30991.85,21,Low,Organic Search,1,0.36869930210071167,36.86993021007117,Low
9212,Manufacturing,Hyderabad,Large,Packaging,5000.0,9,Low,Organic Search,1,0.3686243761077802,36.862437610778024,Low
15333,Automotive,Ahmedabad,Large,Chemicals,33243.22,8,Low,Referral,1,0.36860554318671684,36.86055431867168,Low
699,Retail,Delhi NCR,Medium,Steel & Metal,5000.0,3,Medium,Paid Search,1,0.3685681159955962,36.85681159955962,Low
15054,Textiles,Hyderabad,Large,Construction Materials,5000.0,3,Medium,Referral,1,0.3685570613652981,36.85570613652981,Low
14064,Wholesale,Mumbai,Small,Food Ingredients,5000.0,8,Medium,Direct Inquiry,1,0.36852983638864584,36.852983638864586,Low
3869,Wholesale,Mumbai,Small,Chemicals,10678.39,8,High,Email Campaign,1,0.36847203619861735,36.84720361986174,Low
5417,Chemicals,Delhi NCR,Small,Packaging,5000.0,5,Medium,Direct Inquiry,1,0.36819164010457206,36.81916401045721,Low
9876,Textiles,Delhi NCR,Medium,Steel & Metal,11180.38,4,High,Direct Inquiry,1,0.3681608812982975,36.81608812982975,Low
1223,Pharmaceuticals,Indore,Small,Packaging,5000.0,2,High,Direct Inquiry,1,0.3681132824441285,36.81132824441285,Low
3928,Manufacturing,Chennai,Small,Electrical Components,5000.0,5,High,Paid Search,1,0.3681089279376412,36.81089279376412,Low
6109,Automotive,Chennai,Large,Auto Parts,20737.38,17,Critical,Paid Search,1,0.3680900295577425,36.80900295577425,Low
1317,Manufacturing,Delhi NCR,Small,Chemicals,11216.94,13,Medium,Direct Inquiry,1,0.3680749287093008,36.80749287093008,Low
7703,Pharmaceuticals,Chennai,Large,Construction Materials,38689.84,19,Medium,Referral,1,0.36801641926910933,36.80164192691093,Low
15986,Food & Beverage,Mumbai,Large,Industrial Equipment,33685.44,6,High,Marketplace Search,1,0.36798059991732757,36.79805999173276,Low
10101,Food & Beverage,Pune,Medium,Construction Materials,10398.61,5,Low,Paid Search,1,0.3679008658816139,36.790086588161394,Low
16399,Automotive,Hyderabad,Small,Industrial Equipment,29793.6,6,Medium,Direct Inquiry,1,0.36776246723068384,36.77624672306838,Low
2640,Food & Beverage,Jaipur,Micro,Office Supplies,5000.0,9,Medium,Referral,1,0.3676833898589678,36.76833898589678,Low
673,Food & Beverage,Hyderabad,Micro,Textile Machinery,55495.52,22,Medium,Direct Inquiry,1,0.367673520361693,36.7673520361693,Low
7374,Automotive,Delhi NCR,Enterprise,Textile Machinery,27531.86,10,Medium,Paid Search,1,0.36762168282598595,36.762168282598594,Low
11562,Wholesale,Chennai,Large,Auto Parts,6242.46,8,High,Direct Inquiry,1,0.36750891196378643,36.750891196378646,Low
1672,Food & Beverage,Ahmedabad,Small,Chemicals,5000.0,2,High,Referral,0,0.36739119130227055,36.73911913022705,Low
4286,Electronics,Delhi NCR,Medium,Packaging,7560.08,10,Medium,Direct Inquiry,1,0.3671883910034248,36.71883910034248,Low
3310,Electronics,Delhi NCR,Small,Industrial Equipment,102294.28,56,Critical,Marketplace Search,0,0.3670230497336745,36.70230497336745,Low
17855,Retail,Ahmedabad,Medium,Industrial Equipment,31380.96,28,Medium,Organic Search,1,0.3669780548629543,36.69780548629543,Low
893,Manufacturing,Mumbai,Micro,Chemicals,8551.53,22,Low,Referral,1,0.36695317604373584,36.695317604373585,Low
8536,Manufacturing,Hyderabad,Small,Packaging,40589.37,37,Medium,Direct Inquiry,1,0.36693316906695694,36.69331690669569,Low
13569,Electronics,Chennai,Small,Electrical Components,121955.95,56,Low,Marketplace Search,1,0.3669069332624374,36.69069332624374,Low
3551,Automotive,Delhi NCR,Medium,Auto Parts,7936.01,7,Low,Organic Search,1,0.3668098797270257,36.680987972702574,Low
19108,Textiles,Bengaluru,Small,Food Ingredients,14324.44,22,Medium,Marketplace Search,1,0.36675633641720506,36.67563364172051,Low
19276,Manufacturing,Hyderabad,Small,Auto Parts,5826.99,4,Medium,Marketplace Search,1,0.36664655797925877,36.664655797925874,Low
12568,Chemicals,Indore,Small,Industrial Equipment,21120.14,12,Medium,Paid Search,1,0.36658008288975885,36.658008288975886,Low
8747,Textiles,Mumbai,Micro,Food Ingredients,12395.97,20,Medium,Organic Search,1,0.3665661007694132,36.65661007694132,Low
11573,Electronics,Jaipur,Large,Office Supplies,16524.88,71,High,Organic Search,1,0.36654913097114605,36.65491309711461,Low
16991,Retail,Pune,Large,Auto Parts,55831.2,22,Low,Marketplace Search,1,0.3663898589563088,36.63898589563088,Low
18832,Textiles,Delhi NCR,Large,Office Supplies,11022.17,12,High,Marketplace Search,1,0.366375785849422,36.6375785849422,Low
18327,Automotive,Hyderabad,Small,Chemicals,67148.65,65,Low,Organic Search,1,0.36634375452158746,36.63437545215874,Low
18161,Food & Beverage,Ahmedabad,Small,Electrical Components,5303.07,7,High,Organic Search,0,0.3662739279778753,36.62739279778753,Low
14106,Food & Beverage,Chennai,Medium,Textile Machinery,68596.99,19,High,Organic Search,1,0.3662348723135576,36.62348723135576,Low
18836,Manufacturing,Bengaluru,Micro,Steel & Metal,20496.7,12,Medium,Referral,1,0.3659485202703841,36.594852027038414,Low
5785,Food & Beverage,Hyderabad,Large,Textile Machinery,16534.63,5,Medium,Paid Search,1,0.3659247321052577,36.592473210525775,Low
3985,Manufacturing,Ahmedabad,Small,Office Supplies,5286.96,9,Critical,Email Campaign,1,0.3659243951412341,36.59243951412341,Low
18531,Electronics,Kolkata,Medium,Industrial Equipment,6581.44,4,Critical,Direct Inquiry,1,0.3658926547737069,36.58926547737069,Low
12582,Automotive,Delhi NCR,Micro,Steel & Metal,48977.66,24,High,Direct Inquiry,1,0.3658293832442479,36.58293832442479,Low
8277,Food & Beverage,Bengaluru,Micro,Textile Machinery,6024.98,7,High,Organic Search,1,0.36568941743901845,36.568941743901846,Low
11487,Electronics,Chennai,Small,Food Ingredients,5000.0,3,Medium,Organic Search,1,0.36565013897682486,36.56501389768248,Low
5178,Wholesale,Mumbai,Micro,Packaging,5000.0,6,Medium,Organic Search,1,0.3656165017209184,36.561650172091845,Low
13550,Manufacturing,Pune,Medium,Office Supplies,5684.56,13,Critical,Email Campaign,1,0.365541620419172,36.5541620419172,Low
2563,Wholesale,Chennai,Small,Chemicals,8905.58,10,High,Organic Search,1,0.36547885173826583,36.547885173826586,Low
11113,Wholesale,Kolkata,Medium,Food Ingredients,5000.0,7,Medium,Organic Search,1,0.365403644589913,36.5403644589913,Low
10192,Retail,Kolkata,Small,Industrial Equipment,32241.16,28,Low,Organic Search,0,0.3653896809916379,36.53896809916379,Low
15170,Wholesale,Delhi NCR,Medium,Office Supplies,7267.55,7,Medium,Organic Search,1,0.36538526464201904,36.5385264642019,Low
6350,Food & Beverage,Mumbai,Medium,Food Ingredients,5000.0,6,Medium,Marketplace Search,1,0.3653581867876174,36.535818678761736,Low
9418,Automotive,Bengaluru,Large,Textile Machinery,70602.46,10,Medium,Direct Inquiry,1,0.36534858563368056,36.534858563368054,Low
13888,Pharmaceuticals,Hyderabad,Medium,Electrical Components,72543.58,31,Medium,Marketplace Search,1,0.3653300282387344,36.53300282387344,Low
931,Retail,Kolkata,Small,Textile Machinery,6077.83,5,Low,Marketplace Search,1,0.3652141077269146,36.52141077269146,Low
6163,Automotive,Pune,Medium,Office Supplies,14361.58,24,Medium,Organic Search,1,0.3652033908380119,36.52033908380119,Low
8375,Automotive,Ahmedabad,Large,Industrial Equipment,13426.24,10,Low,Direct Inquiry,1,0.3651030809084824,36.51030809084824,Low
14323,Retail,Mumbai,Small,Packaging,5000.0,4,Critical,Organic Search,1,0.365080304734889,36.5080304734889,Low
17617,Construction,Bengaluru,Medium,Chemicals,7186.21,3,Medium,Referral,1,0.365074667086964,36.5074667086964,Low
14063,Retail,Chennai,Medium,Steel & Metal,11639.45,8,Low,Referral,1,0.3649593472526009,36.495934725260085,Low
6802,Wholesale,Kolkata,Medium,Auto Parts,22150.08,8,Low,Organic Search,1,0.36477305715827346,36.47730571582735,Low
2282,Retail,Indore,Medium,Packaging,13704.71,11,High,Organic Search,1,0.36474920397922916,36.474920397922915,Low
5372,Manufacturing,Chennai,Medium,Office Supplies,5000.0,6,Low,Marketplace Search,1,0.36468048697480027,36.46804869748003,Low
2380,Textiles,Hyderabad,Small,Auto Parts,30376.6,15,Low,Marketplace Search,1,0.36460978985835524,36.460978985835524,Low
7625,Manufacturing,Delhi NCR,Small,Construction Materials,5000.0,3,Medium,Organic Search,1,0.3645394659111419,36.45394659111419,Low
19389,Retail,Delhi NCR,Medium,Packaging,10412.35,18,Medium,Marketplace Search,1,0.3645038577774516,36.45038577774516,Low
13650,Textiles,Indore,Large,Textile Machinery,24571.16,17,Low,Direct Inquiry,1,0.3644829390197883,36.44829390197883,Low
15101,Retail,Delhi NCR,Medium,Chemicals,9144.07,7,Low,Marketplace Search,1,0.36443964059067024,36.44396405906703,Low
6136,Chemicals,Pune,Medium,Construction Materials,63550.11,12,Low,Direct Inquiry,1,0.36443136233916895,36.443136233916896,Low
8908,Wholesale,Jaipur,Medium,Electrical Components,5000.0,3,High,Direct Inquiry,1,0.3644137372639988,36.44137372639988,Low
12276,Chemicals,Chennai,Medium,Steel & Metal,42136.32,11,Low,Marketplace Search,1,0.36438717566899165,36.438717566899165,Low
4867,Construction,Ahmedabad,Large,Steel & Metal,22513.61,8,Medium,Organic Search,1,0.3643746277454053,36.43746277454053,Low
16023,Pharmaceuticals,Ahmedabad,Small,Packaging,5288.52,15,Medium,Organic Search,1,0.3643123940400119,36.43123940400119,Low
9121,Chemicals,Hyderabad,Large,Steel & Metal,25813.95,10,Critical,Marketplace Search,1,0.36428516891233326,36.42851689123333,Low
4918,Electronics,Chennai,Medium,Electrical Components,5000.0,3,High,Direct Inquiry,1,0.3642549543855388,36.42549543855388,Low
19786,Retail,Bengaluru,Medium,Office Supplies,12127.81,26,Medium,Organic Search,1,0.3642013195641972,36.42013195641972,Low
7232,Construction,Ahmedabad,Small,Chemicals,10428.55,7,Low,Direct Inquiry,1,0.36420044080132724,36.420044080132726,Low
15340,Construction,Ahmedabad,Large,Textile Machinery,69181.13,21,Critical,Marketplace Search,1,0.3641408814444244,36.41408814444244,Low
3569,Retail,Indore,Medium,Office Supplies,5000.0,3,Medium,Organic Search,1,0.36412603122589376,36.412603122589374,Low
13691,Pharmaceuticals,Pune,Micro,Textile Machinery,29921.28,17,Low,Organic Search,1,0.3640776632283243,36.40776632283243,Low
2504,Construction,Hyderabad,Medium,Steel & Metal,19053.18,17,High,Referral,1,0.36406621768760333,36.40662176876033,Low
19106,Pharmaceuticals,Chennai,Micro,Steel & Metal,20895.3,10,High,Referral,1,0.36394250719259846,36.394250719259844,Low
4325,Automotive,Mumbai,Large,Food Ingredients,5448.71,11,Medium,Marketplace Search,1,0.36376626212095486,36.37662621209549,Low
15728,Electronics,Kolkata,Micro,Industrial Equipment,62907.48,20,Medium,Marketplace Search,1,0.3637525896784961,36.37525896784961,Low
10488,Chemicals,Delhi NCR,Medium,Food Ingredients,5000.0,2,Medium,Marketplace Search,1,0.363683439683924,36.3683439683924,Low
12320,Wholesale,Hyderabad,Small,Chemicals,27146.16,12,High,Organic Search,1,0.36365566634286106,36.365566634286104,Low
256,Textiles,Chennai,Enterprise,Industrial Equipment,28985.96,12,Medium,Paid Search,1,0.3636531088204059,36.36531088204059,Low
11967,Retail,Hyderabad,Medium,Office Supplies,5000.0,3,Medium,Email Campaign,1,0.3635756404108675,36.357564041086746,Low
11529,Automotive,Kolkata,Small,Textile Machinery,14663.73,11,High,Marketplace Search,1,0.3635386716148312,36.35386716148312,Low
13481,Construction,Chennai,Medium,Auto Parts,10244.62,7,Medium,Paid Search,1,0.36353365096219675,36.353365096219676,Low
5599,Wholesale,Chennai,Large,Food Ingredients,5000.0,14,Medium,Organic Search,1,0.36348431360377714,36.34843136037772,Low
12348,Electronics,Delhi NCR,Large,Steel & Metal,26204.39,23,Medium,Referral,1,0.3634265118821109,36.342651188211086,Low
3735,Chemicals,Kolkata,Medium,Office Supplies,7932.63,8,Low,Direct Inquiry,1,0.36342265190298106,36.34226519029811,Low
9643,Manufacturing,Bengaluru,Large,Industrial Equipment,104356.48,9,Medium,Marketplace Search,1,0.3632672881527644,36.32672881527644,Low
4647,Construction,Delhi NCR,Small,Construction Materials,6029.9,6,Critical,Direct Inquiry,1,0.3632315235794266,36.32315235794266,Low
806,Pharmaceuticals,Delhi NCR,Medium,Industrial Equipment,22007.74,6,Critical,Marketplace Search,1,0.36322570806161925,36.32257080616193,Low
10884,Electronics,Chennai,Medium,Construction Materials,31278.66,7,Medium,Organic Search,1,0.36318955005115605,36.318955005115605,Low
11250,Wholesale,Bengaluru,Medium,Food Ingredients,13016.36,9,Medium,Direct Inquiry,1,0.3630988575595782,36.30988575595782,Low
12676,Manufacturing,Kolkata,Medium,Steel & Metal,5105.65,4,Medium,Referral,1,0.3630956331525652,36.30956331525652,Low
13258,Manufacturing,Indore,Small,Auto Parts,5000.0,5,Low,Organic Search,1,0.36308987009697613,36.30898700969761,Low
10505,Food & Beverage,Indore,Large,Food Ingredients,5000.0,4,Medium,Marketplace Search,1,0.3630096106052531,36.30096106052531,Low
5969,Textiles,Jaipur,Large,Industrial Equipment,6977.69,2,Medium,Organic Search,1,0.36296673452723355,36.296673452723354,Low
16482,Automotive,Jaipur,Large,Food Ingredients,5000.0,1,Medium,Marketplace Search,1,0.362898843801931,36.2898843801931,Low
4411,Manufacturing,Kolkata,Medium,Food Ingredients,18633.85,17,Medium,Organic Search,1,0.36279962999505094,36.279962999505095,Low
18451,Electronics,Jaipur,Large,Food Ingredients,5000.0,3,High,Direct Inquiry,1,0.362774226698038,36.2774226698038,Low
17705,Wholesale,Delhi NCR,Micro,Packaging,5000.0,1,Medium,Organic Search,1,0.3626682796804198,36.26682796804198,Low
12528,Pharmaceuticals,Mumbai,Medium,Industrial Equipment,60354.65,30,Medium,Organic Search,1,0.3626460771771765,36.26460771771765,Low
15210,Food & Beverage,Hyderabad,Large,Office Supplies,5000.0,13,Critical,Paid Search,1,0.36255551902502453,36.255551902502454,Low
1158,Wholesale,Kolkata,Medium,Industrial Equipment,29903.48,10,Medium,Direct Inquiry,1,0.36253591064118856,36.25359106411886,Low
6618,Construction,Mumbai,Large,Electrical Components,6893.31,15,High,Paid Search,1,0.3625236954846682,36.25236954846682,Low
4333,Wholesale,Ahmedabad,Medium,Electrical Components,5000.0,2,Medium,Direct Inquiry,1,0.3624415827911449,36.244158279114494,Low
10395,Wholesale,Indore,Micro,Steel & Metal,11470.31,12,Medium,Referral,1,0.3624067019921931,36.24067019921931,Low
19154,Chemicals,Mumbai,Small,Construction Materials,5000.0,5,High,Marketplace Search,1,0.36234934217116643,36.234934217116646,Low
10510,Automotive,Delhi NCR,Medium,Food Ingredients,5000.0,3,Medium,Referral,1,0.3623247346386982,36.232473463869816,Low
19324,Chemicals,Chennai,Large,Food Ingredients,16317.34,7,Medium,Organic Search,1,0.3622990723924381,36.22990723924381,Low
18967,Automotive,Indore,Medium,Auto Parts,22659.41,24,Medium,Paid Search,1,0.36228638021243675,36.228638021243675,Low
13666,Automotive,Indore,Medium,Steel & Metal,60258.03,21,High,Email Campaign,1,0.36227936879011496,36.227936879011494,Low
9045,Manufacturing,Indore,Small,Electrical Components,11181.55,17,Critical,Marketplace Search,1,0.362204883392786,36.2204883392786,Low
4532,Pharmaceuticals,Jaipur,Micro,Construction Materials,39024.85,42,Low,Paid Search,1,0.3621670561300456,36.21670561300456,Low
6687,Electronics,Kolkata,Medium,Electrical Components,15409.58,9,Medium,Paid Search,1,0.3621549156853136,36.21549156853136,Low
6205,Pharmaceuticals,Kolkata,Micro,Chemicals,5000.0,4,Critical,Direct Inquiry,1,0.36199545378072934,36.19954537807293,Low
18589,Manufacturing,Jaipur,Large,Food Ingredients,7534.23,13,Medium,Organic Search,1,0.36197002022145547,36.19700202214555,Low
4585,Food & Beverage,Mumbai,Medium,Office Supplies,5000.0,6,Medium,Direct Inquiry,1,0.36195473430197833,36.195473430197836,Low
13856,Electronics,Pune,Large,Packaging,5000.0,7,Medium,Referral,1,0.3619405914098322,36.19405914098322,Low
16974,Chemicals,Delhi NCR,Medium,Electrical Components,9666.64,14,High,Direct Inquiry,1,0.3618371045404777,36.18371045404777,Low
10851,Wholesale,Bengaluru,Large,Textile Machinery,38051.4,11,Medium,Organic Search,1,0.3617299351982767,36.17299351982767,Low
15478,Manufacturing,Bengaluru,Large,Electrical Components,9759.53,5,Medium,Direct Inquiry,1,0.36169564436790186,36.16956443679019,Low
14397,Manufacturing,Jaipur,Small,Textile Machinery,5000.0,4,Medium,Paid Search,1,0.3616917885950497,36.16917885950497,Low
16604,Pharmaceuticals,Indore,Micro,Food Ingredients,52110.79,71,Medium,Referral,1,0.36161093239791114,36.161093239791114,Low
777,Construction,Pune,Large,Office Supplies,5000.0,7,Low,Email Campaign,1,0.3615140647835033,36.15140647835033,Low
19881,Retail,Delhi NCR,Small,Food Ingredients,5000.0,5,Medium,Organic Search,1,0.36144737673537225,36.14473767353722,Low
6941,Wholesale,Bengaluru,Micro,Industrial Equipment,13983.8,2,Medium,Direct Inquiry,1,0.3614087303543138,36.14087303543138,Low
11854,Construction,Indore,Medium,Packaging,13829.38,11,Medium,Organic Search,1,0.3613583167009867,36.135831670098675,Low
4837,Manufacturing,Delhi NCR,Small,Industrial Equipment,8922.56,4,High,Direct Inquiry,1,0.3613321183612416,36.13321183612416,Low
8339,Food & Beverage,Hyderabad,Small,Auto Parts,19257.57,17,Medium,Organic Search,1,0.3611731548226202,36.11731548226202,Low
8288,Retail,Hyderabad,Medium,Food Ingredients,5000.0,7,High,Direct Inquiry,1,0.36115527169106043,36.115527169106045,Low
5026,Wholesale,Kolkata,Large,Auto Parts,58000.28,43,Medium,Marketplace Search,1,0.3611377478719148,36.11377478719148,Low
13443,Textiles,Delhi NCR,Medium,Industrial Equipment,36964.93,11,Low,Marketplace Search,1,0.3611068120599455,36.11068120599455,Low
5771,Electronics,Hyderabad,Medium,Packaging,5000.0,8,Medium,Referral,1,0.3610261427077361,36.10261427077361,Low
4324,Construction,Delhi NCR,Medium,Industrial Equipment,37958.54,8,Medium,Organic Search,1,0.36102089862063125,36.102089862063124,Low
5945,Construction,Ahmedabad,Micro,Industrial Equipment,192074.52,56,Medium,Marketplace Search,0,0.3609791684817687,36.09791684817687,Low
172,Construction,Kolkata,Medium,Industrial Equipment,23175.19,44,Low,Direct Inquiry,1,0.3609433751474437,36.09433751474437,Low
9096,Wholesale,Pune,Small,Industrial Equipment,20644.84,6,Low,Email Campaign,1,0.3609142679938598,36.09142679938598,Low
5840,Retail,Indore,Medium,Textile Machinery,11173.34,5,Medium,Paid Search,1,0.36083357354665985,36.083357354665985,Low
11251,Food & Beverage,Delhi NCR,Large,Industrial Equipment,9933.57,6,Medium,Email Campaign,1,0.36082463618245963,36.08246361824597,Low
4476,Automotive,Delhi NCR,Large,Electrical Components,9262.82,4,Medium,Email Campaign,1,0.3607122103856335,36.07122103856335,Low
11217,Retail,Jaipur,Small,Office Supplies,5604.01,13,Medium,Organic Search,1,0.36070716911895206,36.070716911895204,Low
16165,Manufacturing,Indore,Medium,Industrial Equipment,6087.77,5,High,Marketplace Search,1,0.3606796987464098,36.06796987464098,Low
17690,Manufacturing,Delhi NCR,Medium,Packaging,8924.65,12,Medium,Marketplace Search,1,0.36064412653095396,36.064412653095395,Low
9802,Pharmaceuticals,Pune,Micro,Packaging,10929.13,14,Medium,Referral,1,0.3606236548949065,36.06236548949065,Low
3972,Automotive,Jaipur,Micro,Electrical Components,6598.82,5,Low,Email Campaign,1,0.36051723167181626,36.05172316718163,Low
16805,Electronics,Kolkata,Enterprise,Packaging,7730.51,4,Medium,Marketplace Search,1,0.36051095494074104,36.051095494074104,Low
19299,Electronics,Kolkata,Medium,Construction Materials,9774.71,2,Low,Organic Search,1,0.360378218358111,36.0378218358111,Low
16582,Manufacturing,Mumbai,Enterprise,Industrial Equipment,37048.03,10,High,Email Campaign,1,0.3603722519075025,36.03722519075025,Low
10306,Wholesale,Bengaluru,Large,Construction Materials,5000.0,2,High,Paid Search,1,0.36030244788156457,36.03024478815646,Low
15457,Retail,Indore,Small,Industrial Equipment,5061.97,4,Medium,Organic Search,1,0.36026621305610174,36.02662130561017,Low
7879,Chemicals,Pune,Small,Office Supplies,5000.0,5,Medium,Marketplace Search,1,0.3602231340124115,36.02231340124115,Low
8476,Textiles,Bengaluru,Micro,Electrical Components,8111.94,7,Medium,Marketplace Search,1,0.36019747328764246,36.01974732876425,Low
4017,Wholesale,Chennai,Micro,Food Ingredients,5000.0,8,High,Marketplace Search,1,0.36019120104886326,36.019120104886326,Low
12472,Construction,Kolkata,Medium,Chemicals,5000.0,2,Medium,Email Campaign,1,0.3601494449880487,36.014944498804866,Low
14826,Textiles,Mumbai,Micro,Food Ingredients,5000.0,7,Medium,Organic Search,1,0.3601269707182883,36.01269707182883,Low
936,Chemicals,Jaipur,Small,Textile Machinery,5000.0,7,Low,Direct Inquiry,1,0.3600470672657854,36.00470672657854,Low
5036,Electronics,Chennai,Small,Textile Machinery,32663.44,22,Low,Marketplace Search,1,0.359979536296153,35.997953629615296,Low
11700,Retail,Delhi NCR,Micro,Industrial Equipment,14701.49,8,Medium,Organic Search,1,0.35993930655450457,35.993930655450455,Low
12428,Chemicals,Mumbai,Small,Construction Materials,5000.0,1,Low,Direct Inquiry,1,0.35992453300125127,35.99245330012513,Low
3802,Retail,Indore,Medium,Industrial Equipment,10606.89,5,Low,Direct Inquiry,1,0.35988305291954714,35.98830529195472,Low
5325,Manufacturing,Indore,Small,Textile Machinery,68357.5,10,Medium,Organic Search,1,0.35985261514216293,35.98526151421629,Low
10044,Retail,Ahmedabad,Medium,Electrical Components,18669.27,6,Medium,Organic Search,1,0.359837000170418,35.9837000170418,Low
7479,Electronics,Mumbai,Medium,Office Supplies,5903.56,14,Medium,Organic Search,1,0.35981413689318453,35.98141368931845,Low
12469,Construction,Bengaluru,Enterprise,Auto Parts,5000.0,3,Medium,Organic Search,1,0.3597217540078559,35.97217540078559,Low
15132,Textiles,Jaipur,Medium,Industrial Equipment,57070.16,14,Low,Organic Search,1,0.35962148152546713,35.96214815254671,Low
8083,Automotive,Pune,Large,Chemicals,10347.59,5,Medium,Referral,1,0.3596204853745862,35.96204853745862,Low
12373,Manufacturing,Ahmedabad,Small,Textile Machinery,11431.72,2,Medium,Marketplace Search,1,0.3596151679849067,35.96151679849067,Low
5539,Manufacturing,Ahmedabad,Medium,Food Ingredients,9447.55,13,High,Marketplace Search,1,0.3595986091935932,35.95986091935932,Low
11007,Pharmaceuticals,Indore,Medium,Construction Materials,13745.22,8,Critical,Marketplace Search,1,0.3595905322492639,35.95905322492639,Low
16398,Automotive,Kolkata,Medium,Chemicals,5000.0,5,Medium,Direct Inquiry,1,0.3593197003262898,35.93197003262898,Low
7218,Construction,Jaipur,Micro,Auto Parts,15957.19,23,Medium,Marketplace Search,1,0.35929964708157824,35.929964708157826,Low
15066,Textiles,Chennai,Micro,Food Ingredients,8323.23,12,Low,Direct Inquiry,1,0.35929522383032986,35.92952238303299,Low
13358,Wholesale,Chennai,Small,Electrical Components,5000.0,4,Medium,Direct Inquiry,1,0.35922256572945876,35.92225657294588,Low
7009,Automotive,Jaipur,Medium,Packaging,7130.28,3,High,Direct Inquiry,1,0.35915957671435117,35.915957671435116,Low
6240,Pharmaceuticals,Delhi NCR,Medium,Construction Materials,5000.0,7,Critical,Direct Inquiry,1,0.35913111648881607,35.91311164888161,Low
18736,Construction,Ahmedabad,Small,Food Ingredients,5000.0,4,Medium,Referral,1,0.35909746272581794,35.90974627258179,Low
5658,Manufacturing,Indore,Large,Construction Materials,8178.04,3,High,Paid Search,1,0.3589198633550411,35.891986335504114,Low
9221,Retail,Mumbai,Large,Steel & Metal,8264.2,10,Medium,Marketplace Search,1,0.35891293729146434,35.89129372914643,Low
19573,Automotive,Kolkata,Medium,Food Ingredients,5000.0,9,Low,Referral,1,0.3587030759810084,35.870307598100844,Low
253,Construction,Bengaluru,Medium,Food Ingredients,60070.8,70,High,Paid Search,0,0.35869991243527355,35.86999124352735,Low
4168,Automotive,Mumbai,Micro,Food Ingredients,5000.0,2,High,Direct Inquiry,1,0.35869978906974104,35.869978906974104,Low
14912,Automotive,Mumbai,Large,Steel & Metal,5077.85,7,Low,Marketplace Search,1,0.35866617716440935,35.866617716440935,Low
11886,Chemicals,Ahmedabad,Small,Auto Parts,5000.0,6,Low,Referral,1,0.35864337739859625,35.86433773985963,Low
8699,Manufacturing,Pune,Small,Chemicals,7154.88,4,Low,Marketplace Search,1,0.35859429649675295,35.85942964967529,Low
5919,Retail,Jaipur,Small,Steel & Metal,17854.58,11,Low,Marketplace Search,1,0.35858162608163124,35.85816260816313,Low
8030,Automotive,Delhi NCR,Enterprise,Chemicals,5935.07,4,Low,Direct Inquiry,1,0.35847697919414057,35.84769791941406,Low
13436,Retail,Pune,Small,Office Supplies,11047.9,5,High,Marketplace Search,1,0.3584736382523703,35.847363825237025,Low
17984,Pharmaceuticals,Mumbai,Medium,Office Supplies,5000.0,8,High,Marketplace Search,1,0.358405447330158,35.8405447330158,Low
9922,Automotive,Hyderabad,Large,Packaging,5000.0,2,High,Email Campaign,1,0.35835598251330186,35.83559825133019,Low
2239,Automotive,Kolkata,Micro,Electrical Components,59855.65,63,Medium,Email Campaign,1,0.35829572600024184,35.829572600024186,Low
3637,Construction,Mumbai,Small,Construction Materials,5642.62,4,Critical,Marketplace Search,1,0.35828532582609773,35.828532582609775,Low
4172,Chemicals,Kolkata,Micro,Textile Machinery,42007.12,13,Medium,Organic Search,1,0.3581671910898128,35.81671910898128,Low
17121,Construction,Chennai,Small,Industrial Equipment,30491.57,17,Medium,Marketplace Search,1,0.35816248953840313,35.816248953840315,Low
2626,Automotive,Delhi NCR,Large,Electrical Components,7095.32,2,Medium,Referral,1,0.3581476893061142,35.81476893061142,Low
14046,Chemicals,Pune,Micro,Electrical Components,8138.75,11,Medium,Referral,1,0.3580784010210075,35.807840102100755,Low
220,Retail,Indore,Medium,Electrical Components,52790.73,11,High,Marketplace Search,1,0.35806904012395796,35.8069040123958,Low
7799,Construction,Mumbai,Medium,Steel & Metal,17911.76,7,Low,Organic Search,1,0.35800369192072895,35.80036919207289,Low
15341,Chemicals,Pune,Medium,Food Ingredients,23415.17,28,Medium,Referral,1,0.3579865460392572,35.79865460392572,Low
6940,Food & Beverage,Bengaluru,Small,Chemicals,18429.96,9,Medium,Direct Inquiry,1,0.35786895099664695,35.7868950996647,Low
3695,Wholesale,Mumbai,Medium,Packaging,7819.06,3,Low,Referral,1,0.3577775897457833,35.777758974578326,Low
14923,Construction,Mumbai,Medium,Construction Materials,5000.0,1,Medium,Marketplace Search,1,0.3577547815409618,35.77547815409618,Low
19044,Retail,Chennai,Small,Steel & Metal,13494.77,9,Medium,Marketplace Search,1,0.35773984977998474,35.773984977998474,Low
8640,Retail,Pune,Medium,Office Supplies,9375.46,8,Medium,Organic Search,1,0.35765720968943776,35.765720968943775,Low
3031,Manufacturing,Hyderabad,Medium,Office Supplies,5000.0,12,Medium,Organic Search,1,0.3576302052805776,35.76302052805776,Low
15165,Construction,Chennai,Small,Auto Parts,15842.72,18,High,Marketplace Search,1,0.3576080504220803,35.760805042208034,Low
4472,Pharmaceuticals,Delhi NCR,Micro,Steel & Metal,7912.26,7,High,Marketplace Search,1,0.3575220853303341,35.75220853303341,Low
11112,Manufacturing,Bengaluru,Micro,Auto Parts,18108.2,15,High,Organic Search,1,0.3574588668240759,35.74588668240759,Low
12251,Manufacturing,Mumbai,Medium,Office Supplies,45373.67,57,Critical,Marketplace Search,0,0.35743020577923795,35.743020577923794,Low
17147,Retail,Indore,Micro,Auto Parts,31423.62,21,Medium,Referral,0,0.35738383857592604,35.7383838575926,Low
1762,Construction,Indore,Small,Industrial Equipment,11323.24,4,Low,Organic Search,1,0.3572013103457583,35.72013103457583,Low
6490,Construction,Kolkata,Medium,Textile Machinery,28938.15,8,Medium,Direct Inquiry,1,0.3570750147324998,35.707501473249984,Low
1754,Retail,Hyderabad,Small,Steel & Metal,5000.0,3,Medium,Marketplace Search,1,0.3570029390288155,35.700293902881555,Low
4477,Construction,Hyderabad,Large,Construction Materials,102838.58,27,Medium,Direct Inquiry,1,0.35694263285339695,35.694263285339694,Low
9146,Construction,Pune,Micro,Electrical Components,41789.99,28,Low,Direct Inquiry,1,0.3568796285720765,35.68796285720765,Low
18870,Wholesale,Pune,Large,Textile Machinery,40030.42,40,Medium,Email Campaign,1,0.35674544083791543,35.674544083791545,Low
7055,Retail,Pune,Small,Office Supplies,8869.18,12,Low,Email Campaign,1,0.35663693255031587,35.66369325503159,Low
1563,Electronics,Hyderabad,Small,Electrical Components,8032.8,12,High,Organic Search,1,0.35660403507095256,35.66040350709525,Low
5865,Retail,Ahmedabad,Small,Construction Materials,20121.36,10,High,Marketplace Search,1,0.35659351297361713,35.65935129736172,Low
13720,Automotive,Kolkata,Medium,Industrial Equipment,69158.48,45,Medium,Marketplace Search,1,0.35656896703931085,35.65689670393108,Low
14291,Wholesale,Pune,Medium,Auto Parts,5000.0,3,Critical,Marketplace Search,1,0.356539708612987,35.6539708612987,Low
3230,Wholesale,Delhi NCR,Small,Packaging,40638.16,26,High,Email Campaign,0,0.35653424646747045,35.65342464674705,Low
18400,Food & Beverage,Pune,Medium,Construction Materials,5000.0,1,Medium,Direct Inquiry,1,0.3564978512517123,35.64978512517123,Low
8466,Retail,Bengaluru,Micro,Office Supplies,8734.8,19,Medium,Paid Search,1,0.35636521769234775,35.636521769234776,Low
10054,Textiles,Ahmedabad,Medium,Packaging,8676.96,27,Medium,Paid Search,1,0.35635471708407473,35.63547170840747,Low
10661,Food & Beverage,Jaipur,Small,Office Supplies,5000.0,10,Medium,Direct Inquiry,1,0.35634205498590654,35.63420549859065,Low
17232,Textiles,Indore,Micro,Auto Parts,37201.03,31,High,Referral,1,0.3562993561319429,35.62993561319429,Low
5066,Pharmaceuticals,Kolkata,Medium,Packaging,5000.0,5,High,Paid Search,1,0.3562795277593422,35.62795277593422,Low
14185,Manufacturing,Jaipur,Large,Food Ingredients,5000.0,5,Medium,Direct Inquiry,1,0.3562785020918089,35.62785020918089,Low
19310,Manufacturing,Delhi NCR,Small,Auto Parts,10928.29,13,High,Direct Inquiry,1,0.35622582726057306,35.6225827260573,Low
6849,Chemicals,Jaipur,Small,Construction Materials,36199.32,10,Medium,Email Campaign,1,0.3562200567058295,35.62200567058295,Low
12849,Automotive,Chennai,Micro,Construction Materials,30978.25,21,Medium,Referral,1,0.3561402973604051,35.61402973604051,Low
17602,Construction,Hyderabad,Medium,Auto Parts,14075.32,9,High,Organic Search,1,0.3560435617485851,35.60435617485851,Low
1289,Automotive,Kolkata,Large,Industrial Equipment,14993.53,3,Low,Email Campaign,1,0.35598280375192043,35.59828037519204,Low
2811,Electronics,Delhi NCR,Medium,Textile Machinery,98160.24,33,Medium,Paid Search,1,0.35596060474733,35.596060474733,Low
4234,Manufacturing,Ahmedabad,Small,Auto Parts,9910.45,11,Medium,Referral,1,0.3559439819357519,35.59439819357519,Low
14286,Automotive,Jaipur,Large,Chemicals,6362.33,4,Medium,Marketplace Search,1,0.35589789002814015,35.589789002814015,Low
14328,Chemicals,Kolkata,Medium,Textile Machinery,13143.47,3,Medium,Direct Inquiry,1,0.35582219402706405,35.58221940270641,Low
7454,Chemicals,Jaipur,Medium,Packaging,5000.0,5,High,Marketplace Search,1,0.35569327317517513,35.56932731751751,Low
4305,Manufacturing,Bengaluru,Medium,Auto Parts,9137.01,12,Medium,Paid Search,1,0.3556897063952228,35.56897063952228,Low
12624,Electronics,Hyderabad,Medium,Construction Materials,5000.0,4,High,Email Campaign,1,0.3556648419049485,35.566484190494855,Low
6788,Food & Beverage,Chennai,Large,Chemicals,10194.78,10,Medium,Direct Inquiry,1,0.35563943429601236,35.56394342960124,Low
12936,Retail,Chennai,Small,Food Ingredients,22508.78,22,High,Direct Inquiry,1,0.3556282614156218,35.562826141562184,Low
134,Automotive,Hyderabad,Medium,Construction Materials,19996.94,15,Medium,Organic Search,1,0.3555206603496122,35.55206603496122,Low
4990,Manufacturing,Jaipur,Medium,Packaging,5000.0,6,High,Marketplace Search,1,0.35521666667397206,35.521666667397206,Low
8255,Construction,Mumbai,Medium,Industrial Equipment,23034.57,10,High,Direct Inquiry,1,0.3551184345373757,35.51184345373757,Low
7819,Wholesale,Indore,Small,Industrial Equipment,7284.35,4,Critical,Email Campaign,1,0.35510536869075576,35.51053686907558,Low
3894,Electronics,Chennai,Medium,Chemicals,30024.6,9,Medium,Referral,1,0.3550667927573551,35.50667927573551,Low
12586,Manufacturing,Pune,Small,Construction Materials,32464.32,21,High,Marketplace Search,1,0.3550372687053579,35.50372687053579,Low
18944,Retail,Hyderabad,Medium,Steel & Metal,13882.21,8,Medium,Referral,1,0.3548477837735026,35.48477837735026,Low
5724,Textiles,Ahmedabad,Small,Auto Parts,5000.0,4,High,Paid Search,1,0.3548340094153627,35.48340094153627,Low
18662,Automotive,Kolkata,Small,Industrial Equipment,20038.66,22,High,Organic Search,1,0.3547752385539731,35.47752385539731,Low
16029,Wholesale,Jaipur,Medium,Construction Materials,15898.96,13,Low,Marketplace Search,1,0.3547284346895041,35.47284346895041,Low
6840,Food & Beverage,Mumbai,Micro,Industrial Equipment,43818.23,44,Medium,Marketplace Search,1,0.35467926122822624,35.467926122822625,Low
13488,Automotive,Jaipur,Enterprise,Food Ingredients,5000.0,3,Medium,Paid Search,1,0.35467673349357837,35.46767334935784,Low
13223,Construction,Kolkata,Medium,Construction Materials,13012.85,3,Medium,Referral,1,0.35460230321870767,35.46023032187077,Low
3393,Manufacturing,Bengaluru,Small,Auto Parts,6322.8,3,Medium,Marketplace Search,1,0.35442614933330086,35.442614933330084,Low
203,Manufacturing,Jaipur,Small,Chemicals,5000.0,5,Medium,Marketplace Search,1,0.35442131728538173,35.44213172853817,Low
8716,Construction,Jaipur,Micro,Steel & Metal,51993.71,14,Medium,Marketplace Search,1,0.3543770614261873,35.43770614261873,Low
13758,Construction,Chennai,Medium,Electrical Components,12055.58,7,Medium,Organic Search,1,0.3542967703358837,35.42967703358837,Low
5203,Wholesale,Ahmedabad,Large,Industrial Equipment,21624.9,16,High,Marketplace Search,1,0.3542822078168104,35.42822078168104,Low
5355,Electronics,Chennai,Small,Packaging,11865.03,9,High,Organic Search,1,0.3542048998623504,35.42048998623504,Low
17272,Wholesale,Ahmedabad,Medium,Food Ingredients,42539.95,20,Medium,Organic Search,1,0.3541922259254559,35.41922259254559,Low
7817,Pharmaceuticals,Pune,Micro,Auto Parts,6232.03,4,High,Direct Inquiry,1,0.354091391104223,35.4091391104223,Low
349,Manufacturing,Hyderabad,Small,Industrial Equipment,138321.13,71,Medium,Referral,0,0.3539899492153371,35.39899492153371,Low
2846,Construction,Delhi NCR,Small,Textile Machinery,13719.76,13,Low,Email Campaign,1,0.3539556662512675,35.39556662512675,Low
7724,Textiles,Delhi NCR,Medium,Food Ingredients,5000.0,4,Low,Direct Inquiry,1,0.3539479330073076,35.39479330073076,Low
685,Retail,Indore,Small,Office Supplies,5000.0,3,Critical,Referral,1,0.35383079647128424,35.383079647128426,Low
18588,Manufacturing,Mumbai,Medium,Industrial Equipment,88793.14,53,Low,Email Campaign,1,0.3537645009083564,35.37645009083564,Low
13610,Electronics,Delhi NCR,Large,Industrial Equipment,110595.31,30,Low,Direct Inquiry,1,0.35375636899983814,35.37563689998382,Low
18299,Construction,Hyderabad,Large,Steel & Metal,37042.1,25,High,Email Campaign,1,0.3537504866416084,35.37504866416084,Low
6821,Electronics,Indore,Medium,Packaging,43380.34,21,Low,Email Campaign,1,0.35361651616149364,35.361651616149366,Low
9132,Wholesale,Indore,Micro,Auto Parts,5000.0,5,High,Marketplace Search,1,0.3536102662325074,35.361026623250744,Low
11696,Food & Beverage,Jaipur,Large,Steel & Metal,8854.69,9,Medium,Organic Search,1,0.3534930009701618,35.349300097016176,Low
5055,Construction,Hyderabad,Small,Textile Machinery,5000.0,3,High,Direct Inquiry,1,0.3534840921156734,35.348409211567336,Low
10259,Electronics,Kolkata,Medium,Steel & Metal,5000.0,1,Medium,Marketplace Search,1,0.3534118518088926,35.34118518088926,Low
9544,Automotive,Mumbai,Small,Food Ingredients,5000.0,1,Medium,Direct Inquiry,1,0.3534041172581542,35.34041172581542,Low
1160,Manufacturing,Chennai,Medium,Industrial Equipment,56674.69,13,High,Marketplace Search,1,0.35340396435777455,35.34039643577746,Low
8259,Automotive,Bengaluru,Small,Industrial Equipment,5185.46,3,High,Organic Search,1,0.3533522793155072,35.33522793155072,Low
12514,Wholesale,Indore,Enterprise,Chemicals,22984.42,22,Medium,Referral,1,0.35334238251448424,35.334238251448426,Low
6644,Pharmaceuticals,Delhi NCR,Large,Construction Materials,34840.58,11,Medium,Referral,1,0.3532675694225158,35.32675694225158,Low
18952,Electronics,Hyderabad,Small,Packaging,5681.06,10,Medium,Direct Inquiry,1,0.35326564767648266,35.326564767648264,Low
12466,Retail,Bengaluru,Medium,Construction Materials,13844.64,12,Low,Organic Search,1,0.3532354046512953,35.32354046512953,Low
2834,Pharmaceuticals,Chennai,Medium,Textile Machinery,11358.08,5,Medium,Organic Search,1,0.35322058271510515,35.322058271510514,Low
19511,Retail,Hyderabad,Medium,Office Supplies,5000.0,9,Medium,Direct Inquiry,1,0.35318911275676196,35.31891127567619,Low
3748,Retail,Chennai,Medium,Chemicals,5000.0,1,Medium,Marketplace Search,1,0.3530991509337987,35.30991509337987,Low
12672,Manufacturing,Chennai,Large,Construction Materials,12009.82,14,Low,Direct Inquiry,1,0.3530868519546544,35.308685195465436,Low
5752,Food & Beverage,Chennai,Large,Auto Parts,28585.37,18,Medium,Direct Inquiry,1,0.3528481332398493,35.284813323984935,Low
17283,Manufacturing,Mumbai,Large,Construction Materials,5288.93,5,Critical,Marketplace Search,1,0.3527732820045092,35.27732820045092,Low
12967,Construction,Bengaluru,Medium,Electrical Components,5636.75,4,Medium,Direct Inquiry,1,0.3524982205861579,35.249822058615784,Low
12489,Construction,Chennai,Small,Steel & Metal,23816.67,18,Medium,Direct Inquiry,1,0.3524618959326359,35.24618959326359,Low
19948,Retail,Pune,Micro,Steel & Metal,8637.81,6,Medium,Marketplace Search,1,0.35244918353502513,35.24491835350251,Low
5481,Manufacturing,Hyderabad,Enterprise,Industrial Equipment,26532.67,7,Medium,Marketplace Search,1,0.35241065959321155,35.241065959321155,Low
15999,Wholesale,Bengaluru,Micro,Textile Machinery,9367.59,19,High,Direct Inquiry,1,0.3523548412706398,35.235484127063984,Low
19644,Manufacturing,Indore,Micro,Textile Machinery,53824.99,33,High,Marketplace Search,1,0.3521838527752863,35.21838527752863,Low
8720,Textiles,Indore,Enterprise,Food Ingredients,12057.87,10,Low,Organic Search,1,0.3521045210055303,35.21045210055303,Low
11080,Pharmaceuticals,Indore,Medium,Steel & Metal,19092.59,15,Medium,Organic Search,1,0.35193030002848114,35.19303000284811,Low
12154,Food & Beverage,Delhi NCR,Small,Office Supplies,5000.0,6,High,Paid Search,1,0.3518422067191956,35.18422067191956,Low
171,Wholesale,Hyderabad,Large,Electrical Components,27715.63,11,Critical,Marketplace Search,0,0.35175112852935875,35.175112852935875,Low
4808,Wholesale,Mumbai,Medium,Construction Materials,36126.98,22,Medium,Paid Search,1,0.351725185608641,35.172518560864106,Low
11427,Manufacturing,Kolkata,Small,Construction Materials,6447.86,3,High,Direct Inquiry,0,0.35166164192948074,35.166164192948074,Low
2527,Electronics,Mumbai,Small,Food Ingredients,7843.23,11,High,Paid Search,1,0.35164052301090554,35.16405230109056,Low
8371,Automotive,Mumbai,Large,Steel & Metal,23425.89,5,Medium,Organic Search,1,0.3516235668773855,35.16235668773855,Low
11595,Construction,Jaipur,Small,Food Ingredients,38103.67,35,Low,Organic Search,1,0.3516044470494159,35.16044470494159,Low
17334,Manufacturing,Ahmedabad,Small,Packaging,6197.49,12,High,Marketplace Search,1,0.3515816649818836,35.15816649818836,Low
12779,Food & Beverage,Jaipur,Micro,Packaging,24953.45,31,Medium,Direct Inquiry,1,0.35153365685851173,35.15336568585117,Low
10016,Pharmaceuticals,Delhi NCR,Medium,Food Ingredients,5000.0,3,High,Marketplace Search,1,0.3514776368005619,35.14776368005619,Low
12719,Construction,Indore,Small,Textile Machinery,28422.09,4,Low,Organic Search,1,0.35147330710319635,35.147330710319636,Low
19344,Pharmaceuticals,Hyderabad,Micro,Industrial Equipment,5000.0,2,Medium,Direct Inquiry,1,0.3512136189970786,35.12136189970786,Low
13966,Wholesale,Jaipur,Small,Steel & Metal,34702.6,14,Medium,Referral,1,0.3511343982788387,35.113439827883866,Low
6734,Manufacturing,Ahmedabad,Medium,Packaging,5357.45,4,Medium,Referral,1,0.3511288066862541,35.112880668625415,Low
15417,Textiles,Bengaluru,Micro,Food Ingredients,5000.0,3,High,Direct Inquiry,1,0.3510699931852909,35.10699931852909,Low
3320,Manufacturing,Chennai,Enterprise,Industrial Equipment,5548.97,3,Low,Paid Search,1,0.3510676329718708,35.10676329718708,Low
14244,Retail,Indore,Small,Construction Materials,25532.38,26,Low,Marketplace Search,1,0.3510390334348824,35.10390334348824,Low
4932,Food & Beverage,Delhi NCR,Micro,Food Ingredients,5000.0,9,Medium,Organic Search,1,0.35103541391425613,35.103541391425615,Low
11638,Electronics,Mumbai,Large,Electrical Components,20776.98,8,Medium,Organic Search,1,0.3509647315036613,35.09647315036613,Low
7551,Pharmaceuticals,Delhi NCR,Small,Industrial Equipment,9871.71,5,Medium,Email Campaign,1,0.35092966138785797,35.0929661387858,Low
12241,Construction,Indore,Large,Food Ingredients,9184.01,17,High,Organic Search,1,0.3507890628943688,35.07890628943688,Low
11693,Construction,Pune,Medium,Industrial Equipment,14877.5,8,High,Marketplace Search,1,0.35068279991112083,35.068279991112085,Low
1424,Retail,Delhi NCR,Large,Textile Machinery,5000.0,2,Medium,Organic Search,1,0.35066816282901486,35.066816282901485,Low
18860,Food & Beverage,Hyderabad,Large,Electrical Components,5000.0,6,Medium,Referral,0,0.3506470650388257,35.06470650388257,Low
15949,Food & Beverage,Kolkata,Small,Textile Machinery,5000.0,5,Low,Referral,1,0.35049824300432997,35.049824300432995,Low
16450,Food & Beverage,Mumbai,Small,Food Ingredients,9214.16,11,Low,Organic Search,1,0.3504823998186249,35.04823998186249,Low
458,Food & Beverage,Bengaluru,Micro,Electrical Components,18569.87,8,Low,Direct Inquiry,1,0.3504652289652847,35.04652289652847,Low
18044,Electronics,Pune,Medium,Construction Materials,31856.63,18,High,Marketplace Search,1,0.3504052392014639,35.04052392014639,Low
4289,Automotive,Jaipur,Large,Textile Machinery,28306.07,16,Medium,Referral,1,0.35034553017592324,35.03455301759232,Low
16396,Wholesale,Indore,Micro,Auto Parts,5678.79,11,Critical,Marketplace Search,1,0.3503058283955826,35.030582839558264,Low
6451,Retail,Bengaluru,Medium,Packaging,5000.0,9,Medium,Direct Inquiry,1,0.3501420952203787,35.01420952203787,Low
6752,Food & Beverage,Delhi NCR,Medium,Construction Materials,8926.16,8,High,Organic Search,1,0.3500724038535761,35.007240385357605,Low
8262,Textiles,Indore,Medium,Food Ingredients,15457.4,6,Low,Marketplace Search,1,0.3500674491582858,35.00674491582858,Low
13570,Retail,Ahmedabad,Micro,Food Ingredients,5000.0,3,Medium,Email Campaign,1,0.3499310854024621,34.99310854024621,Low
3852,Retail,Chennai,Micro,Chemicals,5000.0,8,Medium,Direct Inquiry,1,0.34991785435442824,34.99178543544282,Low
17621,Construction,Mumbai,Medium,Office Supplies,19311.41,55,Low,Direct Inquiry,1,0.3497994712073641,34.97994712073641,Low
14711,Automotive,Hyderabad,Enterprise,Auto Parts,5156.61,2,Low,Marketplace Search,1,0.3497964101208862,34.97964101208862,Low
16057,Food & Beverage,Hyderabad,Medium,Chemicals,5743.22,3,High,Email Campaign,1,0.34975546992543355,34.97554699254336,Low
4925,Retail,Hyderabad,Micro,Chemicals,35106.2,18,Medium,Referral,1,0.34975213659718585,34.975213659718584,Low
7962,Pharmaceuticals,Pune,Small,Construction Materials,92921.65,29,Medium,Direct Inquiry,1,0.3497217877751714,34.972178777517136,Low
9378,Retail,Hyderabad,Medium,Electrical Components,11361.85,14,Medium,Marketplace Search,1,0.3496802719337684,34.96802719337684,Low
6472,Chemicals,Delhi NCR,Small,Textile Machinery,9426.39,8,Medium,Marketplace Search,1,0.34957140048418406,34.9571400484184,Low
10204,Food & Beverage,Delhi NCR,Large,Industrial Equipment,5000.0,1,Medium,Direct Inquiry,1,0.3495631905823507,34.95631905823507,Low
13703,Automotive,Delhi NCR,Large,Chemicals,5814.92,6,Medium,Marketplace Search,1,0.34953547479623515,34.953547479623516,Low
6851,Retail,Bengaluru,Medium,Steel & Metal,37257.2,10,Low,Marketplace Search,1,0.34942580767153514,34.942580767153515,Low
3833,Wholesale,Chennai,Small,Packaging,5000.0,7,Medium,Organic Search,0,0.34937444021485653,34.93744402148565,Low
5819,Wholesale,Pune,Medium,Auto Parts,17507.1,6,High,Direct Inquiry,1,0.3493098676634334,34.93098676634334,Low
5550,Retail,Jaipur,Small,Electrical Components,11883.59,7,Low,Direct Inquiry,1,0.3493037176998921,34.93037176998921,Low
13471,Food & Beverage,Kolkata,Small,Steel & Metal,25337.61,34,Medium,Direct Inquiry,1,0.3490714343145862,34.90714343145862,Low
16362,Electronics,Hyderabad,Medium,Construction Materials,36133.91,18,Medium,Marketplace Search,1,0.34898607872591053,34.89860787259105,Low
1148,Wholesale,Kolkata,Medium,Steel & Metal,25947.41,15,Medium,Referral,1,0.3489588167786967,34.895881677869674,Low
6641,Textiles,Hyderabad,Large,Auto Parts,5000.0,1,Medium,Direct Inquiry,1,0.3488154371450252,34.88154371450252,Low
1976,Wholesale,Bengaluru,Medium,Packaging,5000.0,2,High,Referral,1,0.34871227275568545,34.87122727556854,Low
17209,Food & Beverage,Bengaluru,Medium,Office Supplies,5768.23,12,Critical,Paid Search,1,0.34871206405899274,34.87120640589927,Low
6496,Wholesale,Bengaluru,Large,Construction Materials,17619.43,9,Medium,Email Campaign,1,0.34861491682286816,34.86149168228682,Low
18803,Retail,Delhi NCR,Large,Textile Machinery,5000.0,1,Critical,Organic Search,1,0.3484906369822181,34.84906369822181,Low
6765,Pharmaceuticals,Pune,Medium,Auto Parts,8296.46,8,Medium,Email Campaign,1,0.34847407793020424,34.84740779302042,Low
10319,Wholesale,Indore,Micro,Packaging,53215.2,52,Medium,Organic Search,1,0.34837025983914405,34.8370259839144,Low
5059,Manufacturing,Bengaluru,Micro,Chemicals,8513.67,5,High,Email Campaign,1,0.34832713954514966,34.832713954514965,Low
3872,Manufacturing,Hyderabad,Small,Food Ingredients,22375.35,13,Medium,Organic Search,1,0.3482669797301489,34.826697973014895,Low
6184,Construction,Ahmedabad,Medium,Steel & Metal,7122.16,3,High,Organic Search,0,0.3482466310421976,34.82466310421976,Low
7469,Automotive,Chennai,Small,Electrical Components,15734.92,11,Medium,Marketplace Search,1,0.3481610967540937,34.816109675409365,Low
853,Electronics,Kolkata,Medium,Industrial Equipment,46289.35,23,Medium,Marketplace Search,1,0.3481412204995219,34.81412204995219,Low
13362,Retail,Delhi NCR,Small,Electrical Components,8075.42,9,High,Direct Inquiry,0,0.34810295763673493,34.810295763673494,Low
1609,Wholesale,Bengaluru,Small,Electrical Components,20300.8,18,Critical,Paid Search,0,0.3478780263343715,34.787802633437146,Low
16439,Retail,Kolkata,Medium,Chemicals,5195.95,3,High,Email Campaign,0,0.3478668324891684,34.78668324891684,Low
12475,Pharmaceuticals,Hyderabad,Small,Construction Materials,16492.22,19,Medium,Direct Inquiry,1,0.34786534163595445,34.78653416359545,Low
14255,Chemicals,Mumbai,Medium,Packaging,7659.67,5,Low,Direct Inquiry,1,0.3478430709289557,34.784307092895574,Low
3925,Automotive,Bengaluru,Small,Steel & Metal,26455.85,9,Medium,Direct Inquiry,1,0.34778877571591615,34.778877571591615,Low
12216,Wholesale,Pune,Small,Industrial Equipment,12721.5,7,High,Referral,0,0.347740164540781,34.7740164540781,Low
5396,Retail,Bengaluru,Large,Packaging,14454.39,12,Medium,Marketplace Search,1,0.34752527431170444,34.75252743117044,Low
9344,Pharmaceuticals,Kolkata,Medium,Industrial Equipment,28158.64,13,High,Marketplace Search,1,0.3475110437398187,34.751104373981875,Low
19549,Manufacturing,Bengaluru,Small,Electrical Components,20979.75,8,Medium,Marketplace Search,1,0.34747656504151536,34.747656504151536,Low
583,Retail,Ahmedabad,Medium,Electrical Components,5000.0,2,Medium,Organic Search,1,0.3474405034602628,34.74405034602628,Low
9191,Retail,Ahmedabad,Enterprise,Auto Parts,16358.2,13,Low,Marketplace Search,1,0.34737673786859974,34.73767378685997,Low
19240,Food & Beverage,Delhi NCR,Micro,Chemicals,41994.49,20,High,Marketplace Search,0,0.3472378694803153,34.72378694803153,Low
8893,Construction,Indore,Large,Steel & Metal,45743.4,17,Medium,Direct Inquiry,1,0.3471826895798885,34.718268957988855,Low
18113,Retail,Indore,Medium,Packaging,8232.67,13,Critical,Marketplace Search,0,0.3471776293827882,34.71776293827882,Low
2389,Manufacturing,Bengaluru,Micro,Steel & Metal,5000.0,2,Medium,Marketplace Search,1,0.34716183406113843,34.71618340611384,Low
2715,Construction,Ahmedabad,Medium,Textile Machinery,45619.68,19,Medium,Organic Search,1,0.34699861390276315,34.69986139027632,Low
14033,Wholesale,Jaipur,Medium,Packaging,5530.68,4,High,Organic Search,0,0.3469056243727607,34.69056243727607,Low
19414,Construction,Kolkata,Large,Packaging,5000.0,4,Medium,Marketplace Search,1,0.3468981484641935,34.689814846419345,Low
9670,Construction,Pune,Medium,Electrical Components,16809.59,16,Low,Direct Inquiry,1,0.34686113176760147,34.686113176760145,Low
19618,Construction,Bengaluru,Large,Auto Parts,6293.44,4,Critical,Paid Search,1,0.34678459097497766,34.678459097497765,Low
12007,Electronics,Kolkata,Large,Chemicals,21004.7,10,Medium,Direct Inquiry,1,0.3467772575243754,34.67772575243754,Low
11654,Construction,Bengaluru,Large,Packaging,5000.0,6,Medium,Referral,1,0.3467643875899491,34.67643875899491,Low
15270,Retail,Jaipur,Micro,Industrial Equipment,5000.0,4,High,Marketplace Search,1,0.34664798400623115,34.66479840062311,Low
15240,Automotive,Indore,Medium,Construction Materials,5975.13,3,Medium,Email Campaign,1,0.3466422871731352,34.66422871731352,Low
14324,Wholesale,Hyderabad,Small,Auto Parts,24957.77,24,Medium,Marketplace Search,1,0.3466201293766889,34.66201293766889,Low
2531,Pharmaceuticals,Chennai,Micro,Steel & Metal,33840.25,18,Medium,Marketplace Search,1,0.3465900543733657,34.65900543733657,Low
4006,Wholesale,Pune,Micro,Steel & Metal,21873.43,12,Medium,Direct Inquiry,1,0.34658314481013075,34.65831448101307,Low
17517,Manufacturing,Ahmedabad,Small,Electrical Components,12782.39,4,High,Paid Search,1,0.34652287510944063,34.65228751094406,Low
1092,Retail,Chennai,Medium,Packaging,15293.32,17,Medium,Referral,0,0.34647824087099033,34.64782408709903,Low
18394,Retail,Jaipur,Small,Electrical Components,57767.65,22,Medium,Marketplace Search,1,0.3464555510832129,34.64555510832129,Low
17246,Manufacturing,Hyderabad,Medium,Electrical Components,22055.81,18,Low,Direct Inquiry,1,0.34640886370495505,34.64088637049551,Low
4983,Construction,Delhi NCR,Small,Food Ingredients,5000.0,6,High,Marketplace Search,1,0.3461738532556114,34.61738532556114,Low
7450,Construction,Pune,Small,Auto Parts,6979.15,7,Critical,Marketplace Search,1,0.3461611660141968,34.61611660141968,Low
5621,Retail,Indore,Enterprise,Construction Materials,7053.78,4,Medium,Paid Search,1,0.346119435849225,34.6119435849225,Low
18989,Manufacturing,Ahmedabad,Enterprise,Textile Machinery,39620.03,10,Low,Organic Search,1,0.34607626829534255,34.607626829534254,Low
18179,Textiles,Jaipur,Micro,Office Supplies,5000.0,4,Low,Referral,1,0.3460267967933809,34.60267967933809,Low
9351,Wholesale,Mumbai,Micro,Construction Materials,10438.91,10,High,Marketplace Search,1,0.34590687931106817,34.590687931106814,Low
18441,Construction,Delhi NCR,Micro,Food Ingredients,10205.45,12,Low,Organic Search,1,0.34587242041277944,34.587242041277946,Low
52,Food & Beverage,Pune,Medium,Electrical Components,10409.31,9,High,Marketplace Search,1,0.34584938700764223,34.584938700764226,Low
2560,Automotive,Ahmedabad,Small,Office Supplies,11350.84,31,High,Email Campaign,1,0.3457329199745945,34.57329199745945,Low
16717,Construction,Ahmedabad,Medium,Construction Materials,5000.0,2,Medium,Marketplace Search,1,0.3457318900641394,34.57318900641394,Low
10293,Retail,Bengaluru,Medium,Steel & Metal,5790.6,4,Medium,Referral,1,0.34565260923396274,34.56526092339627,Low
6056,Manufacturing,Jaipur,Small,Food Ingredients,5000.0,1,High,Email Campaign,1,0.3456416652381094,34.56416652381094,Low
8963,Automotive,Pune,Micro,Food Ingredients,5000.0,9,Critical,Organic Search,1,0.3456340606122853,34.56340606122853,Low
19946,Pharmaceuticals,Chennai,Medium,Steel & Metal,37607.24,29,Medium,Marketplace Search,1,0.34545504656725656,34.545504656725655,Low
6910,Food & Beverage,Mumbai,Medium,Packaging,25709.01,19,Medium,Marketplace Search,1,0.34542222256715877,34.542222256715874,Low
10654,Retail,Mumbai,Medium,Auto Parts,6540.85,15,Low,Organic Search,1,0.3453088183633289,34.53088183633289,Low
6046,Retail,Indore,Medium,Packaging,6666.0,7,Critical,Marketplace Search,1,0.3451486246988298,34.51486246988298,Low
3116,Manufacturing,Jaipur,Small,Electrical Components,5000.0,2,Medium,Marketplace Search,1,0.3451209327741101,34.51209327741101,Low
18027,Construction,Indore,Small,Chemicals,8396.03,4,Medium,Direct Inquiry,1,0.3450376267390579,34.50376267390579,Low
13738,Chemicals,Bengaluru,Large,Auto Parts,11622.14,4,Critical,Referral,1,0.344985551811348,34.4985551811348,Low
1465,Pharmaceuticals,Indore,Large,Textile Machinery,9056.36,2,Medium,Paid Search,1,0.34497987227901256,34.497987227901255,Low
825,Manufacturing,Chennai,Large,Textile Machinery,5000.0,3,Medium,Organic Search,1,0.3449712563589211,34.49712563589211,Low
4743,Retail,Mumbai,Medium,Steel & Metal,11533.32,11,Medium,Paid Search,1,0.344952426462622,34.4952426462622,Low
18407,Wholesale,Pune,Small,Packaging,5000.0,3,High,Marketplace Search,1,0.3448759632864703,34.48759632864703,Low
19471,Food & Beverage,Bengaluru,Large,Electrical Components,52222.12,22,High,Marketplace Search,0,0.3448672493377751,34.48672493377751,Low
8454,Construction,Ahmedabad,Micro,Textile Machinery,26923.44,6,High,Referral,0,0.3448318792342232,34.48318792342232,Low
2821,Pharmaceuticals,Jaipur,Small,Auto Parts,5000.0,9,Medium,Marketplace Search,1,0.34483000137085396,34.4830001370854,Low
1063,Pharmaceuticals,Bengaluru,Micro,Auto Parts,13185.6,15,High,Email Campaign,1,0.3447881422673313,34.47881422673313,Low
13940,Food & Beverage,Kolkata,Medium,Steel & Metal,17767.45,17,Medium,Paid Search,1,0.34478102018778545,34.47810201877854,Low
14695,Food & Beverage,Chennai,Small,Chemicals,5000.0,5,High,Paid Search,1,0.34477823759681464,34.47782375968146,Low
11857,Automotive,Mumbai,Medium,Packaging,144726.2,58,High,Organic Search,0,0.3446517147422012,34.46517147422012,Low
18915,Manufacturing,Jaipur,Large,Packaging,5000.0,3,High,Direct Inquiry,1,0.3445180573208476,34.451805732084765,Low
10318,Chemicals,Ahmedabad,Large,Auto Parts,9089.14,8,High,Email Campaign,1,0.34444752701156767,34.444752701156766,Low
17686,Construction,Delhi NCR,Small,Packaging,5000.0,10,Medium,Email Campaign,1,0.3444059412849707,34.44059412849707,Low
4503,Wholesale,Indore,Small,Office Supplies,5000.0,6,Medium,Direct Inquiry,1,0.34435410456351284,34.435410456351285,Low
16671,Electronics,Hyderabad,Medium,Construction Materials,35701.15,14,High,Direct Inquiry,1,0.3443469032255811,34.43469032255811,Low
4788,Manufacturing,Delhi NCR,Small,Construction Materials,54783.34,39,High,Paid Search,1,0.344225721824994,34.4225721824994,Low
16346,Wholesale,Indore,Small,Food Ingredients,5000.0,5,Medium,Referral,1,0.3442073392571512,34.42073392571512,Low
11231,Chemicals,Jaipur,Micro,Chemicals,6438.33,3,Critical,Referral,0,0.34419413035002216,34.419413035002215,Low
2753,Manufacturing,Jaipur,Small,Steel & Metal,5383.37,6,Medium,Organic Search,1,0.34413285937705435,34.41328593770543,Low
17224,Food & Beverage,Delhi NCR,Micro,Food Ingredients,6899.05,8,High,Marketplace Search,1,0.34411995628977715,34.411995628977714,Low
5981,Automotive,Hyderabad,Small,Packaging,5000.0,4,High,Direct Inquiry,1,0.3440277215364933,34.40277215364933,Low
2005,Electronics,Kolkata,Small,Construction Materials,9154.64,11,High,Organic Search,1,0.34402454107538444,34.402454107538446,Low
19198,Food & Beverage,Mumbai,Large,Electrical Components,8498.57,9,Low,Marketplace Search,1,0.34392507568855635,34.392507568855635,Low
9849,Manufacturing,Indore,Small,Chemicals,5000.0,4,Low,Marketplace Search,1,0.3438651002798857,34.38651002798857,Low
1262,Retail,Ahmedabad,Medium,Steel & Metal,15108.62,8,Medium,Marketplace Search,1,0.34385168764142776,34.385168764142776,Low
13934,Food & Beverage,Pune,Small,Electrical Components,13017.65,24,Medium,Paid Search,1,0.3438420536021169,34.38420536021169,Low
18899,Automotive,Kolkata,Medium,Textile Machinery,5788.37,3,Medium,Referral,1,0.34369645774805097,34.36964577480509,Low
9800,Manufacturing,Hyderabad,Medium,Packaging,25144.78,19,Low,Marketplace Search,1,0.34358238249879175,34.35823824987917,Low
5473,Construction,Bengaluru,Medium,Packaging,5000.0,3,Medium,Marketplace Search,1,0.34354209889446774,34.35420988944677,Low
17020,Pharmaceuticals,Bengaluru,Large,Steel & Metal,26842.51,10,Low,Email Campaign,1,0.34349576682190647,34.349576682190644,Low
19543,Automotive,Delhi NCR,Medium,Office Supplies,5000.0,4,Critical,Organic Search,1,0.34346414569152506,34.34641456915251,Low
3687,Chemicals,Ahmedabad,Medium,Chemicals,5000.0,2,Medium,Marketplace Search,1,0.3434222667544145,34.34222667544145,Low
11281,Automotive,Hyderabad,Enterprise,Construction Materials,11995.12,3,Medium,Email Campaign,1,0.3433939820086896,34.339398200868956,Low
18064,Food & Beverage,Bengaluru,Medium,Office Supplies,11288.59,12,Medium,Organic Search,1,0.34338404102845405,34.3384041028454,Low
12870,Electronics,Chennai,Medium,Textile Machinery,61062.65,17,Medium,Marketplace Search,1,0.34329297760885963,34.329297760885964,Low
3190,Construction,Mumbai,Medium,Packaging,37205.43,45,Medium,Paid Search,1,0.3432523783839456,34.325237838394564,Low
17995,Manufacturing,Indore,Small,Packaging,11519.86,13,Low,Direct Inquiry,1,0.34323838857201694,34.32383885720169,Low
12009,Wholesale,Ahmedabad,Medium,Packaging,27013.91,47,Medium,Organic Search,1,0.34323702382011456,34.323702382011454,Low
2347,Textiles,Indore,Medium,Industrial Equipment,8994.74,10,Low,Referral,1,0.34311514064247856,34.31151406424785,Low
9051,Automotive,Chennai,Small,Construction Materials,32134.47,24,High,Organic Search,0,0.3430839270596162,34.30839270596162,Low
11816,Pharmaceuticals,Delhi NCR,Small,Textile Machinery,15539.0,18,Low,Direct Inquiry,1,0.3429960106844691,34.29960106844691,Low
9822,Automotive,Pune,Micro,Packaging,8141.08,12,High,Direct Inquiry,1,0.3429753830168542,34.29753830168542,Low
1039,Manufacturing,Ahmedabad,Micro,Industrial Equipment,19587.21,13,Critical,Direct Inquiry,1,0.3428095900161237,34.28095900161237,Low
15219,Wholesale,Delhi NCR,Micro,Textile Machinery,10603.05,5,Medium,Marketplace Search,1,0.342791193779829,34.279119377982894,Low
2642,Automotive,Chennai,Large,Steel & Metal,5158.06,3,Medium,Direct Inquiry,1,0.34272581146264725,34.27258114626473,Low
8185,Electronics,Ahmedabad,Small,Industrial Equipment,31995.19,8,Low,Referral,1,0.3427060119571316,34.270601195713155,Low
311,Wholesale,Indore,Large,Office Supplies,5000.0,5,Medium,Paid Search,1,0.34267740261616675,34.26774026161667,Low
14156,Food & Beverage,Pune,Enterprise,Auto Parts,6274.03,4,Low,Referral,1,0.34261032516465756,34.261032516465754,Low
4581,Textiles,Mumbai,Large,Industrial Equipment,5000.0,2,Low,Direct Inquiry,1,0.34260380063527385,34.260380063527386,Low
12782,Automotive,Pune,Medium,Industrial Equipment,21356.42,10,Low,Organic Search,1,0.34252300999757546,34.252300999757544,Low
11325,Retail,Ahmedabad,Small,Packaging,5000.0,5,Critical,Organic Search,0,0.34244662526807196,34.2446625268072,Low
7441,Textiles,Hyderabad,Medium,Steel & Metal,5000.0,1,Medium,Direct Inquiry,1,0.3424206556726761,34.24206556726761,Low
7476,Wholesale,Pune,Enterprise,Auto Parts,7167.73,6,Low,Direct Inquiry,1,0.34239112685947615,34.23911268594762,Low
5250,Wholesale,Indore,Micro,Construction Materials,5000.0,8,Medium,Direct Inquiry,1,0.34238121552555856,34.23812155255585,Low
1873,Chemicals,Mumbai,Micro,Chemicals,19993.17,10,Medium,Email Campaign,1,0.3423765242896352,34.23765242896352,Low
2465,Food & Beverage,Pune,Medium,Construction Materials,16694.08,8,High,Marketplace Search,1,0.342203823089566,34.2203823089566,Low
6755,Manufacturing,Pune,Small,Packaging,9997.72,7,Low,Referral,1,0.34215213664420424,34.215213664420425,Low
18147,Textiles,Delhi NCR,Small,Construction Materials,9988.45,14,High,Marketplace Search,1,0.34197296601080085,34.19729660108008,Low
2993,Automotive,Ahmedabad,Large,Construction Materials,10139.88,6,Medium,Organic Search,1,0.34197255796868087,34.197255796868085,Low
15218,Manufacturing,Indore,Medium,Packaging,51784.15,39,Low,Organic Search,1,0.3417886459801822,34.17886459801822,Low
16430,Food & Beverage,Ahmedabad,Small,Office Supplies,5000.0,2,High,Organic Search,1,0.34178664452268004,34.178664452268,Low
15568,Retail,Jaipur,Micro,Chemicals,23864.56,7,Low,Referral,1,0.3417374862729043,34.17374862729043,Low
823,Pharmaceuticals,Mumbai,Medium,Industrial Equipment,58429.19,70,Medium,Direct Inquiry,1,0.3416672730889321,34.16672730889321,Low
19047,Retail,Pune,Large,Electrical Components,5000.0,2,Medium,Paid Search,1,0.3416583360353644,34.16583360353644,Low
2561,Pharmaceuticals,Hyderabad,Micro,Chemicals,31763.05,64,Medium,Direct Inquiry,1,0.34161629666796367,34.161629666796365,Low
12675,Construction,Hyderabad,Small,Textile Machinery,18717.98,8,Medium,Organic Search,1,0.34155806912915887,34.155806912915885,Low
9139,Manufacturing,Kolkata,Medium,Food Ingredients,19233.57,22,Medium,Marketplace Search,1,0.34148025425072953,34.14802542507295,Low
4328,Textiles,Delhi NCR,Large,Auto Parts,5272.69,9,Medium,Direct Inquiry,1,0.3413921093068128,34.13921093068128,Low
13212,Wholesale,Pune,Medium,Food Ingredients,5000.0,4,Medium,Marketplace Search,1,0.3413878431489256,34.13878431489256,Low
6609,Manufacturing,Mumbai,Enterprise,Food Ingredients,14602.31,8,Medium,Direct Inquiry,1,0.3413826957011414,34.13826957011414,Low
879,Automotive,Delhi NCR,Small,Chemicals,5000.0,2,Medium,Paid Search,1,0.341302193448273,34.1302193448273,Low
9494,Manufacturing,Kolkata,Large,Construction Materials,31608.28,21,Low,Email Campaign,1,0.3412904091909637,34.12904091909637,Low
17929,Food & Beverage,Kolkata,Small,Steel & Metal,22807.81,23,Medium,Referral,0,0.34128339879024533,34.12833987902453,Low
2104,Automotive,Pune,Large,Construction Materials,6922.89,8,Medium,Paid Search,1,0.34127066031627684,34.127066031627685,Low
9042,Retail,Jaipur,Medium,Steel & Metal,35424.72,28,Medium,Marketplace Search,1,0.3410741520377269,34.10741520377269,Low
2309,Electronics,Hyderabad,Medium,Textile Machinery,14138.8,12,Medium,Organic Search,1,0.34104442776790656,34.104442776790656,Low
5664,Construction,Delhi NCR,Small,Steel & Metal,17871.3,12,Medium,Referral,1,0.3409668765235008,34.09668765235008,Low
18023,Pharmaceuticals,Mumbai,Medium,Industrial Equipment,21241.83,14,Medium,Organic Search,1,0.34078016886176793,34.07801688617679,Low
8944,Food & Beverage,Jaipur,Micro,Construction Materials,72421.69,21,High,Organic Search,0,0.34058511505724665,34.05851150572467,Low
6466,Construction,Pune,Medium,Food Ingredients,5277.91,14,Medium,Marketplace Search,1,0.34051059385957877,34.05105938595788,Low
2875,Construction,Mumbai,Small,Construction Materials,20835.94,27,Medium,Paid Search,1,0.34046495389456694,34.046495389456695,Low
11999,Automotive,Mumbai,Small,Office Supplies,5360.09,6,High,Referral,1,0.3403649722585453,34.036497225854525,Low
4080,Retail,Indore,Micro,Industrial Equipment,6143.98,5,High,Paid Search,1,0.34032242098521903,34.032242098521905,Low
17751,Retail,Hyderabad,Medium,Packaging,20725.81,15,Medium,Email Campaign,1,0.34025282603077,34.025282603077,Low
14885,Pharmaceuticals,Mumbai,Large,Industrial Equipment,5000.0,2,Medium,Marketplace Search,1,0.34017955545983536,34.01795554598353,Low
4543,Wholesale,Bengaluru,Small,Office Supplies,6342.25,9,Critical,Marketplace Search,1,0.34008002990612196,34.0080029906122,Low
18807,Manufacturing,Jaipur,Medium,Electrical Components,63124.5,14,Low,Organic Search,0,0.34004581362769976,34.004581362769976,Low
1501,Chemicals,Hyderabad,Large,Office Supplies,5444.13,12,High,Organic Search,1,0.34004511394331394,34.004511394331395,Low
3737,Food & Beverage,Pune,Medium,Office Supplies,5000.0,4,High,Direct Inquiry,0,0.3398955826408335,33.98955826408335,Low
3702,Automotive,Kolkata,Medium,Packaging,14807.54,11,Medium,Referral,1,0.33985440308838033,33.98544030883804,Low
3251,Automotive,Chennai,Small,Steel & Metal,7537.24,10,High,Marketplace Search,1,0.33985188859052456,33.98518885905246,Low
8661,Construction,Delhi NCR,Medium,Auto Parts,5000.0,5,Critical,Organic Search,1,0.33978171288355113,33.978171288355114,Low
18223,Electronics,Chennai,Medium,Chemicals,15355.54,8,Medium,Marketplace Search,1,0.339751405938457,33.9751405938457,Low
7221,Construction,Jaipur,Small,Auto Parts,15589.08,10,Low,Marketplace Search,1,0.3396890340045798,33.968903400457975,Low
18140,Pharmaceuticals,Chennai,Medium,Food Ingredients,17564.64,49,Medium,Email Campaign,1,0.33968638444042093,33.96863844404209,Low
7689,Retail,Mumbai,Large,Office Supplies,5000.0,7,Medium,Paid Search,1,0.33965587156157934,33.96558715615793,Low
17157,Electronics,Chennai,Enterprise,Chemicals,13621.07,6,Low,Direct Inquiry,1,0.33959613430877983,33.95961343087798,Low
5811,Manufacturing,Hyderabad,Large,Office Supplies,12407.33,31,Medium,Marketplace Search,1,0.33955114911298817,33.955114911298814,Low
6873,Retail,Delhi NCR,Small,Food Ingredients,14254.08,11,Medium,Email Campaign,1,0.33932198609494135,33.93219860949414,Low
14021,Construction,Hyderabad,Small,Industrial Equipment,12660.6,4,High,Paid Search,1,0.3392668449322446,33.926684493224464,Low
12058,Retail,Pune,Small,Packaging,14930.61,13,Medium,Referral,0,0.33920298730446213,33.92029873044621,Low
10109,Retail,Delhi NCR,Medium,Industrial Equipment,27008.67,10,Medium,Marketplace Search,1,0.33915952650960524,33.91595265096052,Low
14775,Manufacturing,Chennai,Large,Construction Materials,15900.29,8,High,Direct Inquiry,1,0.3390359902095225,33.90359902095225,Low
2867,Automotive,Bengaluru,Micro,Electrical Components,17876.83,24,Medium,Marketplace Search,1,0.33892414996722975,33.89241499672298,Low
7079,Chemicals,Kolkata,Micro,Packaging,5000.0,5,Medium,Direct Inquiry,1,0.3387215148804241,33.87215148804241,Low
9719,Manufacturing,Bengaluru,Micro,Industrial Equipment,11792.57,10,Medium,Organic Search,1,0.3385510599638716,33.85510599638716,Low
9810,Retail,Kolkata,Micro,Food Ingredients,5000.0,10,Medium,Marketplace Search,1,0.3385458915990419,33.854589159904194,Low
5687,Construction,Ahmedabad,Medium,Textile Machinery,5000.0,2,Low,Direct Inquiry,1,0.33837950025540203,33.8379500255402,Low
12044,Manufacturing,Ahmedabad,Large,Food Ingredients,18776.03,8,Medium,Direct Inquiry,1,0.33833533740553134,33.833533740553136,Low
10045,Wholesale,Kolkata,Micro,Construction Materials,5000.0,3,High,Referral,1,0.33811905512228574,33.81190551222858,Low
9047,Wholesale,Jaipur,Medium,Office Supplies,10354.02,32,Medium,Direct Inquiry,1,0.33811843026181365,33.811843026181364,Low
4444,Manufacturing,Mumbai,Medium,Office Supplies,18175.9,18,Medium,Marketplace Search,1,0.33793908881073803,33.793908881073804,Low
5263,Electronics,Indore,Medium,Electrical Components,24601.27,15,High,Paid Search,1,0.3379100054307817,33.79100054307817,Low
6523,Construction,Ahmedabad,Medium,Food Ingredients,5030.14,9,High,Email Campaign,0,0.3377767502699708,33.77767502699708,Low
19213,Wholesale,Bengaluru,Micro,Steel & Metal,12014.48,6,Low,Organic Search,1,0.3377526821101592,33.77526821101592,Low
7204,Automotive,Pune,Small,Food Ingredients,5000.0,6,Medium,Referral,1,0.3376873898025013,33.76873898025013,Low
3018,Retail,Hyderabad,Medium,Steel & Metal,8193.42,10,High,Marketplace Search,1,0.3376266384820908,33.76266384820908,Low
15388,Automotive,Indore,Medium,Textile Machinery,5000.0,2,High,Direct Inquiry,1,0.337605825762383,33.7605825762383,Low
14266,Textiles,Chennai,Small,Food Ingredients,14922.13,13,Medium,Marketplace Search,1,0.33738046559598983,33.738046559598985,Low
8675,Food & Beverage,Hyderabad,Small,Packaging,22937.05,27,High,Email Campaign,0,0.3372287129343334,33.722871293433336,Low
10752,Pharmaceuticals,Pune,Medium,Office Supplies,5000.0,3,Medium,Email Campaign,1,0.3371932427009925,33.71932427009925,Low
19224,Retail,Jaipur,Large,Electrical Components,9422.21,12,Medium,Paid Search,1,0.337145364591428,33.7145364591428,Low
14858,Construction,Chennai,Micro,Construction Materials,7835.11,8,Medium,Paid Search,1,0.33713152551627834,33.713152551627836,Low
9520,Electronics,Mumbai,Medium,Packaging,5000.0,7,Medium,Direct Inquiry,1,0.33709544998580465,33.70954499858046,Low
856,Food & Beverage,Delhi NCR,Medium,Office Supplies,5000.0,2,Medium,Marketplace Search,1,0.33689211913759315,33.689211913759316,Low
17253,Construction,Chennai,Large,Industrial Equipment,11722.05,7,Medium,Email Campaign,1,0.33677673660055535,33.67767366005553,Low
6699,Automotive,Bengaluru,Medium,Office Supplies,20757.89,33,Medium,Direct Inquiry,1,0.33674225784369366,33.67422578436937,Low
13528,Automotive,Hyderabad,Medium,Food Ingredients,14977.31,17,Low,Referral,1,0.33671140535087457,33.67114053508746,Low
18800,Construction,Mumbai,Enterprise,Chemicals,9568.55,8,Low,Marketplace Search,1,0.33667092586992337,33.66709258699234,Low
2077,Construction,Mumbai,Micro,Textile Machinery,27338.12,7,High,Organic Search,1,0.336661146100141,33.6661146100141,Low
2491,Wholesale,Kolkata,Micro,Office Supplies,5000.0,6,High,Direct Inquiry,0,0.33662402582592377,33.66240258259238,Low
3516,Automotive,Pune,Medium,Office Supplies,5000.0,8,Medium,Direct Inquiry,1,0.3366081939313905,33.66081939313905,Low
1998,Textiles,Chennai,Small,Office Supplies,8099.4,14,High,Marketplace Search,1,0.33652523244847987,33.652523244847984,Low
13670,Electronics,Kolkata,Medium,Electrical Components,9245.14,11,Low,Direct Inquiry,1,0.3364942519037934,33.64942519037934,Low
9821,Electronics,Hyderabad,Medium,Textile Machinery,7432.64,6,Low,Direct Inquiry,1,0.33648784570668167,33.64878457066817,Low
17358,Pharmaceuticals,Jaipur,Medium,Industrial Equipment,17391.74,11,Medium,Marketplace Search,1,0.3364661887264572,33.646618872645725,Low
11793,Construction,Pune,Medium,Packaging,69229.37,34,Critical,Marketplace Search,1,0.3364187984598029,33.64187984598029,Low
6442,Textiles,Jaipur,Medium,Construction Materials,6660.67,11,Medium,Direct Inquiry,1,0.3363079500161379,33.63079500161379,Low
13552,Manufacturing,Kolkata,Medium,Office Supplies,18500.52,30,Medium,Referral,1,0.3363008556552268,33.630085565522684,Low
17422,Retail,Delhi NCR,Small,Industrial Equipment,19322.03,7,Critical,Marketplace Search,0,0.3362914753954008,33.62914753954008,Low
1570,Wholesale,Mumbai,Medium,Packaging,5030.14,4,Medium,Direct Inquiry,1,0.33620559462400024,33.620559462400024,Low
10825,Pharmaceuticals,Indore,Large,Industrial Equipment,136492.88,28,Medium,Direct Inquiry,1,0.33619576858414346,33.61957685841435,Low
12277,Pharmaceuticals,Hyderabad,Small,Auto Parts,5000.0,11,Medium,Paid Search,1,0.33614642627732727,33.61464262773273,Low
4795,Construction,Indore,Medium,Food Ingredients,5000.0,6,Medium,Referral,1,0.33601875291862604,33.601875291862605,Low
15209,Food & Beverage,Kolkata,Large,Industrial Equipment,41898.65,13,Medium,Paid Search,1,0.33594896178144923,33.59489617814492,Low
17601,Construction,Pune,Small,Steel & Metal,6506.66,4,Low,Marketplace Search,1,0.3358655628197499,33.586556281974985,Low
2751,Food & Beverage,Ahmedabad,Large,Packaging,8738.35,23,Low,Direct Inquiry,1,0.3358579010125172,33.585790101251725,Low
14985,Textiles,Chennai,Medium,Packaging,7029.75,7,Medium,Referral,1,0.3357024850164065,33.57024850164065,Low
17263,Automotive,Ahmedabad,Medium,Construction Materials,5000.0,3,Medium,Direct Inquiry,1,0.3356448227972769,33.56448227972769,Low
7714,Construction,Hyderabad,Small,Packaging,7384.31,13,Medium,Referral,1,0.3356296716579996,33.56296716579996,Low
8876,Electronics,Mumbai,Medium,Electrical Components,5089.95,7,Low,Organic Search,1,0.33561626266186967,33.56162626618697,Low
5616,Wholesale,Mumbai,Large,Construction Materials,6409.33,2,Low,Marketplace Search,1,0.3355535351342275,33.555353513422745,Low
18577,Manufacturing,Bengaluru,Medium,Office Supplies,5000.0,10,High,Organic Search,0,0.33548704633040555,33.54870463304056,Low
1052,Construction,Pune,Large,Chemicals,26477.95,17,Medium,Referral,1,0.33548345983601024,33.548345983601024,Low
11724,Manufacturing,Pune,Small,Steel & Metal,53689.91,23,Low,Email Campaign,1,0.33530712778671046,33.530712778671045,Low
13342,Manufacturing,Indore,Enterprise,Chemicals,5000.0,4,Low,Marketplace Search,1,0.335280551886607,33.5280551886607,Low
16214,Food & Beverage,Bengaluru,Medium,Steel & Metal,22258.8,11,Critical,Paid Search,1,0.33527624006037937,33.52762400603794,Low
10970,Automotive,Bengaluru,Medium,Food Ingredients,9869.59,15,Low,Paid Search,1,0.33522156512760565,33.52215651276057,Low
17129,Manufacturing,Chennai,Medium,Textile Machinery,13010.31,6,High,Organic Search,0,0.3350241507916374,33.50241507916374,Low
7103,Manufacturing,Indore,Medium,Electrical Components,7959.36,4,High,Organic Search,1,0.3347400748785003,33.47400748785003,Low
869,Construction,Pune,Medium,Food Ingredients,6630.64,19,Medium,Referral,1,0.33464239056590034,33.46423905659003,Low
8110,Retail,Bengaluru,Small,Chemicals,12651.9,7,High,Organic Search,0,0.3344180760189386,33.441807601893856,Low
14177,Textiles,Delhi NCR,Large,Electrical Components,10565.51,15,Critical,Marketplace Search,1,0.3342708852468742,33.42708852468742,Low
6411,Food & Beverage,Hyderabad,Large,Steel & Metal,34943.65,13,Low,Direct Inquiry,1,0.3342613285269382,33.42613285269382,Low
16565,Pharmaceuticals,Bengaluru,Small,Chemicals,52430.42,20,Medium,Referral,0,0.33423250780503183,33.42325078050318,Low
3770,Electronics,Jaipur,Medium,Office Supplies,20590.88,60,Critical,Direct Inquiry,0,0.33408402509294927,33.40840250929492,Low
1093,Construction,Ahmedabad,Large,Food Ingredients,5000.0,1,Medium,Marketplace Search,1,0.3339227217786386,33.39227217786386,Low
5405,Food & Beverage,Mumbai,Micro,Construction Materials,5000.0,2,Medium,Direct Inquiry,1,0.3339169071715422,33.39169071715422,Low
3778,Food & Beverage,Indore,Large,Packaging,9498.41,20,High,Referral,0,0.3338429157031481,33.38429157031481,Low
7892,Manufacturing,Bengaluru,Micro,Chemicals,5289.12,4,Critical,Referral,0,0.3337076278559781,33.370762785597805,Low
8886,Manufacturing,Mumbai,Medium,Industrial Equipment,63615.05,25,Medium,Marketplace Search,1,0.33369737872175137,33.369737872175136,Low
1943,Construction,Chennai,Micro,Steel & Metal,7905.85,9,High,Organic Search,1,0.3336662420224552,33.36662420224552,Low
4882,Automotive,Jaipur,Medium,Construction Materials,5000.0,1,Low,Paid Search,1,0.3336368548899848,33.36368548899848,Low
7069,Food & Beverage,Indore,Medium,Construction Materials,19030.74,12,Low,Referral,1,0.3336124087335705,33.36124087335705,Low
3028,Automotive,Ahmedabad,Large,Auto Parts,21542.99,11,Medium,Paid Search,1,0.33356956017143446,33.356956017143446,Low
1014,Retail,Mumbai,Medium,Steel & Metal,11067.71,14,High,Email Campaign,1,0.3335509374017439,33.35509374017439,Low
5546,Chemicals,Chennai,Large,Food Ingredients,18089.46,24,Medium,Marketplace Search,1,0.3335016499002029,33.35016499002029,Low
11211,Food & Beverage,Chennai,Small,Office Supplies,5000.0,6,High,Organic Search,0,0.33340827854975735,33.340827854975736,Low
8174,Manufacturing,Delhi NCR,Medium,Chemicals,5000.0,1,Medium,Organic Search,1,0.33337287567877244,33.33728756787725,Low
8994,Wholesale,Chennai,Large,Textile Machinery,19060.76,4,Medium,Marketplace Search,1,0.3333245040374138,33.33245040374138,Low
19350,Construction,Hyderabad,Large,Electrical Components,5000.0,6,High,Marketplace Search,1,0.33322114790058405,33.32211479005841,Low
16260,Manufacturing,Pune,Small,Office Supplies,11786.68,20,High,Marketplace Search,1,0.33315583351524897,33.3155833515249,Low
15627,Pharmaceuticals,Chennai,Small,Electrical Components,5000.0,2,Low,Organic Search,1,0.3331504897703582,33.31504897703582,Low
12928,Manufacturing,Indore,Micro,Industrial Equipment,11017.88,6,Critical,Direct Inquiry,1,0.33313872342217854,33.313872342217856,Low
1991,Pharmaceuticals,Ahmedabad,Small,Food Ingredients,20110.96,25,Medium,Direct Inquiry,1,0.33310727223579595,33.3107272235796,Low
17940,Automotive,Jaipur,Micro,Industrial Equipment,5000.0,4,Medium,Direct Inquiry,1,0.33290204388521283,33.29020438852128,Low
11358,Construction,Jaipur,Large,Textile Machinery,19429.16,7,Low,Marketplace Search,1,0.3328779605994773,33.28779605994773,Low
2508,Automotive,Bengaluru,Small,Steel & Metal,63573.56,13,Medium,Direct Inquiry,1,0.332772833536969,33.2772833536969,Low
13061,Chemicals,Kolkata,Large,Textile Machinery,19152.22,8,Critical,Paid Search,1,0.33277020932916174,33.27702093291617,Low
9538,Food & Beverage,Hyderabad,Micro,Textile Machinery,35969.83,17,Low,Direct Inquiry,1,0.33265400552401375,33.265400552401374,Low
12046,Automotive,Mumbai,Small,Electrical Components,12206.22,9,High,Organic Search,0,0.33263457464319174,33.263457464319174,Low
15625,Automotive,Hyderabad,Small,Office Supplies,6577.6,7,Low,Organic Search,1,0.3325798162488093,33.25798162488093,Low
17666,Retail,Jaipur,Micro,Electrical Components,5000.0,3,High,Direct Inquiry,1,0.33251612021062643,33.25161202106264,Low
19017,Retail,Ahmedabad,Medium,Construction Materials,12841.96,11,Low,Marketplace Search,1,0.3324705610656022,33.247056106560215,Low
397,Retail,Hyderabad,Micro,Chemicals,18680.35,15,Low,Direct Inquiry,1,0.33245435048595673,33.245435048595674,Low
973,Electronics,Jaipur,Medium,Packaging,7850.06,9,Medium,Paid Search,1,0.33238292372588635,33.23829237258863,Low
6506,Chemicals,Jaipur,Micro,Auto Parts,5231.19,6,Low,Email Campaign,1,0.33235798080623163,33.23579808062316,Low
10734,Construction,Chennai,Medium,Construction Materials,29524.72,15,Medium,Paid Search,1,0.33224155421914947,33.22415542191494,Low
19866,Electronics,Delhi NCR,Medium,Auto Parts,82701.1,111,Medium,Direct Inquiry,0,0.33218501392289185,33.218501392289184,Low
16895,Food & Beverage,Bengaluru,Large,Office Supplies,5701.5,9,Medium,Marketplace Search,1,0.3321795183719175,33.21795183719175,Low
4665,Wholesale,Hyderabad,Medium,Steel & Metal,15971.47,6,Low,Organic Search,1,0.33214240845748944,33.21424084574895,Low
923,Automotive,Hyderabad,Medium,Packaging,5869.32,6,Low,Referral,1,0.33214179066831173,33.21417906683117,Low
8432,Electronics,Ahmedabad,Medium,Construction Materials,26912.56,38,High,Marketplace Search,1,0.33213306019559596,33.213306019559596,Low
786,Textiles,Hyderabad,Small,Electrical Components,5374.56,6,Medium,Direct Inquiry,1,0.33206584796254585,33.20658479625458,Low
9801,Automotive,Bengaluru,Large,Construction Materials,34647.53,22,Medium,Marketplace Search,1,0.33194739815928653,33.194739815928656,Low
2291,Food & Beverage,Delhi NCR,Micro,Steel & Metal,68194.37,7,High,Referral,0,0.3319057820701003,33.19057820701003,Low
1560,Chemicals,Mumbai,Medium,Electrical Components,13570.96,13,Medium,Direct Inquiry,1,0.33186028782081695,33.18602878208169,Low
14914,Manufacturing,Bengaluru,Small,Office Supplies,7576.42,8,High,Direct Inquiry,1,0.331788440269076,33.1788440269076,Low
4546,Chemicals,Bengaluru,Large,Construction Materials,22141.97,10,High,Paid Search,0,0.3317872543410438,33.17872543410438,Low
16993,Pharmaceuticals,Ahmedabad,Micro,Auto Parts,8657.14,22,Low,Referral,1,0.33168803320356094,33.16880332035609,Low
4933,Construction,Indore,Medium,Food Ingredients,5000.0,7,High,Referral,1,0.3316160481704027,33.16160481704027,Low
2926,Pharmaceuticals,Hyderabad,Small,Construction Materials,44472.56,11,Critical,Marketplace Search,0,0.3315976133489797,33.15976133489797,Low
12613,Food & Beverage,Hyderabad,Small,Food Ingredients,26879.32,34,Low,Email Campaign,1,0.3315538457007915,33.15538457007915,Low
9631,Chemicals,Delhi NCR,Medium,Food Ingredients,40582.04,55,Medium,Paid Search,1,0.3314778382245979,33.14778382245979,Low
1337,Automotive,Pune,Micro,Textile Machinery,28080.55,23,Medium,Direct Inquiry,1,0.3313930674481002,33.13930674481002,Low
3309,Manufacturing,Mumbai,Enterprise,Steel & Metal,78892.27,28,High,Marketplace Search,0,0.33125576484794605,33.12557648479461,Low
6245,Manufacturing,Delhi NCR,Medium,Auto Parts,5000.0,1,High,Email Campaign,1,0.3312289102149989,33.12289102149989,Low
5412,Retail,Hyderabad,Medium,Textile Machinery,18665.21,3,High,Organic Search,1,0.3312277602656229,33.12277602656229,Low
4067,Pharmaceuticals,Chennai,Medium,Chemicals,8116.35,12,Medium,Marketplace Search,1,0.3312229763236692,33.12229763236692,Low
11104,Electronics,Jaipur,Medium,Electrical Components,21536.27,9,Low,Marketplace Search,1,0.33106638282401085,33.106638282401086,Low
6679,Wholesale,Indore,Small,Construction Materials,5000.0,4,Low,Paid Search,1,0.3310017071492323,33.10017071492323,Low
15747,Pharmaceuticals,Chennai,Large,Textile Machinery,9393.15,6,High,Paid Search,1,0.33091232588096,33.091232588096,Low
11804,Pharmaceuticals,Ahmedabad,Medium,Industrial Equipment,20939.97,8,Medium,Referral,1,0.33085897395179104,33.0858973951791,Low
19307,Construction,Bengaluru,Small,Industrial Equipment,42154.06,18,Medium,Marketplace Search,1,0.3308326673301543,33.083266733015435,Low
2484,Textiles,Delhi NCR,Medium,Packaging,36077.06,11,Medium,Paid Search,1,0.3307596298662723,33.075962986627225,Low
2719,Automotive,Delhi NCR,Enterprise,Food Ingredients,5000.0,4,Medium,Paid Search,1,0.33062879497435016,33.06287949743501,Low
7770,Manufacturing,Jaipur,Enterprise,Textile Machinery,32408.4,10,Low,Email Campaign,1,0.3303649449217888,33.03649449217888,Low
9448,Construction,Chennai,Medium,Textile Machinery,39158.35,17,Low,Marketplace Search,1,0.330291198255766,33.0291198255766,Low
16344,Pharmaceuticals,Indore,Large,Food Ingredients,93753.35,70,Medium,Marketplace Search,1,0.330216540409088,33.0216540409088,Low
9271,Food & Beverage,Delhi NCR,Micro,Office Supplies,9928.96,19,Low,Paid Search,1,0.3301934753399032,33.01934753399032,Low
5062,Retail,Mumbai,Micro,Office Supplies,5000.0,5,Medium,Referral,1,0.33007184765601066,33.00718476560107,Low
11268,Manufacturing,Mumbai,Small,Electrical Components,5000.0,3,Medium,Referral,1,0.3300142718834793,33.00142718834793,Low
2401,Textiles,Mumbai,Medium,Chemicals,8802.42,11,Medium,Organic Search,1,0.3299288209566193,32.992882095661926,Low
8160,Retail,Hyderabad,Large,Packaging,6355.48,12,Medium,Direct Inquiry,1,0.32989048073314237,32.98904807331424,Low
9421,Manufacturing,Indore,Small,Textile Machinery,40001.04,11,Low,Organic Search,1,0.32983415121222487,32.983415121222485,Low
13477,Pharmaceuticals,Jaipur,Small,Industrial Equipment,26779.03,23,Medium,Direct Inquiry,1,0.3298076871089162,32.980768710891624,Low
2004,Manufacturing,Indore,Medium,Office Supplies,5000.0,6,Medium,Organic Search,1,0.32970929779138286,32.97092977913829,Low
4342,Automotive,Jaipur,Small,Packaging,5000.0,3,Medium,Marketplace Search,1,0.32964008459647315,32.96400845964732,Low
11842,Pharmaceuticals,Jaipur,Medium,Office Supplies,5348.4,11,Medium,Paid Search,1,0.329547925433121,32.9547925433121,Low
2611,Textiles,Bengaluru,Medium,Auto Parts,5000.0,3,High,Paid Search,1,0.3294622351932959,32.94622351932959,Low
11377,Retail,Chennai,Micro,Chemicals,5000.0,5,Medium,Referral,1,0.3294570202216859,32.94570202216859,Low
11754,Pharmaceuticals,Ahmedabad,Medium,Construction Materials,6086.78,10,Low,Organic Search,1,0.3293982464001552,32.939824640015516,Low
12335,Wholesale,Hyderabad,Micro,Food Ingredients,7052.65,10,Medium,Marketplace Search,1,0.3293715735507545,32.937157355075456,Low
15998,Food & Beverage,Pune,Micro,Chemicals,10125.64,5,Medium,Marketplace Search,1,0.32924663248733116,32.92466324873312,Low
10186,Automotive,Delhi NCR,Large,Packaging,8208.44,4,Medium,Direct Inquiry,1,0.32904866065297705,32.9048660652977,Low
19915,Textiles,Kolkata,Medium,Steel & Metal,9640.1,3,Low,Paid Search,1,0.32904479775741075,32.90447977574107,Low
6455,Food & Beverage,Bengaluru,Medium,Industrial Equipment,5000.0,3,High,Marketplace Search,1,0.32899460319693746,32.899460319693745,Low
7851,Textiles,Hyderabad,Medium,Packaging,5000.0,3,High,Paid Search,1,0.32882141693717165,32.882141693717166,Low
17200,Electronics,Bengaluru,Medium,Packaging,5000.0,2,Low,Referral,1,0.3288173244898605,32.88173244898605,Low
3181,Construction,Chennai,Small,Electrical Components,10120.18,14,Low,Direct Inquiry,1,0.3286964154686984,32.869641546869836,Low
5107,Retail,Kolkata,Medium,Construction Materials,13111.63,9,Medium,Marketplace Search,1,0.32860840352927106,32.860840352927106,Low
13252,Wholesale,Indore,Large,Office Supplies,5000.0,4,Low,Referral,1,0.328600979748811,32.8600979748811,Low
11110,Retail,Pune,Medium,Office Supplies,5000.0,8,Low,Marketplace Search,1,0.32857627899633923,32.857627899633925,Low
7887,Construction,Bengaluru,Micro,Construction Materials,5000.0,2,Medium,Paid Search,1,0.3284478959655826,32.84478959655826,Low
4577,Manufacturing,Delhi NCR,Small,Chemicals,22303.08,12,Critical,Organic Search,0,0.32835307852008455,32.835307852008455,Low
14925,Pharmaceuticals,Mumbai,Enterprise,Industrial Equipment,24078.62,13,High,Marketplace Search,1,0.3283518340938168,32.83518340938168,Low
9946,Textiles,Jaipur,Medium,Electrical Components,33288.29,46,Medium,Direct Inquiry,1,0.3281682310624734,32.81682310624734,Low
1,Wholesale,Kolkata,Small,Auto Parts,23620.3,21,Low,Marketplace Search,1,0.3281644378323374,32.81644378323374,Low
1112,Automotive,Pune,Large,Construction Materials,5000.0,4,Low,Organic Search,1,0.3280690631925775,32.80690631925775,Low
14321,Pharmaceuticals,Delhi NCR,Medium,Construction Materials,18690.78,10,Medium,Paid Search,1,0.3279807484490486,32.79807484490486,Low
19023,Wholesale,Chennai,Medium,Construction Materials,21165.85,13,Low,Marketplace Search,1,0.32793443789553867,32.79344378955387,Low
19816,Retail,Pune,Micro,Steel & Metal,21659.77,4,High,Referral,0,0.3279332170865002,32.79332170865002,Low
4359,Food & Beverage,Hyderabad,Small,Packaging,5000.0,1,Medium,Marketplace Search,1,0.32792769393970056,32.792769393970055,Low
4473,Manufacturing,Ahmedabad,Medium,Office Supplies,5000.0,5,Low,Organic Search,1,0.3278813004241098,32.78813004241098,Low
9757,Automotive,Jaipur,Medium,Food Ingredients,8432.72,18,Low,Marketplace Search,1,0.3278665106542752,32.78665106542752,Low
5447,Retail,Chennai,Large,Construction Materials,58950.6,33,Low,Paid Search,1,0.32776270122835943,32.776270122835946,Low
16258,Textiles,Ahmedabad,Large,Electrical Components,26310.05,15,Medium,Direct Inquiry,1,0.3277222134591113,32.77222134591113,Low
7632,Electronics,Mumbai,Medium,Electrical Components,22590.98,10,Medium,Marketplace Search,1,0.32767464195666274,32.76746419566627,Low
10059,Chemicals,Mumbai,Micro,Food Ingredients,12783.63,16,Medium,Email Campaign,1,0.3276265942812248,32.76265942812248,Low
19751,Food & Beverage,Ahmedabad,Medium,Packaging,18834.7,9,Medium,Referral,0,0.32762163966879004,32.762163966879,Low
920,Manufacturing,Delhi NCR,Small,Steel & Metal,8834.29,4,Medium,Marketplace Search,1,0.3275326810854064,32.75326810854064,Low
15141,Chemicals,Indore,Medium,Packaging,7197.5,6,Low,Referral,1,0.32724053403251285,32.72405340325128,Low
1111,Wholesale,Ahmedabad,Micro,Electrical Components,23812.98,23,Medium,Direct Inquiry,1,0.3272099299711667,32.720992997116674,Low
55,Food & Beverage,Mumbai,Small,Food Ingredients,17119.79,64,Low,Organic Search,0,0.32715452932003736,32.715452932003735,Low
14906,Pharmaceuticals,Hyderabad,Large,Food Ingredients,47149.16,19,Medium,Marketplace Search,1,0.3271473719296383,32.714737192963824,Low
4228,Automotive,Delhi NCR,Medium,Packaging,5000.0,5,High,Organic Search,1,0.32688642615093716,32.68864261509371,Low
5117,Food & Beverage,Pune,Micro,Auto Parts,5000.0,3,Medium,Marketplace Search,1,0.32687683433854026,32.687683433854026,Low
6406,Chemicals,Hyderabad,Medium,Industrial Equipment,39409.31,15,Medium,Direct Inquiry,1,0.3268657040959625,32.68657040959625,Low
10563,Construction,Jaipur,Medium,Packaging,8914.81,5,Medium,Marketplace Search,1,0.32670300662892743,32.67030066289274,Low
10608,Chemicals,Delhi NCR,Large,Industrial Equipment,7755.5,4,Critical,Marketplace Search,1,0.3265875860609108,32.658758606091084,Low
2505,Manufacturing,Indore,Large,Auto Parts,5000.0,2,Medium,Email Campaign,1,0.32636190678197613,32.636190678197615,Low
18141,Wholesale,Jaipur,Small,Food Ingredients,5000.0,2,Low,Direct Inquiry,1,0.32624297345859843,32.624297345859844,Low
7504,Automotive,Chennai,Medium,Auto Parts,5000.0,2,High,Marketplace Search,1,0.3262353245087495,32.62353245087495,Low
6633,Automotive,Pune,Micro,Packaging,21854.96,19,Critical,Organic Search,0,0.32620856377144264,32.620856377144264,Low
5306,Chemicals,Ahmedabad,Micro,Auto Parts,6831.36,4,High,Referral,1,0.32616925331645635,32.61692533164563,Low
7611,Food & Beverage,Pune,Micro,Industrial Equipment,51896.94,46,High,Marketplace Search,0,0.3259790600020888,32.59790600020888,Low
11495,Retail,Jaipur,Large,Packaging,37386.21,17,Low,Paid Search,1,0.325939249648882,32.5939249648882,Low
6923,Wholesale,Jaipur,Large,Electrical Components,18727.11,13,Critical,Direct Inquiry,0,0.32585522318293364,32.585522318293364,Low
14128,Electronics,Ahmedabad,Large,Packaging,6147.61,9,Medium,Paid Search,1,0.3258215334453203,32.58215334453203,Low
15462,Food & Beverage,Indore,Small,Construction Materials,62204.93,39,Medium,Marketplace Search,1,0.32571428693746324,32.57142869374633,Low
16081,Food & Beverage,Mumbai,Medium,Textile Machinery,5000.0,4,Critical,Organic Search,1,0.3256278588383312,32.562785883833115,Low
11453,Manufacturing,Bengaluru,Medium,Office Supplies,20630.96,12,High,Email Campaign,1,0.3256177161452531,32.561771614525306,Low
5666,Construction,Indore,Medium,Industrial Equipment,7768.2,6,Medium,Marketplace Search,1,0.32556859430575885,32.556859430575884,Low
7957,Construction,Mumbai,Large,Textile Machinery,44512.93,14,Low,Direct Inquiry,1,0.3253337436491066,32.533374364910664,Low
5534,Textiles,Bengaluru,Medium,Electrical Components,19073.97,12,Medium,Marketplace Search,1,0.3253140981502823,32.531409815028226,Low
11593,Pharmaceuticals,Pune,Small,Packaging,5000.0,7,Low,Direct Inquiry,1,0.32531302059338935,32.531302059338934,Low
4856,Wholesale,Bengaluru,Micro,Packaging,33396.94,22,Medium,Referral,0,0.3251720058187633,32.51720058187633,Low
18185,Manufacturing,Mumbai,Small,Food Ingredients,29516.94,25,Medium,Email Campaign,1,0.32504849205777603,32.5048492057776,Low
14676,Automotive,Indore,Medium,Auto Parts,6063.42,6,Medium,Organic Search,1,0.325018937479458,32.5018937479458,Low
15009,Wholesale,Hyderabad,Small,Steel & Metal,13970.33,22,Medium,Organic Search,1,0.3249734187363363,32.49734187363363,Low
4632,Retail,Indore,Large,Textile Machinery,36022.15,21,Low,Referral,1,0.32490672009575344,32.49067200957534,Low
18098,Food & Beverage,Mumbai,Medium,Steel & Metal,5000.0,4,Medium,Marketplace Search,1,0.32488821015164815,32.48882101516482,Low
12334,Manufacturing,Kolkata,Micro,Food Ingredients,18912.29,23,High,Paid Search,1,0.324880037409536,32.4880037409536,Low
10238,Retail,Jaipur,Medium,Food Ingredients,5000.0,3,High,Direct Inquiry,0,0.32475421934267495,32.475421934267494,Low
13788,Manufacturing,Kolkata,Micro,Auto Parts,7732.11,10,Low,Organic Search,1,0.32462334725214365,32.46233472521436,Low
14285,Manufacturing,Kolkata,Small,Textile Machinery,5000.0,1,Medium,Organic Search,0,0.32461682884965987,32.46168288496599,Low
5595,Pharmaceuticals,Kolkata,Micro,Food Ingredients,5000.0,9,High,Direct Inquiry,0,0.32459663453762355,32.45966345376235,Low
18042,Automotive,Mumbai,Small,Construction Materials,25656.04,12,Low,Direct Inquiry,1,0.32459659899445886,32.45965989944589,Low
14407,Pharmaceuticals,Pune,Medium,Textile Machinery,5000.0,3,Low,Marketplace Search,1,0.3245264169795903,32.45264169795903,Low
11783,Pharmaceuticals,Pune,Large,Construction Materials,6714.8,6,Medium,Marketplace Search,1,0.32447085261409203,32.4470852614092,Low
11574,Textiles,Kolkata,Medium,Auto Parts,7710.98,4,Low,Marketplace Search,1,0.32435269160424457,32.435269160424454,Low
17138,Automotive,Pune,Medium,Packaging,6355.14,4,Medium,Marketplace Search,1,0.3243443153570893,32.43443153570893,Low
2667,Manufacturing,Jaipur,Medium,Office Supplies,5000.0,12,Medium,Paid Search,1,0.32433302277848775,32.433302277848775,Low
7875,Manufacturing,Pune,Small,Packaging,5000.0,4,High,Organic Search,1,0.3243039643847738,32.43039643847738,Low
4929,Retail,Mumbai,Medium,Food Ingredients,22799.47,16,Low,Marketplace Search,1,0.3243008164406675,32.430081644066746,Low
9845,Automotive,Hyderabad,Micro,Food Ingredients,11637.25,13,Critical,Direct Inquiry,1,0.3243001604665176,32.43001604665176,Low
11289,Construction,Chennai,Micro,Industrial Equipment,75688.86,29,Low,Organic Search,1,0.32429821947263293,32.42982194726329,Low
14873,Automotive,Bengaluru,Medium,Electrical Components,12709.01,20,Medium,Paid Search,1,0.3242353195132957,32.42353195132957,Low
13100,Manufacturing,Jaipur,Medium,Food Ingredients,5631.8,16,Critical,Direct Inquiry,0,0.32413578473187493,32.41357847318749,Low
12666,Manufacturing,Kolkata,Medium,Industrial Equipment,9184.0,4,Low,Marketplace Search,1,0.32401427127995097,32.4014271279951,Low
17514,Automotive,Delhi NCR,Small,Construction Materials,5000.0,2,Medium,Direct Inquiry,1,0.3237338104730139,32.37338104730139,Low
6530,Construction,Indore,Medium,Food Ingredients,5000.0,11,Medium,Direct Inquiry,1,0.32366240173667243,32.366240173667244,Low
3799,Construction,Indore,Large,Textile Machinery,6447.78,4,Low,Organic Search,1,0.32364663837596114,32.36466383759611,Low
9817,Manufacturing,Bengaluru,Micro,Office Supplies,5000.0,13,Medium,Email Campaign,1,0.3236257290727589,32.36257290727589,Low
4804,Textiles,Ahmedabad,Large,Office Supplies,5000.0,7,Low,Direct Inquiry,1,0.32333952727472454,32.33395272747245,Low
15952,Automotive,Ahmedabad,Micro,Textile Machinery,58973.78,10,Low,Organic Search,1,0.32332072103461673,32.33207210346167,Low
10448,Manufacturing,Chennai,Small,Industrial Equipment,18819.73,11,Medium,Direct Inquiry,1,0.32317045952173906,32.317045952173906,Low
14726,Automotive,Mumbai,Medium,Office Supplies,5000.0,16,Medium,Direct Inquiry,1,0.323088925386419,32.3088925386419,Low
15217,Food & Beverage,Mumbai,Small,Packaging,25062.27,30,Low,Referral,1,0.3230679354709515,32.30679354709515,Low
16883,Retail,Chennai,Small,Industrial Equipment,5000.0,1,Medium,Organic Search,1,0.32292216995456746,32.29221699545675,Low
19803,Pharmaceuticals,Kolkata,Micro,Chemicals,59843.45,33,High,Marketplace Search,0,0.3229187528425266,32.291875284252654,Low
3368,Manufacturing,Hyderabad,Small,Food Ingredients,13825.88,14,Low,Marketplace Search,1,0.32287554721726636,32.287554721726636,Low
15185,Wholesale,Bengaluru,Micro,Construction Materials,6524.27,6,Low,Email Campaign,1,0.32279393522862304,32.27939352286231,Low
5772,Construction,Kolkata,Micro,Office Supplies,5000.0,13,Low,Marketplace Search,1,0.3227936667287091,32.279366672870914,Low
7651,Construction,Hyderabad,Medium,Auto Parts,39458.97,81,Low,Paid Search,1,0.32275060115479104,32.27506011547911,Low
7078,Manufacturing,Hyderabad,Large,Construction Materials,34060.64,18,High,Marketplace Search,1,0.3227244931622701,32.27244931622701,Low
9327,Manufacturing,Delhi NCR,Medium,Steel & Metal,16471.83,9,Medium,Marketplace Search,1,0.3226481795425617,32.264817954256166,Low
13449,Manufacturing,Pune,Small,Packaging,10162.3,11,Critical,Marketplace Search,1,0.32247068041855925,32.247068041855925,Low
5578,Textiles,Ahmedabad,Micro,Auto Parts,50457.8,24,Medium,Paid Search,1,0.3224550952989708,32.245509529897085,Low
4545,Construction,Bengaluru,Large,Auto Parts,12525.66,7,Medium,Direct Inquiry,1,0.32242051019225093,32.242051019225094,Low
16311,Food & Beverage,Indore,Large,Construction Materials,5000.0,3,Low,Direct Inquiry,1,0.3223807005781476,32.23807005781476,Low
15468,Manufacturing,Kolkata,Micro,Electrical Components,8108.7,14,Medium,Direct Inquiry,1,0.3223685859696282,32.23685859696282,Low
16423,Wholesale,Delhi NCR,Small,Office Supplies,5155.99,4,Medium,Email Campaign,1,0.32235904664757203,32.2359046647572,Low
6284,Textiles,Pune,Small,Office Supplies,5000.0,3,Low,Referral,1,0.3223467166093907,32.23467166093907,Low
5786,Electronics,Ahmedabad,Medium,Chemicals,5000.0,1,Low,Referral,1,0.3223286095355638,32.23286095355638,Low
4453,Pharmaceuticals,Mumbai,Small,Packaging,5166.64,5,Medium,Marketplace Search,1,0.3223200743391396,32.232007433913964,Low
12205,Pharmaceuticals,Bengaluru,Large,Auto Parts,5000.0,2,Medium,Referral,1,0.3222851373017457,32.22851373017457,Low
18585,Retail,Indore,Small,Steel & Metal,44494.73,20,High,Email Campaign,0,0.32216884071320345,32.216884071320344,Low
14646,Retail,Jaipur,Small,Auto Parts,9843.46,16,Medium,Paid Search,1,0.32205456773616964,32.205456773616966,Low
87,Wholesale,Mumbai,Medium,Packaging,7392.6,4,Low,Email Campaign,1,0.3219910058446128,32.199100584461284,Low
4763,Wholesale,Bengaluru,Medium,Auto Parts,12657.49,7,Medium,Direct Inquiry,1,0.3219412502728864,32.19412502728864,Low
16616,Pharmaceuticals,Indore,Small,Auto Parts,13563.72,24,High,Direct Inquiry,0,0.321855370679985,32.185537067998496,Low
16264,Chemicals,Hyderabad,Small,Industrial Equipment,38413.7,12,High,Direct Inquiry,0,0.3218395141576383,32.18395141576383,Low
1362,Automotive,Delhi NCR,Micro,Auto Parts,9785.27,9,Medium,Direct Inquiry,1,0.3218241415468965,32.182414154689646,Low
19326,Electronics,Delhi NCR,Micro,Steel & Metal,12247.27,15,High,Referral,0,0.321768658169508,32.1768658169508,Low
1760,Retail,Kolkata,Medium,Electrical Components,44653.64,32,High,Marketplace Search,0,0.32172184413823934,32.172184413823935,Low
2106,Food & Beverage,Pune,Small,Chemicals,27400.84,9,High,Referral,0,0.32172011248988336,32.17201124898833,Low
1669,Electronics,Delhi NCR,Large,Textile Machinery,40241.69,13,Medium,Marketplace Search,1,0.32169724854713433,32.16972485471344,Low
11026,Manufacturing,Jaipur,Large,Office Supplies,5000.0,3,Medium,Organic Search,1,0.32166618228514604,32.1666182285146,Low
16946,Electronics,Jaipur,Medium,Office Supplies,5000.0,16,Low,Direct Inquiry,1,0.3216068936310898,32.16068936310898,Low
15458,Retail,Mumbai,Small,Steel & Metal,37842.09,20,High,Organic Search,0,0.3215966699514485,32.159666995144846,Low
6891,Retail,Pune,Micro,Office Supplies,5000.0,4,Medium,Direct Inquiry,1,0.3215919723545036,32.15919723545036,Low
13077,Food & Beverage,Hyderabad,Medium,Office Supplies,5000.0,2,Medium,Marketplace Search,1,0.3215633821486922,32.156338214869216,Low
17990,Manufacturing,Chennai,Medium,Chemicals,5207.97,2,Medium,Direct Inquiry,1,0.32154670579272715,32.15467057927272,Low
12877,Construction,Jaipur,Micro,Steel & Metal,29692.31,27,High,Referral,0,0.32147599938282706,32.1475999382827,Low
10921,Pharmaceuticals,Bengaluru,Medium,Electrical Components,34177.34,23,Low,Organic Search,1,0.3214152300308037,32.141523003080366,Low
9860,Manufacturing,Jaipur,Small,Textile Machinery,121722.27,36,High,Marketplace Search,0,0.321393171149278,32.1393171149278,Low
8892,Food & Beverage,Bengaluru,Large,Construction Materials,5000.0,2,Low,Marketplace Search,1,0.3213464075343099,32.134640753430986,Low
11153,Food & Beverage,Kolkata,Medium,Textile Machinery,17943.82,5,Low,Referral,0,0.3213320937534934,32.133209375349345,Low
3591,Retail,Mumbai,Medium,Electrical Components,7305.88,7,Medium,Marketplace Search,1,0.3212263195171711,32.12263195171711,Low
10032,Food & Beverage,Pune,Medium,Office Supplies,5000.0,4,Low,Direct Inquiry,1,0.3211100715255175,32.11100715255175,Low
13109,Manufacturing,Mumbai,Medium,Steel & Metal,5000.0,4,Medium,Organic Search,1,0.32109455244485013,32.10945524448501,Low
2018,Automotive,Jaipur,Enterprise,Packaging,6218.76,4,Low,Marketplace Search,1,0.32092332271572516,32.092332271572516,Low
194,Manufacturing,Indore,Small,Steel & Metal,5000.0,1,Medium,Marketplace Search,1,0.3207704327116779,32.07704327116779,Low
15268,Manufacturing,Indore,Medium,Packaging,6060.14,10,Medium,Referral,1,0.3207042038312124,32.07042038312124,Low
10630,Construction,Indore,Enterprise,Construction Materials,28928.57,7,Low,Direct Inquiry,1,0.3206843868151119,32.06843868151119,Low
12685,Wholesale,Pune,Micro,Steel & Metal,27108.7,10,Medium,Organic Search,0,0.3206462817865469,32.064628178654694,Low
894,Food & Beverage,Mumbai,Large,Office Supplies,5000.0,15,High,Direct Inquiry,0,0.3205119969686943,32.05119969686943,Low
8330,Construction,Indore,Small,Office Supplies,8731.27,14,Medium,Referral,1,0.3199771845980878,31.997718459808784,Low
13381,Wholesale,Pune,Small,Textile Machinery,5000.0,3,Low,Direct Inquiry,1,0.31995516031654114,31.995516031654113,Low
9727,Construction,Kolkata,Medium,Textile Machinery,5000.0,6,Low,Referral,1,0.3199168144535518,31.99168144535518,Low
18513,Construction,Mumbai,Large,Chemicals,15867.65,7,Medium,Organic Search,1,0.31987531236688166,31.987531236688167,Low
17711,Wholesale,Pune,Medium,Textile Machinery,7618.2,6,Critical,Email Campaign,0,0.3197955905434115,31.97955905434115,Low
18713,Automotive,Indore,Small,Auto Parts,5000.0,5,Medium,Referral,1,0.3196414902168762,31.96414902168762,Low
6664,Construction,Chennai,Medium,Auto Parts,5162.65,3,Medium,Direct Inquiry,1,0.319629029740072,31.9629029740072,Low
9720,Food & Beverage,Hyderabad,Medium,Chemicals,5000.0,1,Low,Marketplace Search,1,0.31953883627607443,31.953883627607443,Low
6763,Pharmaceuticals,Indore,Medium,Auto Parts,5000.0,8,Medium,Email Campaign,1,0.3195051331087387,31.95051331087387,Low
14901,Wholesale,Kolkata,Small,Construction Materials,5000.0,7,High,Marketplace Search,0,0.3193439609495165,31.93439609495165,Low
18033,Electronics,Ahmedabad,Micro,Industrial Equipment,20789.0,11,High,Direct Inquiry,0,0.31923486800208184,31.923486800208185,Low
14170,Textiles,Hyderabad,Medium,Electrical Components,8329.99,9,High,Referral,0,0.31917885830224574,31.917885830224574,Low
10721,Construction,Kolkata,Medium,Packaging,5000.0,2,Low,Paid Search,1,0.31916737015960717,31.916737015960717,Low
4605,Retail,Mumbai,Small,Industrial Equipment,20145.32,7,Medium,Organic Search,1,0.3191001684934684,31.91001684934684,Low
14608,Food & Beverage,Hyderabad,Micro,Auto Parts,53673.67,42,Medium,Marketplace Search,0,0.31903231116872083,31.90323111687208,Low
1200,Automotive,Mumbai,Large,Steel & Metal,8462.09,10,Medium,Direct Inquiry,1,0.31895607740877485,31.895607740877484,Low
10808,Construction,Mumbai,Large,Chemicals,57892.91,12,Low,Direct Inquiry,1,0.31887966889420716,31.887966889420717,Low
7600,Chemicals,Bengaluru,Medium,Packaging,30545.67,20,Medium,Direct Inquiry,1,0.31883680740627934,31.883680740627934,Low
15159,Manufacturing,Kolkata,Small,Food Ingredients,5000.0,4,Medium,Organic Search,0,0.3186221098841502,31.86221098841502,Low
3265,Construction,Kolkata,Medium,Office Supplies,5537.03,9,Medium,Marketplace Search,1,0.3185658460248089,31.856584602480893,Low
13498,Manufacturing,Mumbai,Medium,Textile Machinery,16389.05,12,Low,Referral,1,0.3185071219158014,31.85071219158014,Low
15950,Automotive,Kolkata,Small,Construction Materials,5000.0,1,Low,Referral,1,0.3184251740851155,31.84251740851155,Low
4973,Electronics,Mumbai,Medium,Packaging,5000.0,13,Medium,Email Campaign,1,0.318373223498662,31.8373223498662,Low
1455,Manufacturing,Pune,Large,Industrial Equipment,12442.11,10,High,Direct Inquiry,1,0.3182421121929317,31.82421121929317,Low
11971,Construction,Jaipur,Enterprise,Office Supplies,5000.0,2,Low,Marketplace Search,1,0.31820752379911416,31.820752379911415,Low
7945,Construction,Ahmedabad,Medium,Industrial Equipment,28036.12,10,Medium,Marketplace Search,1,0.3181888959332997,31.81888959332997,Low
14041,Textiles,Chennai,Small,Construction Materials,17303.88,13,Medium,Paid Search,1,0.3181850362368777,31.81850362368777,Low
15552,Automotive,Hyderabad,Small,Auto Parts,27230.49,39,Low,Email Campaign,1,0.31809442024186696,31.809442024186694,Low
7984,Food & Beverage,Chennai,Micro,Food Ingredients,9642.88,16,Medium,Organic Search,1,0.3179614797919832,31.79614797919832,Low
14736,Food & Beverage,Chennai,Small,Packaging,5000.0,4,Medium,Paid Search,1,0.31794771804773087,31.794771804773088,Low
19526,Construction,Mumbai,Small,Construction Materials,45998.57,34,High,Direct Inquiry,0,0.3178152350174575,31.781523501745752,Low
14804,Automotive,Chennai,Enterprise,Textile Machinery,14112.53,6,High,Marketplace Search,1,0.3177893099150437,31.778930991504375,Low
4178,Pharmaceuticals,Bengaluru,Large,Electrical Components,12414.91,17,Low,Marketplace Search,1,0.3177888138346456,31.778881383464558,Low
7721,Electronics,Delhi NCR,Large,Textile Machinery,9830.5,5,Critical,Direct Inquiry,1,0.3177791723502076,31.77791723502076,Low
8389,Automotive,Chennai,Small,Packaging,14226.55,26,Low,Paid Search,1,0.31773959367745463,31.773959367745462,Low
19979,Retail,Kolkata,Micro,Construction Materials,5213.58,3,Medium,Paid Search,1,0.3176755778438045,31.76755778438045,Low
889,Pharmaceuticals,Bengaluru,Medium,Packaging,29831.65,42,Critical,Referral,0,0.31762394489530327,31.762394489530326,Low
15098,Textiles,Delhi NCR,Medium,Electrical Components,19390.73,29,Medium,Marketplace Search,1,0.31762192424016705,31.762192424016707,Low
19658,Retail,Kolkata,Large,Auto Parts,5000.0,1,Medium,Paid Search,1,0.31761668633168394,31.761668633168394,Low
2533,Manufacturing,Kolkata,Small,Food Ingredients,5000.0,3,Low,Direct Inquiry,1,0.3175459301016777,31.75459301016777,Low
7621,Food & Beverage,Mumbai,Large,Office Supplies,8297.75,16,Low,Referral,1,0.31754022649279345,31.754022649279346,Low
3227,Construction,Mumbai,Large,Textile Machinery,10071.68,4,Low,Organic Search,1,0.317530010709944,31.7530010709944,Low
7912,Wholesale,Jaipur,Micro,Construction Materials,34693.18,36,High,Organic Search,0,0.3173944051657367,31.73944051657367,Low
9592,Electronics,Pune,Small,Construction Materials,7369.66,10,Medium,Direct Inquiry,1,0.31727666453932274,31.727666453932272,Low
2375,Manufacturing,Indore,Micro,Construction Materials,6910.74,7,Low,Organic Search,1,0.3172238126160761,31.72238126160761,Low
5064,Electronics,Bengaluru,Large,Packaging,28594.94,26,Medium,Email Campaign,1,0.3171383979850914,31.71383979850914,Low
15248,Automotive,Chennai,Micro,Food Ingredients,6393.63,6,High,Direct Inquiry,1,0.3170249154605825,31.702491546058248,Low
7371,Textiles,Bengaluru,Medium,Chemicals,10542.89,7,Medium,Organic Search,1,0.3169235931323893,31.69235931323893,Low
10396,Manufacturing,Indore,Medium,Industrial Equipment,5000.0,2,Medium,Email Campaign,1,0.3168811753480452,31.688117534804523,Low
8549,Pharmaceuticals,Hyderabad,Small,Packaging,10818.54,11,Medium,Referral,1,0.3168785047180875,31.687850471808748,Low
19254,Construction,Mumbai,Small,Chemicals,5000.0,8,Medium,Organic Search,1,0.3168255919209118,31.68255919209118,Low
19862,Electronics,Delhi NCR,Small,Auto Parts,5000.0,2,Low,Organic Search,1,0.31671201742579297,31.671201742579296,Low
3091,Electronics,Delhi NCR,Micro,Packaging,5000.0,15,High,Referral,0,0.3167073127426097,31.670731274260973,Low
10268,Textiles,Ahmedabad,Large,Chemicals,10520.68,7,Medium,Marketplace Search,1,0.31670052383332586,31.670052383332585,Low
7950,Pharmaceuticals,Ahmedabad,Large,Chemicals,14571.85,14,Low,Marketplace Search,1,0.3166182448501204,31.66182448501204,Low
17499,Construction,Bengaluru,Large,Steel & Metal,10848.79,4,Medium,Email Campaign,1,0.31658582308313993,31.658582308313992,Low
19773,Pharmaceuticals,Delhi NCR,Micro,Construction Materials,8231.83,4,High,Referral,1,0.3165265222479984,31.652652224799837,Low
9772,Food & Beverage,Pune,Large,Chemicals,5000.0,2,Medium,Email Campaign,1,0.31647105234479245,31.647105234479245,Low
13468,Manufacturing,Jaipur,Medium,Electrical Components,37098.54,32,Low,Direct Inquiry,1,0.31640734126884784,31.640734126884784,Low
351,Construction,Jaipur,Medium,Textile Machinery,12921.82,2,High,Organic Search,1,0.3164038681359982,31.640386813599818,Low
8992,Manufacturing,Delhi NCR,Medium,Auto Parts,14889.37,7,Medium,Marketplace Search,1,0.31636260420996803,31.636260420996802,Low
913,Chemicals,Jaipur,Micro,Electrical Components,9976.6,4,Medium,Email Campaign,1,0.31630889328872136,31.630889328872136,Low
9432,Automotive,Kolkata,Micro,Auto Parts,15814.45,11,High,Direct Inquiry,0,0.31623502332870995,31.623502332870995,Low
11141,Retail,Kolkata,Medium,Electrical Components,10316.02,8,High,Direct Inquiry,0,0.3161426847764372,31.61426847764372,Low
16046,Wholesale,Chennai,Micro,Textile Machinery,21321.66,11,Medium,Organic Search,1,0.31606548806980667,31.606548806980665,Low
19709,Textiles,Bengaluru,Small,Office Supplies,5000.0,6,Medium,Direct Inquiry,1,0.31600986747425336,31.600986747425335,Low
10011,Wholesale,Hyderabad,Medium,Chemicals,21347.09,13,Low,Paid Search,1,0.3159105159329926,31.59105159329926,Low
10620,Wholesale,Delhi NCR,Medium,Textile Machinery,9893.72,4,Medium,Marketplace Search,1,0.31585390389536616,31.585390389536617,Low
4254,Textiles,Bengaluru,Micro,Electrical Components,39823.48,73,High,Marketplace Search,0,0.31584189946035324,31.584189946035323,Low
7994,Manufacturing,Ahmedabad,Medium,Office Supplies,5000.0,4,Medium,Direct Inquiry,1,0.3158162327564871,31.581623275648713,Low
4626,Textiles,Ahmedabad,Large,Auto Parts,9306.19,3,Medium,Direct Inquiry,1,0.315743780043116,31.574378004311598,Low
4971,Manufacturing,Bengaluru,Large,Textile Machinery,7279.34,5,High,Direct Inquiry,1,0.31554671124802436,31.554671124802436,Low
18773,Automotive,Chennai,Small,Packaging,45831.45,32,Medium,Organic Search,0,0.3154938429470017,31.54938429470017,Low
16939,Manufacturing,Delhi NCR,Small,Construction Materials,5000.0,1,Low,Direct Inquiry,1,0.31544841905857596,31.544841905857595,Low
707,Food & Beverage,Delhi NCR,Medium,Industrial Equipment,5000.0,3,Low,Organic Search,1,0.31541992900598276,31.541992900598277,Low
2494,Electronics,Indore,Medium,Auto Parts,5000.0,3,Medium,Marketplace Search,1,0.31525606565280057,31.525606565280057,Low
4378,Electronics,Jaipur,Micro,Auto Parts,18679.3,27,Medium,Direct Inquiry,1,0.315187814930151,31.5187814930151,Low
18666,Retail,Mumbai,Large,Steel & Metal,5000.0,5,Medium,Direct Inquiry,1,0.31514219297319107,31.51421929731911,Low
5506,Construction,Indore,Small,Steel & Metal,64966.13,14,Medium,Paid Search,1,0.3150878005970747,31.50878005970747,Low
11540,Textiles,Indore,Micro,Construction Materials,5000.0,4,Critical,Marketplace Search,1,0.3150808032010172,31.508080320101723,Low
8061,Construction,Hyderabad,Medium,Auto Parts,5000.0,3,High,Marketplace Search,1,0.3150666318505166,31.506663185051657,Low
14336,Wholesale,Delhi NCR,Small,Packaging,5536.78,12,Medium,Direct Inquiry,1,0.3150379180161899,31.50379180161899,Low
8391,Wholesale,Ahmedabad,Small,Steel & Metal,6447.06,5,Low,Organic Search,1,0.3150194958269852,31.50194958269852,Low
7457,Textiles,Bengaluru,Small,Packaging,18215.32,28,Low,Referral,1,0.3149042058885367,31.490420588853667,Low
13998,Construction,Mumbai,Large,Industrial Equipment,5000.0,4,Medium,Direct Inquiry,1,0.3148966529744964,31.489665297449644,Low
5106,Construction,Ahmedabad,Medium,Construction Materials,26307.65,10,Medium,Direct Inquiry,1,0.3148778814159194,31.48778814159194,Low
7023,Wholesale,Kolkata,Small,Construction Materials,7170.79,12,Medium,Direct Inquiry,1,0.31481907492042527,31.481907492042527,Low
10472,Food & Beverage,Ahmedabad,Medium,Electrical Components,45680.54,23,Low,Organic Search,0,0.3147949293193887,31.479492931938868,Low
19177,Manufacturing,Hyderabad,Small,Office Supplies,8172.59,12,Medium,Direct Inquiry,0,0.314570922614108,31.4570922614108,Low
3292,Automotive,Ahmedabad,Medium,Industrial Equipment,18578.75,16,Medium,Direct Inquiry,1,0.3142585680005316,31.425856800053158,Low
3424,Manufacturing,Pune,Small,Auto Parts,15431.05,10,High,Direct Inquiry,0,0.31410410731831345,31.410410731831345,Low
10129,Retail,Kolkata,Small,Steel & Metal,112900.7,31,Medium,Referral,0,0.3140577075674287,31.405770756742868,Low
19517,Manufacturing,Indore,Medium,Textile Machinery,6270.38,4,Medium,Marketplace Search,1,0.31405326397969674,31.405326397969674,Low
17223,Construction,Ahmedabad,Small,Auto Parts,20182.14,21,High,Marketplace Search,0,0.31405318209510336,31.405318209510334,Low
11352,Manufacturing,Mumbai,Large,Construction Materials,12459.01,10,Medium,Marketplace Search,1,0.3140463177839039,31.40463177839039,Low
1395,Manufacturing,Chennai,Small,Food Ingredients,10482.57,8,Medium,Marketplace Search,1,0.314037877839081,31.4037877839081,Low
4282,Automotive,Indore,Micro,Food Ingredients,10452.83,28,High,Direct Inquiry,0,0.3139127218825895,31.391272188258952,Low
13160,Manufacturing,Ahmedabad,Large,Chemicals,5471.79,2,Low,Marketplace Search,1,0.3135993620010898,31.35993620010898,Low
16901,Manufacturing,Pune,Small,Construction Materials,13940.63,9,High,Direct Inquiry,1,0.313568989007918,31.3568989007918,Low
10113,Electronics,Bengaluru,Large,Electrical Components,5000.0,2,Low,Direct Inquiry,1,0.31352871881674266,31.352871881674265,Low
11449,Automotive,Kolkata,Small,Electrical Components,7111.93,12,Critical,Organic Search,0,0.31350526109984955,31.350526109984955,Low
11994,Manufacturing,Mumbai,Medium,Textile Machinery,5000.0,3,Medium,Organic Search,1,0.3134160637058265,31.341606370582646,Low
16952,Chemicals,Jaipur,Medium,Steel & Metal,14505.58,11,Medium,Direct Inquiry,1,0.3133979210003328,31.339792100033282,Low
15970,Retail,Ahmedabad,Small,Auto Parts,5000.0,2,Medium,Marketplace Search,1,0.313397049726079,31.3397049726079,Low
19672,Electronics,Ahmedabad,Small,Steel & Metal,7538.87,16,Critical,Referral,0,0.31307910963613095,31.307910963613097,Low
9869,Electronics,Jaipur,Medium,Textile Machinery,5000.0,1,High,Paid Search,1,0.3130772311223015,31.30772311223015,Low
13026,Retail,Indore,Medium,Packaging,7897.4,12,Medium,Marketplace Search,1,0.3129896136779778,31.29896136779778,Low
7810,Manufacturing,Kolkata,Small,Packaging,15122.0,19,Critical,Marketplace Search,0,0.31294661859368095,31.294661859368095,Low
2577,Textiles,Bengaluru,Micro,Industrial Equipment,267988.29,21,High,Direct Inquiry,0,0.3128101358440675,31.281013584406754,Low
8495,Automotive,Indore,Small,Steel & Metal,14039.58,9,Medium,Email Campaign,1,0.3127718155691521,31.277181556915213,Low
11689,Pharmaceuticals,Indore,Micro,Electrical Components,5000.0,3,Medium,Marketplace Search,1,0.3126049790245905,31.26049790245905,Low
483,Retail,Mumbai,Medium,Food Ingredients,24563.09,21,Low,Paid Search,1,0.312585997213755,31.258599721375504,Low
3394,Food & Beverage,Mumbai,Micro,Electrical Components,31714.89,22,High,Referral,0,0.31255146027613934,31.255146027613932,Low
1681,Textiles,Chennai,Small,Auto Parts,6034.47,5,High,Organic Search,0,0.31250994316861574,31.250994316861576,Low
16636,Chemicals,Ahmedabad,Large,Industrial Equipment,5000.0,3,Medium,Email Campaign,1,0.31246772185639016,31.246772185639017,Low
5297,Construction,Bengaluru,Small,Food Ingredients,5000.0,2,Medium,Email Campaign,1,0.31235703306339707,31.23570330633971,Low
8179,Retail,Mumbai,Micro,Chemicals,5000.0,2,Low,Paid Search,1,0.31235449178414515,31.235449178414516,Low
1401,Manufacturing,Jaipur,Micro,Construction Materials,13220.94,7,High,Direct Inquiry,1,0.3123127541164652,31.23127541164652,Low
15758,Food & Beverage,Bengaluru,Small,Chemicals,15859.47,11,Medium,Organic Search,0,0.31229495411739083,31.229495411739084,Low
8189,Textiles,Pune,Large,Construction Materials,13068.21,8,Low,Marketplace Search,1,0.31225309860468253,31.225309860468254,Low
12889,Wholesale,Pune,Small,Construction Materials,12312.52,9,Low,Organic Search,1,0.3121769051555261,31.21769051555261,Low
5890,Chemicals,Hyderabad,Large,Packaging,8116.1,6,High,Direct Inquiry,0,0.31214447438688153,31.214447438688154,Low
18586,Manufacturing,Chennai,Micro,Steel & Metal,89834.26,40,Critical,Direct Inquiry,0,0.312064507493861,31.2064507493861,Low
11303,Textiles,Kolkata,Large,Food Ingredients,12366.13,5,Medium,Direct Inquiry,1,0.3120416605877073,31.20416605877073,Low
7580,Construction,Pune,Micro,Office Supplies,5000.0,4,Medium,Direct Inquiry,1,0.3117471595046644,31.174715950466442,Low
19501,Manufacturing,Jaipur,Medium,Auto Parts,45088.43,15,High,Marketplace Search,0,0.31171247454303913,31.171247454303913,Low
1905,Wholesale,Jaipur,Small,Steel & Metal,53270.09,11,Medium,Direct Inquiry,1,0.3115979236541643,31.15979236541643,Low
4385,Electronics,Delhi NCR,Large,Electrical Components,5000.0,2,Low,Paid Search,1,0.3114128680950619,31.14128680950619,Low
466,Pharmaceuticals,Mumbai,Medium,Office Supplies,62778.96,28,Medium,Marketplace Search,1,0.3113333891658477,31.13333891658477,Low
2430,Textiles,Chennai,Medium,Chemicals,77098.85,12,Medium,Marketplace Search,1,0.31122268862375757,31.12226886237576,Low
2408,Retail,Chennai,Small,Office Supplies,15514.07,14,Medium,Direct Inquiry,1,0.311169263977136,31.116926397713602,Low
10895,Chemicals,Pune,Micro,Office Supplies,5000.0,4,Medium,Direct Inquiry,1,0.3111460837943447,31.114608379434472,Low
7604,Electronics,Pune,Medium,Auto Parts,26072.85,11,High,Direct Inquiry,0,0.31111686104552716,31.111686104552717,Low
3334,Retail,Chennai,Large,Industrial Equipment,12527.32,5,Low,Marketplace Search,1,0.31107634816551544,31.107634816551545,Low
8684,Construction,Hyderabad,Medium,Auto Parts,8140.53,5,Low,Organic Search,1,0.3110107014672441,31.101070146724407,Low
10843,Textiles,Kolkata,Medium,Construction Materials,11315.15,3,Low,Direct Inquiry,1,0.31099696601544236,31.099696601544235,Low
9216,Chemicals,Ahmedabad,Large,Electrical Components,5000.0,3,Low,Email Campaign,1,0.31098903016370255,31.098903016370254,Low
7416,Construction,Hyderabad,Small,Food Ingredients,5000.0,5,Medium,Paid Search,1,0.31097970789607277,31.097970789607277,Low
6792,Food & Beverage,Ahmedabad,Large,Auto Parts,33324.35,24,Medium,Marketplace Search,1,0.3109449527748041,31.094495277480412,Low
18645,Retail,Bengaluru,Medium,Steel & Metal,22611.0,13,Medium,Direct Inquiry,1,0.31079926144804776,31.079926144804777,Low
11890,Wholesale,Ahmedabad,Small,Office Supplies,12281.46,14,Medium,Organic Search,0,0.31079388279262404,31.079388279262403,Low
6080,Construction,Ahmedabad,Large,Textile Machinery,10204.25,5,Medium,Direct Inquiry,1,0.31067532469876746,31.067532469876745,Low
19271,Manufacturing,Chennai,Small,Food Ingredients,7149.21,12,Medium,Direct Inquiry,1,0.31060517731689685,31.060517731689686,Low
2793,Chemicals,Delhi NCR,Small,Textile Machinery,12185.1,10,High,Direct Inquiry,0,0.31048736611711397,31.048736611711398,Low
10579,Manufacturing,Indore,Medium,Office Supplies,11419.21,13,Medium,Organic Search,0,0.31041488465937694,31.041488465937693,Low
11010,Automotive,Indore,Enterprise,Industrial Equipment,12635.39,4,Low,Referral,1,0.31037816132562057,31.037816132562057,Low
16854,Textiles,Delhi NCR,Medium,Office Supplies,5000.0,4,Medium,Paid Search,1,0.31018090516450464,31.018090516450464,Low
4402,Manufacturing,Ahmedabad,Small,Auto Parts,18882.36,18,High,Paid Search,1,0.31015880274296226,31.015880274296226,Low
8403,Textiles,Hyderabad,Small,Office Supplies,5533.5,6,Low,Email Campaign,1,0.30994448001121205,30.994448001121206,Low
7340,Automotive,Ahmedabad,Medium,Electrical Components,5000.0,7,Medium,Direct Inquiry,1,0.309886100807676,30.988610080767597,Low
18519,Retail,Delhi NCR,Large,Industrial Equipment,8857.26,8,Medium,Marketplace Search,1,0.3098003541645748,30.98003541645748,Low
9430,Wholesale,Bengaluru,Medium,Chemicals,21338.9,7,High,Marketplace Search,0,0.30979041682870206,30.979041682870207,Low
7442,Food & Beverage,Mumbai,Small,Food Ingredients,14468.75,19,Low,Marketplace Search,1,0.3097828712436088,30.978287124360882,Low
2198,Construction,Indore,Small,Textile Machinery,82729.12,31,Critical,Organic Search,0,0.30970923615898804,30.970923615898805,Low
6110,Manufacturing,Bengaluru,Small,Construction Materials,17497.81,8,Critical,Direct Inquiry,0,0.30956563746203203,30.9565637462032,Low
15383,Textiles,Indore,Small,Chemicals,5000.0,3,Medium,Marketplace Search,1,0.3092780739941487,30.92780739941487,Low
6810,Construction,Hyderabad,Medium,Industrial Equipment,42219.34,21,Medium,Direct Inquiry,1,0.30914919621464015,30.914919621464016,Low
8979,Pharmaceuticals,Delhi NCR,Medium,Auto Parts,14923.08,8,Medium,Email Campaign,1,0.30909982850970935,30.909982850970934,Low
18744,Wholesale,Jaipur,Small,Electrical Components,9102.95,8,Medium,Marketplace Search,1,0.30889414681486776,30.889414681486777,Low
9495,Construction,Hyderabad,Micro,Electrical Components,5000.0,1,Low,Direct Inquiry,1,0.3088382275510862,30.88382275510862,Low
10303,Automotive,Mumbai,Micro,Auto Parts,30764.51,49,Low,Direct Inquiry,1,0.30882546268214206,30.882546268214206,Low
2649,Textiles,Chennai,Small,Industrial Equipment,5000.0,4,Medium,Referral,1,0.3087953225723139,30.87953225723139,Low
17079,Construction,Bengaluru,Large,Chemicals,25896.86,9,Low,Direct Inquiry,1,0.30878070062853824,30.878070062853823,Low
13759,Wholesale,Delhi NCR,Small,Food Ingredients,29393.61,13,High,Email Campaign,1,0.30872540228581596,30.872540228581595,Low
4923,Electronics,Ahmedabad,Small,Textile Machinery,39694.53,24,Medium,Direct Inquiry,1,0.3086972854455863,30.869728544558626,Low
1844,Construction,Jaipur,Small,Food Ingredients,5000.0,2,Medium,Direct Inquiry,1,0.3086957831240972,30.86957831240972,Low
12270,Electronics,Delhi NCR,Large,Chemicals,21029.13,6,Low,Marketplace Search,1,0.3086346575651055,30.86346575651055,Low
1504,Textiles,Hyderabad,Small,Steel & Metal,5000.0,2,Medium,Marketplace Search,1,0.30838710298145755,30.838710298145756,Low
8825,Electronics,Kolkata,Micro,Packaging,5000.0,4,Medium,Marketplace Search,1,0.3083353316928379,30.83353316928379,Low
17868,Pharmaceuticals,Mumbai,Small,Electrical Components,5000.0,1,High,Email Campaign,1,0.30826267541235963,30.826267541235964,Low
18685,Construction,Pune,Small,Electrical Components,13448.99,5,Medium,Paid Search,1,0.3082284809344898,30.82284809344898,Low
1406,Chemicals,Jaipur,Medium,Electrical Components,5000.0,4,Medium,Marketplace Search,1,0.3082094042638312,30.82094042638312,Low
6556,Textiles,Mumbai,Micro,Food Ingredients,5000.0,3,Low,Organic Search,1,0.30812782517404536,30.812782517404536,Low
14215,Retail,Mumbai,Large,Packaging,5000.0,4,Medium,Marketplace Search,1,0.30809184950627155,30.809184950627156,Low
9785,Pharmaceuticals,Ahmedabad,Medium,Food Ingredients,7576.15,5,Low,Direct Inquiry,1,0.3080619782353349,30.806197823533488,Low
13659,Manufacturing,Ahmedabad,Micro,Electrical Components,11998.76,8,High,Referral,0,0.30802767698396327,30.802767698396327,Low
17050,Wholesale,Delhi NCR,Micro,Office Supplies,5000.0,6,Critical,Direct Inquiry,0,0.30797014374279624,30.797014374279623,Low
17119,Food & Beverage,Indore,Medium,Food Ingredients,5694.71,5,Low,Organic Search,1,0.30782759496824275,30.782759496824276,Low
19363,Construction,Bengaluru,Medium,Industrial Equipment,5000.0,2,Medium,Referral,1,0.30778521369239953,30.778521369239954,Low
7750,Textiles,Pune,Large,Auto Parts,17144.67,19,Medium,Paid Search,1,0.30767499864311687,30.767499864311688,Low
18353,Wholesale,Mumbai,Micro,Chemicals,5000.0,4,Medium,Paid Search,1,0.30764088345669827,30.764088345669826,Low
13266,Pharmaceuticals,Indore,Large,Auto Parts,5426.51,7,Low,Organic Search,1,0.3075558100378563,30.755581003785633,Low
16281,Textiles,Mumbai,Small,Auto Parts,26862.01,18,Medium,Email Campaign,0,0.3074303687030774,30.743036870307737,Low
19158,Manufacturing,Indore,Micro,Auto Parts,28342.14,40,Critical,Email Campaign,0,0.3073127405406151,30.731274054061508,Low
17194,Manufacturing,Indore,Micro,Textile Machinery,6420.38,6,Medium,Direct Inquiry,1,0.3072332797953144,30.72332797953144,Low
1490,Manufacturing,Pune,Medium,Food Ingredients,5000.0,2,Low,Marketplace Search,1,0.3072195346996313,30.721953469963132,Low
2186,Textiles,Kolkata,Medium,Office Supplies,7434.34,8,Critical,Marketplace Search,0,0.3071935849867596,30.71935849867596,Low
1696,Construction,Delhi NCR,Small,Office Supplies,5000.0,8,Low,Referral,1,0.3071181740129776,30.711817401297758,Low
3041,Electronics,Indore,Medium,Office Supplies,5000.0,6,Low,Marketplace Search,1,0.307095168433579,30.709516843357896,Low
17308,Electronics,Hyderabad,Small,Electrical Components,52845.74,25,Medium,Organic Search,0,0.30690262536333757,30.690262536333755,Low
9163,Automotive,Mumbai,Enterprise,Chemicals,5000.0,3,Medium,Marketplace Search,1,0.30679886042857407,30.679886042857408,Low
597,Pharmaceuticals,Jaipur,Small,Industrial Equipment,5000.0,4,Medium,Organic Search,1,0.30655645170818746,30.655645170818747,Low
10626,Construction,Indore,Medium,Steel & Metal,7566.89,5,Critical,Direct Inquiry,0,0.30650775041638817,30.650775041638816,Low
2165,Construction,Bengaluru,Medium,Industrial Equipment,5000.0,5,Medium,Direct Inquiry,1,0.3064548628877552,30.64548628877552,Low
6328,Wholesale,Bengaluru,Medium,Office Supplies,11673.27,12,Medium,Marketplace Search,1,0.30633909196814435,30.633909196814436,Low
15389,Manufacturing,Ahmedabad,Medium,Packaging,5510.67,12,Medium,Direct Inquiry,1,0.3063294855040236,30.63294855040236,Low
19227,Retail,Chennai,Micro,Textile Machinery,32508.82,36,Medium,Marketplace Search,1,0.30632739493480665,30.632739493480663,Low
7135,Pharmaceuticals,Chennai,Micro,Auto Parts,42000.31,50,Low,Email Campaign,1,0.30632723193807865,30.632723193807866,Low
6546,Manufacturing,Delhi NCR,Medium,Textile Machinery,7151.97,4,High,Direct Inquiry,1,0.30625087101501897,30.625087101501897,Low
11826,Wholesale,Jaipur,Medium,Office Supplies,5000.0,4,Medium,Organic Search,1,0.3061481468521795,30.61481468521795,Low
861,Food & Beverage,Bengaluru,Medium,Construction Materials,10180.2,5,Medium,Email Campaign,1,0.30609509760870174,30.609509760870175,Low
15423,Manufacturing,Pune,Small,Construction Materials,11789.08,9,Low,Marketplace Search,1,0.30602234108387494,30.602234108387492,Low
12760,Textiles,Delhi NCR,Large,Textile Machinery,11073.39,8,Medium,Email Campaign,1,0.3058622351104335,30.586223511043347,Low
8485,Textiles,Bengaluru,Micro,Industrial Equipment,5000.0,2,Low,Organic Search,1,0.3058612575608875,30.58612575608875,Low
2873,Construction,Chennai,Micro,Auto Parts,11581.9,4,Low,Marketplace Search,1,0.305779831753935,30.577983175393502,Low
15256,Food & Beverage,Jaipur,Micro,Packaging,5046.05,5,High,Referral,0,0.30571461929863963,30.571461929863965,Low
9471,Manufacturing,Hyderabad,Small,Food Ingredients,7705.41,11,Medium,Organic Search,1,0.30565121787485405,30.565121787485406,Low
5383,Construction,Ahmedabad,Enterprise,Food Ingredients,8264.09,17,Low,Direct Inquiry,1,0.305604012878137,30.560401287813697,Low
17575,Automotive,Hyderabad,Medium,Construction Materials,29452.75,26,Medium,Email Campaign,1,0.3055826406869756,30.55826406869756,Low
2012,Manufacturing,Mumbai,Small,Construction Materials,19439.08,10,Low,Referral,1,0.305457660651215,30.545766065121498,Low
6543,Wholesale,Indore,Medium,Packaging,10032.53,13,High,Paid Search,1,0.30542860193884785,30.542860193884785,Low
13987,Chemicals,Indore,Micro,Office Supplies,5000.0,7,High,Direct Inquiry,0,0.30539926466171463,30.539926466171462,Low
16442,Construction,Kolkata,Micro,Packaging,36147.79,58,Low,Referral,0,0.30534574654422214,30.534574654422215,Low
8421,Textiles,Hyderabad,Small,Chemicals,5955.91,3,High,Paid Search,1,0.30531640216498634,30.531640216498634,Low
16200,Construction,Hyderabad,Medium,Textile Machinery,48654.7,33,Medium,Organic Search,0,0.3052098767487528,30.52098767487528,Low
2161,Construction,Chennai,Small,Electrical Components,5000.0,2,Medium,Paid Search,1,0.30520567308377344,30.520567308377345,Low
2960,Textiles,Jaipur,Small,Packaging,5000.0,2,Medium,Paid Search,1,0.3051462045124164,30.51462045124164,Low
11209,Manufacturing,Pune,Small,Chemicals,40153.33,21,Low,Email Campaign,1,0.30510725012458667,30.510725012458668,Low
5128,Electronics,Ahmedabad,Small,Food Ingredients,8530.64,8,Medium,Email Campaign,1,0.3050736614680854,30.50736614680854,Low
13053,Retail,Bengaluru,Micro,Office Supplies,9582.97,13,Medium,Organic Search,0,0.3049982310774211,30.49982310774211,Low
11586,Food & Beverage,Bengaluru,Large,Textile Machinery,5942.39,5,Low,Organic Search,1,0.304852785446483,30.4852785446483,Low
8895,Manufacturing,Jaipur,Large,Food Ingredients,9182.09,4,Low,Direct Inquiry,1,0.3048208194230884,30.48208194230884,Low
9244,Retail,Delhi NCR,Medium,Electrical Components,5000.0,3,Medium,Marketplace Search,1,0.30481562587182937,30.481562587182935,Low
11013,Retail,Hyderabad,Medium,Construction Materials,6216.37,7,High,Direct Inquiry,0,0.30466762056158986,30.466762056158984,Low
3916,Wholesale,Ahmedabad,Medium,Construction Materials,33152.0,21,Low,Marketplace Search,1,0.3044855947791806,30.448559477918057,Low
12176,Wholesale,Indore,Small,Textile Machinery,87621.94,17,Low,Marketplace Search,0,0.30446811543297175,30.446811543297176,Low
1462,Construction,Indore,Medium,Food Ingredients,5000.0,6,High,Email Campaign,1,0.3044164363332832,30.44164363332832,Low
2848,Food & Beverage,Kolkata,Micro,Construction Materials,14135.21,9,Medium,Direct Inquiry,0,0.3043800007176686,30.438000071766858,Low
16890,Manufacturing,Mumbai,Small,Food Ingredients,6713.81,20,Medium,Organic Search,1,0.3043554288781273,30.435542887812726,Low
8245,Construction,Bengaluru,Micro,Industrial Equipment,42303.71,26,Medium,Organic Search,1,0.3043409580510011,30.43409580510011,Low
2734,Construction,Delhi NCR,Medium,Construction Materials,5000.0,2,Critical,Direct Inquiry,1,0.30415801556926914,30.415801556926915,Low
15547,Retail,Mumbai,Enterprise,Auto Parts,16294.03,8,Low,Marketplace Search,1,0.3039213191981251,30.39213191981251,Low
3694,Food & Beverage,Ahmedabad,Small,Food Ingredients,17273.86,29,High,Email Campaign,0,0.30359370243643896,30.359370243643895,Low
19037,Manufacturing,Mumbai,Small,Packaging,5000.0,7,High,Referral,1,0.3035683168717025,30.35683168717025,Low
12701,Food & Beverage,Mumbai,Medium,Textile Machinery,7222.54,8,Low,Referral,0,0.3033240199177143,30.33240199177143,Low
1251,Manufacturing,Delhi NCR,Small,Steel & Metal,22258.69,31,Medium,Direct Inquiry,1,0.3031938596932919,30.319385969329186,Low
8902,Food & Beverage,Delhi NCR,Small,Steel & Metal,26644.29,14,Critical,Marketplace Search,0,0.3031106987724381,30.311069877243813,Low
8687,Construction,Jaipur,Small,Electrical Components,9190.2,4,Low,Direct Inquiry,1,0.3029774250212568,30.29774250212568,Low
7483,Food & Beverage,Indore,Medium,Auto Parts,26317.7,16,High,Email Campaign,0,0.302966278866161,30.2966278866161,Low
16032,Manufacturing,Indore,Small,Textile Machinery,7566.6,3,High,Direct Inquiry,0,0.30289939067155436,30.289939067155437,Low
525,Retail,Bengaluru,Medium,Industrial Equipment,7414.61,9,Medium,Marketplace Search,1,0.3028350329171712,30.283503291717118,Low
5469,Manufacturing,Jaipur,Small,Food Ingredients,9542.12,17,Medium,Direct Inquiry,0,0.30282319731857216,30.282319731857214,Low
4894,Pharmaceuticals,Indore,Micro,Food Ingredients,5000.0,4,Low,Marketplace Search,1,0.302699667167819,30.269966716781898,Low
14274,Wholesale,Mumbai,Medium,Chemicals,18596.72,21,Low,Referral,0,0.3025868191422439,30.25868191422439,Low
5041,Manufacturing,Mumbai,Medium,Textile Machinery,8824.77,9,Low,Organic Search,1,0.30249420132637467,30.249420132637468,Low
3918,Pharmaceuticals,Pune,Large,Steel & Metal,18725.24,8,Medium,Paid Search,1,0.302256915502099,30.2256915502099,Low
15086,Manufacturing,Hyderabad,Large,Chemicals,44213.75,12,Medium,Organic Search,1,0.3021171790139063,30.211717901390628,Low
10350,Construction,Chennai,Medium,Textile Machinery,24796.99,8,Medium,Marketplace Search,1,0.30211279477552244,30.211279477552246,Low
693,Retail,Ahmedabad,Small,Steel & Metal,12067.04,11,Medium,Paid Search,0,0.3020808028753551,30.20808028753551,Low
3204,Electronics,Delhi NCR,Micro,Auto Parts,7992.77,3,High,Marketplace Search,1,0.3020214935245159,30.202149352451592,Low
9057,Chemicals,Pune,Micro,Auto Parts,8067.62,9,Medium,Email Campaign,1,0.301815972001263,30.181597200126298,Low
17449,Retail,Mumbai,Medium,Textile Machinery,5037.45,3,High,Paid Search,1,0.3017858868448923,30.17858868448923,Low
18947,Construction,Indore,Large,Office Supplies,7180.11,9,Medium,Direct Inquiry,1,0.30176779232944956,30.176779232944956,Low
12708,Retail,Indore,Medium,Construction Materials,34433.28,44,Medium,Marketplace Search,0,0.3017196824869743,30.17196824869743,Low
19639,Pharmaceuticals,Indore,Medium,Textile Machinery,26900.74,20,Medium,Paid Search,1,0.30167337701622665,30.167337701622664,Low
7761,Chemicals,Pune,Micro,Industrial Equipment,33258.76,14,Medium,Paid Search,1,0.30164927034749506,30.164927034749507,Low
4465,Manufacturing,Indore,Small,Packaging,22376.64,9,Low,Organic Search,1,0.30143437557764385,30.143437557764386,Low
16868,Manufacturing,Ahmedabad,Medium,Food Ingredients,6471.89,6,Low,Marketplace Search,1,0.30134018402074064,30.134018402074066,Low
1927,Food & Beverage,Mumbai,Medium,Construction Materials,15240.41,7,Low,Marketplace Search,1,0.30115891373379083,30.115891373379082,Low
8732,Retail,Jaipur,Medium,Construction Materials,14596.87,9,Low,Direct Inquiry,1,0.3011370728763532,30.11370728763532,Low
5789,Wholesale,Chennai,Small,Industrial Equipment,7842.74,3,Low,Marketplace Search,1,0.30095646269331955,30.095646269331954,Low
11846,Food & Beverage,Indore,Medium,Auto Parts,5652.21,7,High,Direct Inquiry,1,0.30094848969306115,30.094848969306113,Low
5272,Textiles,Ahmedabad,Medium,Auto Parts,38351.39,24,High,Marketplace Search,0,0.30093891419032154,30.093891419032154,Low
6532,Food & Beverage,Chennai,Medium,Packaging,6033.06,6,Medium,Organic Search,1,0.30092805696525843,30.092805696525843,Low
5352,Pharmaceuticals,Kolkata,Medium,Office Supplies,5000.0,4,Low,Marketplace Search,1,0.30084878654127284,30.084878654127284,Low
13054,Retail,Jaipur,Small,Textile Machinery,97716.17,51,Low,Marketplace Search,0,0.30062748941952633,30.062748941952634,Low
13390,Textiles,Bengaluru,Small,Industrial Equipment,17161.73,16,Medium,Organic Search,1,0.3006194371192809,30.06194371192809,Low
13224,Automotive,Delhi NCR,Small,Electrical Components,41609.97,16,Medium,Paid Search,1,0.30056295362930235,30.056295362930236,Low
2945,Wholesale,Jaipur,Micro,Steel & Metal,6311.01,6,Medium,Paid Search,1,0.30046245923229303,30.046245923229304,Low
11169,Food & Beverage,Hyderabad,Small,Chemicals,24842.89,27,Low,Marketplace Search,0,0.30046059335585235,30.046059335585234,Low
11101,Manufacturing,Delhi NCR,Large,Steel & Metal,21511.56,11,Low,Paid Search,1,0.3003087885820987,30.03087885820987,Low
990,Pharmaceuticals,Mumbai,Small,Food Ingredients,5000.0,11,Medium,Direct Inquiry,1,0.30029314921041883,30.029314921041884,Low
9320,Food & Beverage,Hyderabad,Small,Textile Machinery,17562.01,15,Medium,Marketplace Search,0,0.30029197579748457,30.029197579748455,Low
17831,Manufacturing,Mumbai,Micro,Chemicals,35172.76,15,High,Referral,1,0.3002011340695963,30.02011340695963,Low
16537,Electronics,Bengaluru,Small,Textile Machinery,23081.62,14,Medium,Paid Search,1,0.30000910067941816,30.000910067941817,Low
19259,Construction,Indore,Small,Food Ingredients,25431.16,26,High,Direct Inquiry,0,0.2998304521104085,29.98304521104085,Low
9202,Wholesale,Indore,Small,Chemicals,20344.01,27,Low,Direct Inquiry,0,0.29980820898890614,29.980820898890613,Low
7063,Manufacturing,Indore,Small,Textile Machinery,42252.64,17,Medium,Direct Inquiry,1,0.29970756610678867,29.970756610678865,Low
1207,Wholesale,Jaipur,Micro,Construction Materials,29732.46,26,Medium,Organic Search,1,0.2995713611161772,29.95713611161772,Low
17286,Automotive,Indore,Micro,Industrial Equipment,6030.62,3,High,Marketplace Search,1,0.2995230395699472,29.95230395699472,Low
15261,Chemicals,Pune,Medium,Packaging,5000.0,7,Medium,Marketplace Search,1,0.2993994237769723,29.939942377697232,Low
8582,Automotive,Hyderabad,Small,Steel & Metal,17106.58,5,Low,Referral,1,0.2993733188485193,29.937331884851933,Low
2892,Automotive,Ahmedabad,Micro,Food Ingredients,16398.36,14,Medium,Direct Inquiry,0,0.29922105640193547,29.922105640193546,Low
6563,Chemicals,Chennai,Small,Industrial Equipment,19551.49,8,Medium,Email Campaign,1,0.29916667475865627,29.916667475865626,Low
18644,Automotive,Kolkata,Small,Electrical Components,51334.24,47,Medium,Email Campaign,0,0.29915852045085856,29.915852045085856,Low
6670,Retail,Bengaluru,Medium,Steel & Metal,30216.05,7,High,Direct Inquiry,0,0.2991199730484919,29.91199730484919,Low
2705,Wholesale,Ahmedabad,Medium,Auto Parts,5000.0,3,Medium,Paid Search,1,0.2990210437978576,29.90210437978576,Low
18719,Manufacturing,Indore,Medium,Construction Materials,9126.99,8,Medium,Marketplace Search,1,0.2988356071762573,29.88356071762573,Low
114,Construction,Hyderabad,Medium,Auto Parts,5305.81,3,Medium,Organic Search,1,0.2987454938644464,29.874549386444638,Low
4005,Construction,Pune,Medium,Packaging,27450.5,16,Medium,Email Campaign,1,0.2987403859079284,29.87403859079284,Low
15090,Retail,Delhi NCR,Micro,Industrial Equipment,5000.0,2,Medium,Marketplace Search,1,0.2986471701162068,29.864717011620677,Low
11640,Food & Beverage,Pune,Medium,Steel & Metal,10314.64,8,Low,Email Campaign,1,0.2985659794234139,29.856597942341388,Low
10868,Pharmaceuticals,Hyderabad,Medium,Chemicals,21860.13,6,Low,Direct Inquiry,1,0.29846186514651724,29.846186514651723,Low
4119,Wholesale,Kolkata,Small,Chemicals,30555.32,15,Medium,Paid Search,0,0.2984208399424168,29.84208399424168,Low
18444,Textiles,Hyderabad,Medium,Textile Machinery,9802.53,7,Medium,Marketplace Search,1,0.29841860224852956,29.841860224852958,Low
1670,Retail,Hyderabad,Medium,Food Ingredients,5000.0,3,Medium,Organic Search,1,0.2983748886836573,29.83748886836573,Low
899,Automotive,Pune,Small,Office Supplies,5000.0,2,Low,Marketplace Search,1,0.2982907367212233,29.82907367212233,Low
15504,Construction,Ahmedabad,Medium,Office Supplies,9667.02,18,Low,Email Campaign,1,0.2982790346230614,29.82790346230614,Low
1803,Pharmaceuticals,Hyderabad,Small,Office Supplies,5000.0,7,High,Email Campaign,0,0.2982708830462452,29.82708830462452,Low
14351,Food & Beverage,Pune,Medium,Office Supplies,12582.5,14,Medium,Marketplace Search,1,0.2981967001942644,29.819670019426443,Low
16174,Electronics,Delhi NCR,Small,Packaging,5000.0,3,High,Organic Search,1,0.2981885312029423,29.818853120294232,Low
17480,Wholesale,Kolkata,Large,Food Ingredients,10907.79,24,Medium,Organic Search,0,0.2981004152924165,29.810041529241648,Low
19516,Manufacturing,Indore,Medium,Auto Parts,10918.87,7,High,Email Campaign,1,0.2980286112151203,29.80286112151203,Low
5655,Construction,Delhi NCR,Large,Auto Parts,8879.05,5,Medium,Marketplace Search,1,0.29801892321005924,29.801892321005923,Low
8928,Retail,Delhi NCR,Micro,Steel & Metal,14516.4,11,High,Direct Inquiry,0,0.2979762108902113,29.79762108902113,Low
2676,Wholesale,Hyderabad,Medium,Electrical Components,11956.06,4,Critical,Organic Search,0,0.2979155539781955,29.791555397819554,Low
13694,Construction,Mumbai,Enterprise,Office Supplies,5000.0,3,Medium,Paid Search,1,0.2979056536720042,29.790565367200422,Low
15052,Wholesale,Bengaluru,Small,Packaging,10372.55,8,Medium,Referral,0,0.2977219068614477,29.77219068614477,Low
7071,Construction,Kolkata,Medium,Textile Machinery,5000.0,2,Low,Direct Inquiry,1,0.2976906993267288,29.76906993267288,Low
16817,Construction,Jaipur,Small,Chemicals,5000.0,1,Medium,Direct Inquiry,1,0.29757164872788305,29.757164872788305,Low
5173,Manufacturing,Indore,Large,Packaging,12645.3,5,Medium,Referral,0,0.29741605494049556,29.741605494049555,Low
10939,Electronics,Kolkata,Medium,Packaging,5000.0,4,Low,Marketplace Search,1,0.29740592916691105,29.740592916691106,Low
1314,Manufacturing,Pune,Medium,Chemicals,15782.96,21,Medium,Email Campaign,0,0.29738690343897667,29.738690343897666,Low
17959,Automotive,Bengaluru,Small,Food Ingredients,14613.85,13,High,Marketplace Search,1,0.29738172857210105,29.738172857210106,Low
8013,Retail,Mumbai,Medium,Industrial Equipment,7497.62,3,Low,Email Campaign,1,0.29727861968780517,29.727861968780516,Low
7380,Retail,Hyderabad,Large,Office Supplies,5000.0,5,Medium,Organic Search,1,0.2972677881516389,29.72677881516389,Low
9892,Manufacturing,Ahmedabad,Micro,Food Ingredients,7833.22,13,Low,Organic Search,1,0.297062662899575,29.7062662899575,Low
17969,Manufacturing,Ahmedabad,Small,Packaging,5000.0,13,High,Direct Inquiry,0,0.29699564268499357,29.69956426849936,Low
6596,Construction,Delhi NCR,Micro,Textile Machinery,5000.0,2,Medium,Direct Inquiry,1,0.29697477896900176,29.697477896900175,Low
18522,Electronics,Mumbai,Small,Electrical Components,7598.33,11,Critical,Marketplace Search,0,0.29683605457641077,29.683605457641075,Low
13721,Construction,Jaipur,Small,Electrical Components,29538.77,27,Medium,Marketplace Search,1,0.2968026941839374,29.68026941839374,Low
4002,Textiles,Delhi NCR,Small,Electrical Components,7414.84,8,High,Referral,0,0.29672568683781686,29.672568683781687,Low
16129,Wholesale,Jaipur,Small,Electrical Components,48386.14,14,Medium,Direct Inquiry,0,0.29667133809125046,29.667133809125048,Low
11102,Pharmaceuticals,Delhi NCR,Medium,Auto Parts,5000.0,1,Medium,Organic Search,1,0.2966376072161951,29.663760721619507,Low
19297,Automotive,Delhi NCR,Medium,Electrical Components,18160.33,18,Medium,Marketplace Search,1,0.2965837051435499,29.658370514354992,Low
1003,Manufacturing,Delhi NCR,Medium,Construction Materials,7747.85,9,Low,Direct Inquiry,1,0.296511682240277,29.651168224027703,Low
12759,Wholesale,Jaipur,Small,Packaging,5000.0,7,Medium,Organic Search,0,0.2964671739025627,29.64671739025627,Low
10903,Wholesale,Delhi NCR,Medium,Electrical Components,8906.87,3,High,Direct Inquiry,0,0.29640105571780667,29.640105571780666,Low
5974,Chemicals,Delhi NCR,Micro,Food Ingredients,15109.73,12,Low,Organic Search,0,0.29639196535839285,29.639196535839286,Low
240,Textiles,Jaipur,Micro,Packaging,57113.95,99,High,Marketplace Search,0,0.2963855652613394,29.63855652613394,Low
4348,Wholesale,Indore,Micro,Food Ingredients,33932.06,64,Medium,Email Campaign,1,0.29635605902140927,29.635605902140927,Low
14340,Automotive,Bengaluru,Medium,Construction Materials,117474.77,51,Low,Direct Inquiry,0,0.29618949983496445,29.618949983496446,Low
7671,Construction,Chennai,Medium,Packaging,5000.0,4,Medium,Referral,1,0.2960908676062626,29.60908676062626,Low
15255,Manufacturing,Kolkata,Micro,Construction Materials,5000.0,1,Medium,Organic Search,0,0.2960031160771277,29.60031160771277,Low
19465,Chemicals,Pune,Large,Industrial Equipment,37016.99,12,Medium,Referral,0,0.2959106228325212,29.591062283252118,Low
430,Electronics,Delhi NCR,Medium,Construction Materials,31180.39,14,High,Paid Search,1,0.29590887280280126,29.590887280280125,Low
9347,Textiles,Jaipur,Medium,Packaging,9247.51,14,Low,Organic Search,0,0.2957847550889428,29.578475508894282,Low
5044,Construction,Delhi NCR,Medium,Auto Parts,10193.93,12,Critical,Paid Search,1,0.295666446882043,29.566644688204303,Low
16652,Textiles,Mumbai,Micro,Steel & Metal,15321.68,10,High,Marketplace Search,1,0.2956495134256673,29.56495134256673,Low
14787,Electronics,Jaipur,Small,Steel & Metal,16808.64,19,Medium,Organic Search,0,0.29563267361231166,29.563267361231166,Low
11548,Construction,Pune,Micro,Food Ingredients,5000.0,4,High,Referral,0,0.2955129692790346,29.551296927903458,Low
14168,Automotive,Pune,Medium,Chemicals,16454.92,12,Medium,Paid Search,1,0.2954785053337469,29.547850533374692,Low
13410,Textiles,Ahmedabad,Small,Steel & Metal,20247.38,17,Medium,Marketplace Search,1,0.2954671324961202,29.546713249612022,Low
14222,Textiles,Hyderabad,Micro,Textile Machinery,36031.38,28,Low,Paid Search,1,0.29529646978953616,29.529646978953615,Low
8089,Manufacturing,Jaipur,Medium,Construction Materials,5000.0,3,Low,Marketplace Search,1,0.29526178049522833,29.526178049522834,Low
3212,Textiles,Pune,Large,Food Ingredients,8059.15,7,Low,Marketplace Search,1,0.29518805833975176,29.518805833975176,Low
551,Manufacturing,Mumbai,Medium,Steel & Metal,22308.96,11,Medium,Referral,0,0.29514567065903385,29.514567065903385,Low
11998,Textiles,Hyderabad,Medium,Textile Machinery,44036.56,24,Medium,Direct Inquiry,1,0.2950743623739147,29.50743623739147,Low
11225,Construction,Indore,Medium,Electrical Components,35679.47,16,Medium,Marketplace Search,1,0.29504241144139265,29.504241144139264,Low
15511,Automotive,Bengaluru,Micro,Chemicals,25242.57,52,Critical,Email Campaign,0,0.29498520543702467,29.498520543702465,Low
7274,Food & Beverage,Chennai,Small,Electrical Components,16973.91,17,High,Direct Inquiry,0,0.29489793856147434,29.489793856147433,Low
6043,Chemicals,Chennai,Small,Steel & Metal,5000.0,3,Medium,Paid Search,0,0.29488673449730823,29.488673449730822,Low
2890,Manufacturing,Mumbai,Micro,Construction Materials,23133.33,8,Medium,Direct Inquiry,1,0.2947865941148594,29.478659411485943,Low
14052,Chemicals,Chennai,Medium,Office Supplies,11289.53,23,Low,Marketplace Search,1,0.2947182378159789,29.471823781597887,Low
8021,Construction,Jaipur,Small,Industrial Equipment,5000.0,3,Medium,Direct Inquiry,1,0.29452690275325016,29.452690275325015,Low
12803,Manufacturing,Indore,Micro,Industrial Equipment,39535.72,11,Low,Direct Inquiry,1,0.29449040798802667,29.449040798802667,Low
8627,Electronics,Hyderabad,Large,Office Supplies,5000.0,10,Medium,Referral,1,0.29447530912307085,29.447530912307084,Low
13336,Manufacturing,Mumbai,Small,Packaging,5000.0,7,Medium,Referral,1,0.29443270191261617,29.443270191261618,Low
18838,Manufacturing,Jaipur,Small,Auto Parts,5000.0,1,Medium,Email Campaign,1,0.2943224802628815,29.43224802628815,Low
3007,Manufacturing,Kolkata,Micro,Food Ingredients,5000.0,11,Medium,Direct Inquiry,1,0.294267235261308,29.4267235261308,Low
19855,Construction,Kolkata,Micro,Electrical Components,13332.34,21,Medium,Organic Search,1,0.2940791308506577,29.40791308506577,Low
2406,Automotive,Jaipur,Large,Packaging,5338.05,7,Low,Organic Search,1,0.294051582062647,29.405158206264698,Low
16279,Manufacturing,Indore,Micro,Office Supplies,5000.0,3,High,Marketplace Search,1,0.29399213274651526,29.399213274651526,Low
19190,Electronics,Ahmedabad,Small,Office Supplies,33947.77,16,Medium,Paid Search,1,0.2939889503428088,29.39889503428088,Low
10960,Construction,Mumbai,Small,Office Supplies,5000.0,1,Medium,Direct Inquiry,1,0.29391460678446907,29.391460678446908,Low
644,Pharmaceuticals,Hyderabad,Micro,Electrical Components,13245.46,5,Medium,Marketplace Search,1,0.29390095061754107,29.390095061754106,Low
10183,Manufacturing,Delhi NCR,Small,Textile Machinery,10751.77,8,High,Direct Inquiry,1,0.2938931220461164,29.389312204611638,Low
7660,Wholesale,Delhi NCR,Micro,Industrial Equipment,5000.0,5,Low,Referral,0,0.2937369815753689,29.373698157536893,Low
3234,Construction,Pune,Small,Industrial Equipment,40158.16,8,Medium,Direct Inquiry,0,0.2936289246615863,29.36289246615863,Low
6907,Textiles,Kolkata,Micro,Packaging,5000.0,6,High,Direct Inquiry,0,0.293561274954157,29.356127495415702,Low
18332,Retail,Ahmedabad,Micro,Auto Parts,17002.11,14,Medium,Marketplace Search,1,0.2935464807144332,29.354648071443318,Low
4752,Retail,Mumbai,Micro,Industrial Equipment,6013.25,8,Medium,Marketplace Search,1,0.2933198203571824,29.33198203571824,Low
14843,Automotive,Chennai,Small,Auto Parts,48003.44,16,Low,Organic Search,0,0.29330642573815785,29.330642573815783,Low
4397,Food & Beverage,Delhi NCR,Micro,Office Supplies,20432.97,18,High,Direct Inquiry,0,0.2932184537554303,29.32184537554303,Low
10798,Chemicals,Delhi NCR,Medium,Electrical Components,5000.0,1,Medium,Paid Search,1,0.29299931837252824,29.299931837252824,Low
11808,Construction,Ahmedabad,Small,Auto Parts,27719.88,21,Low,Direct Inquiry,1,0.2929342495024313,29.29342495024313,Low
6561,Retail,Hyderabad,Small,Industrial Equipment,9737.88,5,High,Organic Search,0,0.2929061523857457,29.290615238574567,Low
5332,Construction,Ahmedabad,Micro,Industrial Equipment,5000.0,4,Medium,Marketplace Search,1,0.29286533222137096,29.286533222137095,Low
12738,Retail,Chennai,Medium,Steel & Metal,50494.45,10,High,Marketplace Search,0,0.2927335681898726,29.27335681898726,Low
1502,Retail,Ahmedabad,Medium,Office Supplies,5419.45,6,Low,Referral,0,0.2926947837829413,29.269478378294128,Low
2255,Automotive,Hyderabad,Small,Office Supplies,5000.0,2,Low,Organic Search,1,0.29269251132694757,29.269251132694755,Low
10141,Textiles,Bengaluru,Small,Chemicals,5000.0,3,High,Referral,0,0.2925359693605747,29.25359693605747,Low
5446,Textiles,Delhi NCR,Small,Packaging,5000.0,3,Critical,Organic Search,0,0.29245780788461007,29.245780788461005,Low
6018,Food & Beverage,Pune,Medium,Packaging,5500.43,2,Low,Email Campaign,1,0.29245493285864715,29.245493285864715,Low
4678,Manufacturing,Kolkata,Micro,Office Supplies,10213.26,9,Low,Marketplace Search,1,0.2923254268701602,29.23254268701602,Low
17956,Pharmaceuticals,Pune,Micro,Industrial Equipment,5000.0,2,Low,Direct Inquiry,1,0.2922897228843539,29.22897228843539,Low
18754,Manufacturing,Delhi NCR,Micro,Auto Parts,9363.64,5,High,Referral,0,0.29224423833427104,29.224423833427103,Low
13799,Automotive,Indore,Small,Construction Materials,15660.56,15,Low,Organic Search,1,0.29205084212392957,29.205084212392958,Low
18955,Food & Beverage,Delhi NCR,Micro,Chemicals,22366.14,28,High,Organic Search,0,0.2920400755053559,29.20400755053559,Low
11142,Food & Beverage,Mumbai,Small,Chemicals,13119.59,10,High,Email Campaign,0,0.29191515552985964,29.191515552985965,Low
11578,Pharmaceuticals,Bengaluru,Micro,Office Supplies,5000.0,9,Medium,Marketplace Search,1,0.29163478148679095,29.163478148679093,Low
18698,Retail,Kolkata,Micro,Chemicals,6129.92,6,High,Marketplace Search,0,0.2915740644186721,29.157406441867213,Low
14848,Construction,Bengaluru,Large,Auto Parts,33197.65,25,Medium,Direct Inquiry,0,0.2915477017628308,29.15477017628308,Low
13048,Chemicals,Indore,Small,Chemicals,18232.63,11,Low,Marketplace Search,1,0.2914661306752672,29.146613067526722,Low
17888,Textiles,Bengaluru,Small,Packaging,15137.45,17,Low,Organic Search,1,0.2913736791657179,29.137367916571787,Low
5241,Retail,Hyderabad,Small,Textile Machinery,7474.04,10,Low,Marketplace Search,1,0.2913135182988212,29.131351829882117,Low
18980,Wholesale,Bengaluru,Micro,Steel & Metal,17984.56,8,High,Marketplace Search,0,0.29124047683704185,29.124047683704184,Low
17230,Construction,Indore,Medium,Industrial Equipment,41204.15,15,Medium,Email Campaign,1,0.29112299045390516,29.112299045390515,Low
345,Textiles,Ahmedabad,Small,Chemicals,5000.0,4,Medium,Direct Inquiry,1,0.2909686850349724,29.09686850349724,Low
645,Textiles,Kolkata,Large,Construction Materials,8341.54,9,Medium,Marketplace Search,1,0.2909664421552664,29.09664421552664,Low
4848,Manufacturing,Delhi NCR,Small,Office Supplies,10372.76,16,Medium,Paid Search,1,0.29095403927536484,29.095403927536484,Low
13139,Textiles,Bengaluru,Medium,Industrial Equipment,10605.79,5,Medium,Marketplace Search,1,0.29093693245079805,29.093693245079805,Low
16115,Wholesale,Hyderabad,Large,Electrical Components,5000.0,3,Medium,Email Campaign,1,0.2908391614783123,29.08391614783123,Low
10025,Manufacturing,Indore,Small,Industrial Equipment,32382.36,34,Low,Referral,0,0.29082709187968614,29.082709187968614,Low
7007,Manufacturing,Pune,Medium,Construction Materials,5000.0,1,Medium,Paid Search,1,0.29078333276763174,29.078333276763175,Low
2704,Food & Beverage,Jaipur,Medium,Chemicals,5000.0,2,Medium,Paid Search,1,0.2907779746434783,29.07779746434783,Low
16076,Manufacturing,Jaipur,Medium,Textile Machinery,7345.44,8,Medium,Direct Inquiry,1,0.29076989866219466,29.076989866219467,Low
11518,Construction,Indore,Micro,Food Ingredients,5000.0,2,High,Marketplace Search,0,0.2906512390972291,29.065123909722914,Low
10601,Food & Beverage,Ahmedabad,Micro,Steel & Metal,21978.83,14,Medium,Referral,0,0.2906499730802536,29.064997308025358,Low
19238,Wholesale,Chennai,Micro,Textile Machinery,21493.46,11,Low,Marketplace Search,1,0.29063456301761614,29.063456301761615,Low
19970,Electronics,Jaipur,Micro,Construction Materials,5000.0,1,High,Paid Search,1,0.2906266352307467,29.062663523074672,Low
18121,Retail,Indore,Small,Food Ingredients,5000.0,2,Low,Direct Inquiry,1,0.2905510717786905,29.05510717786905,Low
17578,Automotive,Delhi NCR,Micro,Packaging,9056.17,10,Critical,Direct Inquiry,1,0.2905424954561272,29.05424954561272,Low
7502,Construction,Mumbai,Small,Chemicals,12755.11,17,Low,Paid Search,1,0.29042591344703256,29.042591344703254,Low
16247,Manufacturing,Ahmedabad,Large,Industrial Equipment,24660.36,12,Low,Direct Inquiry,1,0.2903369870741541,29.03369870741541,Low
13003,Wholesale,Hyderabad,Medium,Steel & Metal,10421.95,10,Medium,Paid Search,1,0.29027969150575433,29.027969150575434,Low
2463,Automotive,Bengaluru,Small,Textile Machinery,25214.42,8,Medium,Marketplace Search,1,0.2900720090697472,29.007200906974724,Low
5845,Electronics,Kolkata,Large,Office Supplies,5000.0,9,Medium,Marketplace Search,1,0.2898586560152762,28.98586560152762,Low
16832,Manufacturing,Jaipur,Medium,Industrial Equipment,13497.44,6,Critical,Direct Inquiry,0,0.28981979078259945,28.981979078259947,Low
14820,Manufacturing,Jaipur,Small,Office Supplies,5000.0,8,High,Marketplace Search,1,0.28970898001361406,28.970898001361405,Low
7656,Textiles,Indore,Medium,Chemicals,12020.27,4,Medium,Paid Search,1,0.2893685677007919,28.93685677007919,Low
12746,Textiles,Chennai,Micro,Food Ingredients,5000.0,6,Medium,Referral,1,0.2892064946357759,28.92064946357759,Low
17148,Construction,Mumbai,Micro,Auto Parts,5000.0,2,Low,Direct Inquiry,1,0.28920505679447045,28.920505679447047,Low
18801,Manufacturing,Mumbai,Micro,Auto Parts,5370.34,4,Medium,Marketplace Search,1,0.28905400025383743,28.90540002538374,Low
18833,Automotive,Kolkata,Medium,Steel & Metal,9643.76,4,High,Email Campaign,0,0.2890191412112953,28.90191412112953,Low
7280,Food & Beverage,Jaipur,Medium,Chemicals,6337.08,6,Medium,Organic Search,0,0.28898200096804827,28.89820009680483,Low
18408,Manufacturing,Hyderabad,Large,Textile Machinery,5000.0,2,Medium,Direct Inquiry,1,0.28897980112274274,28.897980112274276,Low
2913,Pharmaceuticals,Kolkata,Enterprise,Industrial Equipment,5437.68,3,Medium,Email Campaign,0,0.28891125078966623,28.891125078966624,Low
1561,Automotive,Ahmedabad,Large,Electrical Components,5777.77,2,High,Marketplace Search,0,0.28886818721336366,28.886818721336365,Low
14913,Wholesale,Pune,Large,Chemicals,6901.14,3,Critical,Referral,0,0.28876970627812104,28.876970627812103,Low
8563,Construction,Pune,Medium,Steel & Metal,24147.67,13,Medium,Direct Inquiry,0,0.28867920680732856,28.867920680732855,Low
16191,Manufacturing,Chennai,Medium,Textile Machinery,26724.9,19,Medium,Marketplace Search,0,0.2886247334958715,28.862473349587148,Low
11017,Wholesale,Kolkata,Small,Steel & Metal,5650.65,4,Medium,Referral,0,0.28824112017608666,28.824112017608666,Low
17876,Manufacturing,Hyderabad,Medium,Textile Machinery,18837.8,9,Medium,Direct Inquiry,1,0.28802813804845484,28.802813804845485,Low
14293,Electronics,Jaipur,Micro,Food Ingredients,19698.24,14,Medium,Marketplace Search,1,0.28801526134722893,28.801526134722895,Low
19604,Manufacturing,Bengaluru,Medium,Office Supplies,5000.0,3,High,Paid Search,1,0.287941338393994,28.7941338393994,Low
5897,Textiles,Hyderabad,Large,Industrial Equipment,17387.35,4,Medium,Marketplace Search,1,0.28789842319327424,28.789842319327423,Low
6516,Food & Beverage,Chennai,Medium,Steel & Metal,14924.97,10,Medium,Marketplace Search,1,0.28771138947523905,28.771138947523905,Low
6227,Retail,Pune,Large,Textile Machinery,14502.76,14,Medium,Marketplace Search,1,0.2876706719819264,28.767067198192642,Low
15759,Construction,Pune,Small,Industrial Equipment,16885.47,10,Critical,Direct Inquiry,0,0.2876695666253488,28.76695666253488,Low
13923,Chemicals,Pune,Micro,Electrical Components,7749.43,9,Low,Referral,0,0.2875000157778099,28.750001577780992,Low
9246,Wholesale,Ahmedabad,Micro,Food Ingredients,5000.0,1,Low,Organic Search,1,0.28746572931567654,28.746572931567655,Low
4826,Construction,Delhi NCR,Small,Textile Machinery,181923.59,44,Low,Direct Inquiry,0,0.2873122131809393,28.73122131809393,Low
15893,Pharmaceuticals,Ahmedabad,Small,Chemicals,19764.75,8,Critical,Marketplace Search,0,0.2872812648444372,28.728126484443724,Low
18426,Electronics,Hyderabad,Small,Industrial Equipment,37283.19,17,Low,Paid Search,1,0.28721850066892857,28.721850066892856,Low
16462,Manufacturing,Hyderabad,Medium,Auto Parts,36879.16,14,Medium,Direct Inquiry,1,0.28718012924832254,28.718012924832255,Low
16529,Manufacturing,Delhi NCR,Small,Construction Materials,10944.78,5,Medium,Email Campaign,0,0.2871467720445762,28.714677204457622,Low
8551,Pharmaceuticals,Kolkata,Small,Auto Parts,8979.08,9,High,Email Campaign,0,0.2870664624666675,28.70664624666675,Low
2784,Construction,Chennai,Medium,Electrical Components,12307.44,30,High,Direct Inquiry,0,0.28696856073290483,28.696856073290483,Low
6171,Wholesale,Pune,Large,Industrial Equipment,19034.15,11,Medium,Direct Inquiry,1,0.28690085957022243,28.690085957022244,Low
18541,Food & Beverage,Indore,Medium,Construction Materials,36535.45,12,High,Direct Inquiry,0,0.28685309254185487,28.685309254185487,Low
17817,Construction,Bengaluru,Micro,Steel & Metal,7068.86,11,Low,Paid Search,1,0.28685214055136293,28.685214055136292,Low
145,Construction,Pune,Large,Chemicals,54071.58,18,Medium,Email Campaign,1,0.2866777197024332,28.667771970243322,Low
5584,Food & Beverage,Jaipur,Small,Office Supplies,5000.0,4,Low,Direct Inquiry,1,0.28661573022216896,28.661573022216896,Low
8805,Automotive,Mumbai,Large,Construction Materials,6568.83,6,Medium,Paid Search,1,0.28642205249719127,28.642205249719126,Low
15672,Pharmaceuticals,Indore,Small,Auto Parts,6805.31,5,Medium,Marketplace Search,1,0.2864091619783737,28.640916197837367,Low
1059,Food & Beverage,Jaipur,Large,Industrial Equipment,5625.86,3,Medium,Marketplace Search,1,0.28638835728390666,28.638835728390667,Low
3462,Manufacturing,Delhi NCR,Micro,Textile Machinery,9513.29,8,Medium,Direct Inquiry,1,0.28627515502903067,28.627515502903066,Low
18252,Automotive,Mumbai,Micro,Chemicals,18218.54,15,Low,Marketplace Search,1,0.28593287492924807,28.59328749292481,Low
4424,Automotive,Mumbai,Small,Food Ingredients,35152.97,41,High,Marketplace Search,0,0.2858860884269863,28.588608842698633,Low
6478,Construction,Chennai,Micro,Construction Materials,14810.53,21,High,Marketplace Search,1,0.28585899544440363,28.585899544440363,Low
6987,Manufacturing,Jaipur,Large,Food Ingredients,5000.0,1,High,Marketplace Search,1,0.2857859379444231,28.57859379444231,Low
2185,Construction,Hyderabad,Large,Construction Materials,5884.84,5,Medium,Direct Inquiry,1,0.2856857690291552,28.56857690291552,Low
6975,Manufacturing,Kolkata,Medium,Food Ingredients,14890.53,9,Medium,Paid Search,1,0.28554875644573735,28.554875644573734,Low
1460,Food & Beverage,Ahmedabad,Small,Office Supplies,12476.17,11,High,Organic Search,0,0.2854908146937688,28.54908146937688,Low
12064,Retail,Kolkata,Small,Electrical Components,11834.41,4,Critical,Marketplace Search,0,0.28547945465479957,28.547945465479955,Low
98,Manufacturing,Jaipur,Micro,Construction Materials,8242.12,7,Critical,Referral,0,0.2854104239168688,28.541042391686883,Low
15164,Wholesale,Indore,Small,Packaging,7741.63,11,Medium,Organic Search,0,0.28523432777361435,28.523432777361435,Low
2023,Construction,Jaipur,Large,Auto Parts,16181.51,13,Critical,Email Campaign,1,0.2851746702806593,28.51746702806593,Low
11934,Electronics,Bengaluru,Small,Food Ingredients,20683.29,29,Medium,Email Campaign,0,0.28514297927751964,28.514297927751965,Low
15673,Automotive,Jaipur,Medium,Construction Materials,119181.46,50,Low,Direct Inquiry,0,0.2850839186925783,28.50839186925783,Low
3813,Manufacturing,Mumbai,Micro,Electrical Components,24983.22,11,Critical,Paid Search,0,0.28503587871274955,28.503587871274956,Low
18746,Wholesale,Hyderabad,Micro,Construction Materials,5000.0,2,Critical,Direct Inquiry,0,0.284789446609462,28.478944660946198,Low
5580,Pharmaceuticals,Kolkata,Medium,Auto Parts,29244.15,17,Medium,Referral,0,0.28470305393989664,28.470305393989666,Low
18050,Electronics,Ahmedabad,Small,Office Supplies,40624.43,34,High,Marketplace Search,0,0.28459812660658196,28.459812660658194,Low
19103,Pharmaceuticals,Delhi NCR,Medium,Industrial Equipment,6576.3,6,High,Organic Search,1,0.2845037244758659,28.45037244758659,Low
2609,Retail,Hyderabad,Small,Chemicals,5570.6,5,High,Organic Search,0,0.2844643804235743,28.446438042357432,Low
13926,Retail,Ahmedabad,Micro,Textile Machinery,5994.26,6,Medium,Direct Inquiry,0,0.28437232614916097,28.4372326149161,Low
4163,Retail,Mumbai,Medium,Textile Machinery,5171.76,3,High,Organic Search,0,0.2842521431073785,28.42521431073785,Low
7105,Manufacturing,Mumbai,Small,Packaging,7500.03,9,Critical,Marketplace Search,0,0.28421345842197926,28.421345842197926,Low
4814,Wholesale,Bengaluru,Large,Food Ingredients,5000.0,2,Medium,Email Campaign,1,0.2841826517838771,28.41826517838771,Low
3123,Wholesale,Indore,Small,Auto Parts,5328.89,5,Medium,Marketplace Search,1,0.28404262478553877,28.404262478553875,Low
16437,Electronics,Pune,Micro,Industrial Equipment,5000.0,1,Medium,Organic Search,1,0.28400634440368916,28.400634440368915,Low
14121,Retail,Kolkata,Medium,Food Ingredients,5000.0,9,Medium,Email Campaign,0,0.2839788999864703,28.39788999864703,Low
900,Wholesale,Bengaluru,Small,Chemicals,11705.69,12,Medium,Direct Inquiry,1,0.28397879544331917,28.397879544331918,Low
3373,Construction,Kolkata,Medium,Auto Parts,5000.0,5,Medium,Marketplace Search,0,0.28397822365725006,28.397822365725006,Low
16528,Manufacturing,Ahmedabad,Small,Industrial Equipment,30916.22,16,High,Organic Search,0,0.2839673987086095,28.396739870860948,Low
10381,Automotive,Mumbai,Medium,Industrial Equipment,6880.93,5,High,Paid Search,1,0.28390831872981326,28.390831872981327,Low
14950,Food & Beverage,Bengaluru,Micro,Textile Machinery,10014.7,5,Low,Email Campaign,1,0.2838635174216426,28.386351742164262,Low
6927,Electronics,Kolkata,Medium,Auto Parts,6040.33,7,Medium,Marketplace Search,1,0.283767727419915,28.376772741991502,Low
18954,Pharmaceuticals,Pune,Small,Steel & Metal,19773.29,12,Medium,Direct Inquiry,0,0.2837105399325184,28.371053993251838,Low
14629,Wholesale,Jaipur,Small,Construction Materials,20326.13,22,Medium,Organic Search,0,0.28358794655394015,28.358794655394014,Low
11106,Textiles,Bengaluru,Medium,Industrial Equipment,28146.32,13,Medium,Email Campaign,1,0.28355201451093587,28.35520145109359,Low
17396,Manufacturing,Hyderabad,Large,Steel & Metal,45275.76,16,Low,Organic Search,1,0.28333473816073884,28.333473816073884,Low
8079,Chemicals,Bengaluru,Large,Food Ingredients,9543.27,6,Low,Marketplace Search,1,0.2833310678338929,28.33310678338929,Low
9775,Manufacturing,Indore,Micro,Steel & Metal,11646.29,6,Low,Organic Search,1,0.2829333932390672,28.293339323906718,Low
1224,Construction,Mumbai,Small,Auto Parts,5000.0,3,Medium,Marketplace Search,1,0.28291829948007,28.291829948007003,Low
6969,Automotive,Chennai,Medium,Office Supplies,5000.0,5,Low,Organic Search,1,0.2828710853026746,28.287108530267457,Low
7544,Automotive,Jaipur,Medium,Office Supplies,8020.98,14,Medium,Direct Inquiry,0,0.2827489330905891,28.274893309058914,Low
4541,Manufacturing,Mumbai,Medium,Industrial Equipment,8013.28,4,Medium,Marketplace Search,1,0.2825005219025161,28.250052190251612,Low
13973,Wholesale,Delhi NCR,Small,Construction Materials,5000.0,5,Medium,Direct Inquiry,1,0.282497328324257,28.2497328324257,Low
18620,Construction,Indore,Enterprise,Chemicals,79405.14,22,Medium,Email Campaign,0,0.2824926285695733,28.24926285695733,Low
5245,Pharmaceuticals,Mumbai,Small,Chemicals,5000.0,2,Low,Direct Inquiry,1,0.28234600431818213,28.23460043181821,Low
17706,Automotive,Delhi NCR,Medium,Food Ingredients,5000.0,9,High,Organic Search,0,0.28234001967454314,28.234001967454315,Low
14228,Food & Beverage,Ahmedabad,Small,Textile Machinery,8932.78,4,Medium,Referral,0,0.2822677239871187,28.22677239871187,Low
8156,Electronics,Indore,Medium,Packaging,5000.0,5,High,Direct Inquiry,1,0.282265738750862,28.226573875086203,Low
11634,Wholesale,Chennai,Micro,Construction Materials,27482.69,18,Low,Paid Search,1,0.2821498199997027,28.214981999970266,Low
5708,Manufacturing,Ahmedabad,Micro,Construction Materials,9986.75,10,Low,Referral,1,0.2821463273925249,28.214632739252487,Low
12654,Construction,Jaipur,Small,Steel & Metal,5000.0,3,Medium,Paid Search,1,0.2820488837294622,28.20488837294622,Low
2842,Wholesale,Jaipur,Medium,Food Ingredients,5000.0,1,High,Paid Search,0,0.2820443088926842,28.204430889268423,Low
19485,Electronics,Ahmedabad,Small,Industrial Equipment,5000.0,2,High,Direct Inquiry,0,0.2820418826183623,28.204188261836233,Low
15679,Food & Beverage,Mumbai,Medium,Construction Materials,5000.0,2,Low,Organic Search,1,0.2820368742774216,28.203687427742157,Low
3855,Construction,Bengaluru,Micro,Office Supplies,5000.0,10,Medium,Email Campaign,1,0.2819128311418904,28.19128311418904,Low
9648,Construction,Jaipur,Medium,Construction Materials,5000.0,2,Medium,Organic Search,1,0.28176696485824915,28.176696485824916,Low
5671,Electronics,Bengaluru,Medium,Office Supplies,5000.0,2,Medium,Organic Search,1,0.28166021852892903,28.166021852892904,Low
1614,Textiles,Mumbai,Small,Construction Materials,8386.79,16,Medium,Marketplace Search,1,0.281497483900154,28.1497483900154,Low
178,Electronics,Kolkata,Micro,Electrical Components,5000.0,5,Low,Marketplace Search,1,0.28145667067179975,28.145667067179975,Low
18869,Manufacturing,Hyderabad,Micro,Electrical Components,5000.0,2,High,Marketplace Search,0,0.2814029128902412,28.140291289024123,Low
11215,Manufacturing,Jaipur,Medium,Office Supplies,6233.94,11,Medium,Direct Inquiry,1,0.2814020292758897,28.14020292758897,Low
14523,Textiles,Pune,Large,Industrial Equipment,7643.72,6,High,Marketplace Search,0,0.28138812123713086,28.138812123713087,Low
4176,Automotive,Ahmedabad,Medium,Food Ingredients,10111.4,11,Medium,Paid Search,1,0.2812887020662311,28.12887020662311,Low
8494,Automotive,Ahmedabad,Micro,Steel & Metal,5455.36,3,Critical,Email Campaign,0,0.28125917994597494,28.125917994597494,Low
1615,Construction,Jaipur,Small,Food Ingredients,84020.41,70,Low,Referral,0,0.2812263516377124,28.122635163771243,Low
10308,Food & Beverage,Jaipur,Small,Construction Materials,9487.12,6,Low,Email Campaign,1,0.2811602912592131,28.11602912592131,Low
10635,Manufacturing,Bengaluru,Medium,Textile Machinery,34103.23,21,Medium,Referral,0,0.2810984159826606,28.109841598266062,Low
14535,Automotive,Delhi NCR,Micro,Industrial Equipment,6348.28,3,Medium,Direct Inquiry,1,0.281091104104473,28.1091104104473,Low
3046,Wholesale,Indore,Micro,Steel & Metal,12774.78,16,Medium,Marketplace Search,1,0.28074576248513045,28.074576248513043,Low
15926,Textiles,Ahmedabad,Micro,Office Supplies,15515.56,18,High,Referral,0,0.2806655459129589,28.06655459129589,Low
17133,Manufacturing,Indore,Medium,Chemicals,7645.79,3,Medium,Organic Search,1,0.2806002915621633,28.06002915621633,Low
11802,Food & Beverage,Indore,Micro,Steel & Metal,17289.2,46,Low,Direct Inquiry,1,0.28059030580116073,28.059030580116072,Low
18269,Pharmaceuticals,Ahmedabad,Small,Textile Machinery,11183.19,6,Medium,Organic Search,0,0.28050336111824675,28.050336111824674,Low
11706,Automotive,Kolkata,Small,Office Supplies,19043.05,56,Medium,Direct Inquiry,0,0.2804985530177222,28.04985530177222,Low
11838,Pharmaceuticals,Jaipur,Small,Industrial Equipment,5000.0,3,Medium,Marketplace Search,1,0.2803870468182421,28.03870468182421,Low
6924,Retail,Jaipur,Medium,Textile Machinery,7580.57,6,Critical,Marketplace Search,0,0.28033136453037244,28.033136453037244,Low
5175,Manufacturing,Hyderabad,Medium,Auto Parts,8689.98,10,Medium,Email Campaign,1,0.2802929668435125,28.02929668435125,Low
15391,Construction,Jaipur,Medium,Textile Machinery,6133.14,3,High,Marketplace Search,1,0.280200556858992,28.020055685899198,Low
16392,Wholesale,Pune,Small,Industrial Equipment,34955.35,11,Low,Paid Search,1,0.2801955781975886,28.019557819758862,Low
7570,Pharmaceuticals,Chennai,Small,Textile Machinery,12944.96,9,Low,Direct Inquiry,0,0.2801012422479744,28.01012422479744,Low
11645,Construction,Ahmedabad,Large,Industrial Equipment,37074.56,10,High,Paid Search,0,0.27995053892065613,27.995053892065613,Low
5644,Pharmaceuticals,Mumbai,Medium,Chemicals,16641.62,19,Medium,Marketplace Search,1,0.27992601876870515,27.992601876870516,Low
272,Manufacturing,Bengaluru,Small,Auto Parts,7275.94,6,Medium,Direct Inquiry,1,0.27982016735655013,27.982016735655012,Low
5806,Food & Beverage,Chennai,Small,Food Ingredients,5000.0,8,High,Referral,0,0.27981697023079816,27.981697023079814,Low
2974,Wholesale,Mumbai,Small,Food Ingredients,5000.0,4,Low,Organic Search,0,0.27968647754466075,27.968647754466076,Low
8281,Automotive,Kolkata,Micro,Construction Materials,25148.82,9,Low,Marketplace Search,1,0.2796640400567348,27.96640400567348,Low
17839,Food & Beverage,Hyderabad,Medium,Chemicals,5000.0,1,Low,Paid Search,0,0.2794802656764369,27.94802656764369,Low
465,Pharmaceuticals,Ahmedabad,Medium,Food Ingredients,6057.93,6,Medium,Direct Inquiry,1,0.27945109734087686,27.945109734087687,Low
18745,Electronics,Hyderabad,Small,Electrical Components,32374.62,31,Medium,Direct Inquiry,1,0.27944871286730116,27.944871286730116,Low
4298,Automotive,Bengaluru,Micro,Food Ingredients,6544.16,7,Low,Direct Inquiry,1,0.27941578648427656,27.941578648427658,Low
17078,Textiles,Pune,Small,Chemicals,63161.33,44,Medium,Organic Search,0,0.27937870186443176,27.937870186443174,Low
6373,Food & Beverage,Mumbai,Micro,Chemicals,91943.62,52,Medium,Email Campaign,0,0.27927030285389143,27.927030285389144,Low
15750,Manufacturing,Bengaluru,Small,Electrical Components,5000.0,4,Medium,Referral,0,0.2792384175423995,27.923841754239948,Low
8639,Manufacturing,Bengaluru,Micro,Construction Materials,8452.5,8,High,Direct Inquiry,1,0.2790799620894065,27.90799620894065,Low
5367,Food & Beverage,Mumbai,Medium,Electrical Components,5170.71,9,Low,Organic Search,0,0.27901647550847436,27.901647550847436,Low
19082,Food & Beverage,Indore,Micro,Industrial Equipment,31331.78,9,Medium,Direct Inquiry,0,0.27870396221327554,27.870396221327553,Low
13662,Electronics,Delhi NCR,Small,Packaging,51743.27,65,Low,Organic Search,0,0.27868222984128654,27.868222984128654,Low
15958,Retail,Mumbai,Small,Industrial Equipment,32955.94,8,High,Email Campaign,0,0.27859589784514577,27.859589784514576,Low
16696,Construction,Hyderabad,Medium,Office Supplies,5000.0,9,Medium,Organic Search,0,0.27854165912877854,27.854165912877853,Low
2902,Manufacturing,Pune,Medium,Auto Parts,5000.0,5,Medium,Organic Search,0,0.278362979297505,27.836297929750497,Low
6180,Manufacturing,Hyderabad,Medium,Electrical Components,5000.0,1,Medium,Marketplace Search,1,0.27831516016136343,27.831516016136344,Low
16977,Food & Beverage,Ahmedabad,Medium,Construction Materials,87020.49,34,Medium,Organic Search,0,0.2783045177123928,27.83045177123928,Low
8705,Wholesale,Ahmedabad,Micro,Food Ingredients,20284.26,12,High,Marketplace Search,0,0.278263491107899,27.8263491107899,Low
1827,Wholesale,Kolkata,Micro,Steel & Metal,11912.76,5,Low,Organic Search,0,0.2782100688499701,27.82100688499701,Low
16475,Food & Beverage,Jaipur,Medium,Office Supplies,14533.9,20,Medium,Direct Inquiry,0,0.27812105164579204,27.812105164579204,Low
9479,Food & Beverage,Bengaluru,Small,Auto Parts,9967.87,8,Medium,Marketplace Search,1,0.27785970655870174,27.785970655870173,Low
164,Automotive,Mumbai,Micro,Office Supplies,10939.09,18,Medium,Paid Search,1,0.2777599640757888,27.77599640757888,Low
17206,Electronics,Hyderabad,Micro,Office Supplies,19188.12,28,Low,Referral,1,0.277531915830441,27.7531915830441,Low
17389,Chemicals,Jaipur,Small,Packaging,5000.0,3,Medium,Direct Inquiry,0,0.2774482438846882,27.74482438846882,Low
448,Manufacturing,Indore,Small,Electrical Components,30129.48,10,Medium,Paid Search,1,0.27735870122089784,27.735870122089786,Low
18542,Food & Beverage,Pune,Medium,Textile Machinery,5000.0,1,Medium,Referral,1,0.2772635018263403,27.72635018263403,Low
16962,Retail,Ahmedabad,Large,Office Supplies,7595.34,4,High,Organic Search,0,0.27720494827632236,27.720494827632237,Low
11193,Automotive,Ahmedabad,Micro,Packaging,5537.7,12,Low,Referral,1,0.2771383466824646,27.713834668246463,Low
4112,Food & Beverage,Bengaluru,Small,Packaging,11825.02,5,Low,Marketplace Search,1,0.2770812430561591,27.70812430561591,Low
10749,Manufacturing,Delhi NCR,Large,Construction Materials,34595.59,18,Low,Direct Inquiry,1,0.2769685718261153,27.696857182611527,Low
12267,Construction,Kolkata,Large,Construction Materials,5000.0,2,Low,Marketplace Search,1,0.2768881819711458,27.68881819711458,Low
7546,Automotive,Indore,Large,Steel & Metal,9640.74,5,Medium,Marketplace Search,1,0.2763543373877625,27.63543373877625,Low
9505,Pharmaceuticals,Kolkata,Small,Construction Materials,17687.83,26,Low,Referral,0,0.2763414311708169,27.63414311708169,Low
1301,Automotive,Bengaluru,Small,Food Ingredients,19537.39,18,Medium,Organic Search,0,0.27631203136960725,27.631203136960725,Low
12459,Manufacturing,Indore,Medium,Construction Materials,19657.47,12,High,Paid Search,0,0.27615957520058515,27.615957520058515,Low
13423,Automotive,Indore,Small,Construction Materials,6373.81,4,High,Organic Search,0,0.27610842133817776,27.610842133817776,Low
17684,Automotive,Mumbai,Small,Steel & Metal,151767.97,75,Medium,Marketplace Search,0,0.2760583119349964,27.60583119349964,Low
10834,Retail,Indore,Micro,Industrial Equipment,28875.69,14,Medium,Referral,0,0.27604778941409586,27.604778941409585,Low
11379,Retail,Jaipur,Small,Auto Parts,5000.0,8,Medium,Paid Search,1,0.2759705234921073,27.59705234921073,Low
11602,Construction,Delhi NCR,Medium,Packaging,5000.0,3,Medium,Referral,0,0.27588692370205503,27.588692370205504,Low
19550,Food & Beverage,Delhi NCR,Large,Steel & Metal,12498.25,9,Medium,Organic Search,0,0.27572852692032307,27.572852692032306,Low
15938,Food & Beverage,Hyderabad,Medium,Electrical Components,29641.81,9,Medium,Paid Search,1,0.27557590874614174,27.557590874614174,Low
4772,Manufacturing,Chennai,Medium,Steel & Metal,27976.85,15,Low,Direct Inquiry,0,0.27549332612566796,27.549332612566797,Low
8799,Wholesale,Kolkata,Small,Electrical Components,23304.25,11,Low,Direct Inquiry,0,0.27544542531163424,27.544542531163422,Low
6917,Pharmaceuticals,Mumbai,Medium,Packaging,7903.76,18,Medium,Marketplace Search,1,0.2754290184098253,27.54290184098253,Low
1557,Wholesale,Pune,Small,Office Supplies,14127.03,24,Medium,Direct Inquiry,0,0.27538373620950024,27.538373620950026,Low
16060,Wholesale,Pune,Micro,Construction Materials,28210.84,32,Critical,Organic Search,0,0.27530870897181176,27.530870897181174,Low
15152,Textiles,Chennai,Micro,Office Supplies,9038.82,11,Medium,Email Campaign,0,0.27494799582236235,27.494799582236233,Low
1606,Chemicals,Ahmedabad,Micro,Packaging,17069.61,31,High,Marketplace Search,0,0.2744568734507496,27.44568734507496,Low
5555,Electronics,Ahmedabad,Small,Industrial Equipment,5000.0,4,Medium,Marketplace Search,1,0.2743537035626085,27.43537035626085,Low
19127,Retail,Bengaluru,Micro,Steel & Metal,11837.37,16,High,Referral,0,0.2742111796347376,27.421117963473762,Low
9004,Manufacturing,Hyderabad,Medium,Packaging,11108.63,4,Low,Referral,1,0.2741946697916355,27.41946697916355,Low
3898,Manufacturing,Mumbai,Micro,Chemicals,5000.0,4,High,Organic Search,0,0.27412588420471884,27.412588420471884,Low
10623,Automotive,Ahmedabad,Small,Construction Materials,29080.63,15,Medium,Direct Inquiry,1,0.2740083424261264,27.40083424261264,Low
19738,Retail,Chennai,Small,Electrical Components,10252.39,9,High,Direct Inquiry,0,0.27399165693466415,27.399165693466415,Low
5331,Food & Beverage,Indore,Large,Food Ingredients,8181.27,13,Medium,Direct Inquiry,1,0.2738968446944632,27.38968446944632,Low
17688,Textiles,Indore,Small,Auto Parts,31358.66,32,Medium,Marketplace Search,0,0.27353821691583957,27.353821691583956,Low
9535,Retail,Jaipur,Medium,Industrial Equipment,8619.77,4,High,Referral,0,0.2735145687961322,27.351456879613217,Low
19840,Construction,Bengaluru,Small,Packaging,10625.67,13,High,Marketplace Search,0,0.2733251291180135,27.33251291180135,Low
18901,Construction,Jaipur,Micro,Auto Parts,5000.0,4,Medium,Referral,1,0.27304842096184545,27.304842096184544,Low
12913,Electronics,Indore,Large,Auto Parts,5052.37,9,Medium,Marketplace Search,1,0.27300782703975607,27.300782703975607,Low
3256,Manufacturing,Indore,Large,Construction Materials,8970.3,5,High,Marketplace Search,1,0.27293294762405823,27.29329476240582,Low
17495,Construction,Chennai,Micro,Steel & Metal,5000.0,2,Medium,Referral,1,0.27291413728175773,27.291413728175772,Low
7510,Automotive,Jaipur,Large,Auto Parts,5000.0,4,Medium,Direct Inquiry,1,0.27285223957990895,27.285223957990894,Low
6708,Automotive,Pune,Large,Textile Machinery,7169.89,8,Low,Organic Search,1,0.272571974992285,27.257197499228504,Low
6961,Construction,Delhi NCR,Medium,Steel & Metal,23221.32,11,High,Organic Search,0,0.27257014832379983,27.257014832379983,Low
78,Automotive,Mumbai,Medium,Office Supplies,5000.0,1,Medium,Referral,1,0.2724146520833795,27.24146520833795,Low
2639,Construction,Jaipur,Large,Packaging,5303.38,7,Medium,Paid Search,0,0.2723695984302406,27.23695984302406,Low
10662,Chemicals,Chennai,Medium,Chemicals,15617.08,9,Low,Organic Search,0,0.27223018957420386,27.223018957420386,Low
11519,Automotive,Jaipur,Micro,Auto Parts,14185.43,8,Medium,Marketplace Search,1,0.2721919588211387,27.219195882113873,Low
394,Manufacturing,Delhi NCR,Small,Textile Machinery,15188.61,7,High,Marketplace Search,0,0.27215959698193576,27.215959698193576,Low
7437,Retail,Bengaluru,Micro,Textile Machinery,92622.24,33,Low,Email Campaign,0,0.272129849071754,27.212984907175404,Low
9384,Wholesale,Jaipur,Small,Construction Materials,10668.39,10,Medium,Referral,0,0.27203638415696746,27.203638415696744,Low
6550,Electronics,Delhi NCR,Small,Steel & Metal,12417.82,11,Medium,Direct Inquiry,1,0.27190245244083633,27.190245244083634,Low
12482,Manufacturing,Mumbai,Small,Chemicals,17673.72,7,Medium,Direct Inquiry,1,0.27172434186891326,27.172434186891326,Low
9172,Manufacturing,Mumbai,Micro,Electrical Components,5000.0,3,High,Marketplace Search,0,0.2716842714113214,27.16842714113214,Low
10139,Manufacturing,Mumbai,Medium,Auto Parts,6439.98,6,Medium,Direct Inquiry,1,0.27153063700044217,27.153063700044218,Low
5270,Chemicals,Jaipur,Micro,Auto Parts,24362.02,26,Low,Organic Search,0,0.2713694462557403,27.136944625574028,Low
19827,Construction,Mumbai,Micro,Industrial Equipment,8841.97,5,Medium,Paid Search,1,0.2713090630462531,27.130906304625306,Low
5638,Manufacturing,Delhi NCR,Micro,Office Supplies,5000.0,5,High,Direct Inquiry,0,0.2711541870756394,27.115418707563936,Low
16789,Construction,Kolkata,Small,Packaging,8332.68,7,Critical,Paid Search,0,0.2710785406558768,27.107854065587677,Low
10409,Construction,Kolkata,Small,Electrical Components,16333.82,17,High,Organic Search,0,0.27083210887347325,27.083210887347324,Low
8934,Textiles,Indore,Micro,Industrial Equipment,5000.0,2,Medium,Direct Inquiry,1,0.27068173852652666,27.068173852652667,Low
5132,Construction,Bengaluru,Small,Construction Materials,13258.9,12,High,Paid Search,0,0.2706805955144612,27.068059551446122,Low
19595,Textiles,Chennai,Medium,Office Supplies,5000.0,8,Medium,Email Campaign,1,0.27066230151225057,27.066230151225056,Low
12155,Manufacturing,Pune,Large,Electrical Components,13026.02,9,Medium,Direct Inquiry,1,0.27064835661768466,27.064835661768466,Low
5635,Pharmaceuticals,Chennai,Medium,Food Ingredients,9647.65,7,Medium,Marketplace Search,0,0.2704800100318076,27.04800100318076,Low
18706,Automotive,Kolkata,Small,Textile Machinery,34607.11,6,Medium,Organic Search,0,0.2703456077753567,27.03456077753567,Low
12556,Manufacturing,Hyderabad,Micro,Textile Machinery,5000.0,6,High,Direct Inquiry,0,0.27027689511061337,27.027689511061336,Low
19300,Food & Beverage,Chennai,Small,Electrical Components,5000.0,2,Low,Referral,0,0.2699880262309199,26.99880262309199,Low
14947,Wholesale,Mumbai,Medium,Steel & Metal,55025.82,23,Medium,Direct Inquiry,1,0.2699108981882063,26.99108981882063,Low
18074,Wholesale,Kolkata,Small,Packaging,5000.0,6,High,Marketplace Search,0,0.2697808658182011,26.97808658182011,Low
11157,Electronics,Jaipur,Small,Auto Parts,5000.0,2,High,Paid Search,0,0.26975245686489985,26.975245686489984,Low
15047,Retail,Pune,Small,Auto Parts,5461.29,5,Medium,Marketplace Search,1,0.2697294835298989,26.97294835298989,Low
5470,Pharmaceuticals,Jaipur,Medium,Construction Materials,16281.19,6,Medium,Email Campaign,1,0.26947910179403095,26.947910179403095,Low
16075,Wholesale,Pune,Medium,Construction Materials,6902.43,4,Medium,Marketplace Search,0,0.26939167603666225,26.939167603666224,Low
12203,Electronics,Indore,Large,Industrial Equipment,13736.25,3,Medium,Paid Search,1,0.2693784219434409,26.937842194344093,Low
8616,Automotive,Delhi NCR,Large,Textile Machinery,7169.27,3,High,Organic Search,0,0.2692825326361054,26.92825326361054,Low
9346,Retail,Kolkata,Medium,Office Supplies,9125.68,9,Medium,Direct Inquiry,1,0.2687625709389028,26.87625709389028,Low
1658,Retail,Kolkata,Micro,Office Supplies,5000.0,5,High,Direct Inquiry,0,0.2687162250850621,26.87162250850621,Low
16708,Pharmaceuticals,Ahmedabad,Medium,Electrical Components,8273.57,8,High,Direct Inquiry,0,0.26869999980694786,26.869999980694786,Low
418,Construction,Ahmedabad,Micro,Industrial Equipment,93629.79,60,Medium,Direct Inquiry,0,0.2686876289180405,26.86876289180405,Low
14547,Manufacturing,Mumbai,Medium,Chemicals,5000.0,1,High,Marketplace Search,0,0.2685600046066042,26.856000460660418,Low
16049,Food & Beverage,Bengaluru,Small,Construction Materials,6609.51,8,Medium,Marketplace Search,0,0.2685529780158393,26.855297801583934,Low
15963,Chemicals,Chennai,Large,Packaging,5000.0,3,Medium,Marketplace Search,1,0.268527680543613,26.8527680543613,Low
5651,Wholesale,Kolkata,Micro,Office Supplies,5000.0,9,Low,Marketplace Search,1,0.2684753578583395,26.847535785833948,Low
10927,Electronics,Jaipur,Small,Steel & Metal,7007.81,6,Low,Paid Search,1,0.26845895124589,26.845895124589,Low
4815,Manufacturing,Ahmedabad,Micro,Auto Parts,8215.52,6,Critical,Organic Search,0,0.2684199730639687,26.84199730639687,Low
18228,Manufacturing,Ahmedabad,Medium,Steel & Metal,6506.59,4,Medium,Referral,0,0.26774108744490743,26.774108744490743,Low
4209,Construction,Mumbai,Small,Steel & Metal,5000.0,2,Low,Direct Inquiry,0,0.267680804710158,26.7680804710158,Low
8635,Wholesale,Delhi NCR,Small,Steel & Metal,5000.0,1,Medium,Organic Search,0,0.2675586539561058,26.755865395610577,Low
7406,Chemicals,Jaipur,Micro,Steel & Metal,6772.18,3,Medium,Direct Inquiry,1,0.2675495824925983,26.75495824925983,Low
5576,Chemicals,Mumbai,Micro,Electrical Components,11156.27,18,Critical,Marketplace Search,0,0.2675044433178052,26.75044433178052,Low
577,Automotive,Kolkata,Small,Packaging,5000.0,3,Medium,Organic Search,0,0.26737679548958504,26.737679548958504,Low
15579,Wholesale,Hyderabad,Micro,Auto Parts,7487.15,6,Low,Paid Search,1,0.26734005209573003,26.734005209573002,Low
6338,Manufacturing,Kolkata,Small,Auto Parts,7898.76,3,Medium,Organic Search,0,0.26731374264949853,26.731374264949853,Low
15486,Manufacturing,Bengaluru,Medium,Office Supplies,5000.0,10,Medium,Marketplace Search,1,0.26731005166441446,26.731005166441445,Low
8408,Electronics,Hyderabad,Large,Electrical Components,20683.01,12,Medium,Marketplace Search,1,0.267096429506274,26.709642950627398,Low
2142,Food & Beverage,Pune,Micro,Steel & Metal,5000.0,4,Low,Direct Inquiry,1,0.26705206902987344,26.705206902987342,Low
18903,Textiles,Kolkata,Micro,Textile Machinery,5000.0,2,Low,Organic Search,1,0.2669943035566973,26.69943035566973,Low
13580,Retail,Chennai,Small,Textile Machinery,12679.16,7,Medium,Marketplace Search,0,0.26697484594524246,26.697484594524244,Low
5766,Retail,Delhi NCR,Small,Chemicals,19193.07,16,Low,Referral,0,0.26694011678333746,26.694011678333744,Low
7562,Manufacturing,Delhi NCR,Small,Steel & Metal,27857.67,16,Medium,Email Campaign,0,0.2668436073230322,26.68436073230322,Low
17874,Manufacturing,Mumbai,Small,Auto Parts,5000.0,4,Low,Organic Search,1,0.26683567059148716,26.683567059148714,Low
8489,Food & Beverage,Chennai,Medium,Food Ingredients,5000.0,2,Medium,Direct Inquiry,1,0.26675340634290134,26.675340634290134,Low
9027,Textiles,Kolkata,Micro,Chemicals,15432.73,13,Medium,Paid Search,0,0.26670726970562736,26.670726970562736,Low
10826,Pharmaceuticals,Bengaluru,Micro,Industrial Equipment,5000.0,1,Medium,Direct Inquiry,1,0.2664785651819967,26.64785651819967,Low
14940,Automotive,Pune,Large,Packaging,11246.3,16,Medium,Paid Search,1,0.2664374481282774,26.64374481282774,Low
13005,Automotive,Chennai,Micro,Construction Materials,5000.0,3,Medium,Referral,0,0.26642027524040723,26.642027524040724,Low
11779,Chemicals,Indore,Small,Steel & Metal,22549.68,19,Medium,Referral,0,0.2662541131895792,26.62541131895792,Low
17946,Retail,Delhi NCR,Small,Auto Parts,6165.71,4,Medium,Marketplace Search,0,0.26621760545989154,26.621760545989154,Low
1819,Automotive,Ahmedabad,Small,Industrial Equipment,55781.19,17,Medium,Referral,0,0.2661999483701244,26.619994837012438,Low
5723,Electronics,Jaipur,Large,Textile Machinery,31109.92,6,Low,Marketplace Search,1,0.26604905264386236,26.604905264386236,Low
11271,Retail,Indore,Medium,Auto Parts,20287.79,13,Medium,Marketplace Search,0,0.26603954293469484,26.603954293469485,Low
3191,Manufacturing,Pune,Small,Office Supplies,5000.0,1,High,Organic Search,0,0.2659418526392306,26.59418526392306,Low
18949,Food & Beverage,Chennai,Small,Office Supplies,5068.85,12,Medium,Referral,0,0.2659057830899963,26.59057830899963,Low
18342,Construction,Indore,Medium,Electrical Components,18762.34,20,Medium,Paid Search,1,0.2658449178935437,26.58449178935437,Low
196,Automotive,Jaipur,Medium,Auto Parts,5000.0,2,Medium,Direct Inquiry,1,0.2658072059847101,26.580720598471007,Low
7933,Construction,Chennai,Micro,Construction Materials,14899.97,16,High,Organic Search,0,0.2657948755920495,26.57948755920495,Low
17435,Textiles,Ahmedabad,Small,Packaging,5000.0,4,Medium,Marketplace Search,0,0.26568661553373635,26.568661553373634,Low
3012,Food & Beverage,Hyderabad,Small,Auto Parts,24173.59,8,Medium,Marketplace Search,0,0.2655742608418445,26.55742608418445,Low
16994,Construction,Mumbai,Micro,Construction Materials,10002.47,11,Low,Marketplace Search,1,0.2655316804731081,26.55316804731081,Low
13214,Textiles,Bengaluru,Large,Chemicals,7334.59,7,Low,Marketplace Search,0,0.2653929788164802,26.53929788164802,Low
12186,Manufacturing,Hyderabad,Small,Steel & Metal,10746.98,4,Medium,Marketplace Search,1,0.26530763374251537,26.53076337425154,Low
961,Wholesale,Chennai,Small,Textile Machinery,5000.0,3,Medium,Marketplace Search,1,0.26525633266779963,26.525633266779963,Low
15298,Manufacturing,Ahmedabad,Micro,Steel & Metal,5493.06,2,Critical,Organic Search,0,0.26503925911943726,26.503925911943725,Low
12463,Manufacturing,Delhi NCR,Large,Chemicals,22668.58,10,High,Paid Search,0,0.2648373988466507,26.48373988466507,Low
495,Automotive,Hyderabad,Medium,Auto Parts,203394.7,54,Low,Email Campaign,0,0.26476870310126627,26.47687031012663,Low
755,Construction,Kolkata,Micro,Construction Materials,70499.09,31,High,Referral,0,0.2647659120040678,26.47659120040678,Low
17551,Manufacturing,Bengaluru,Small,Office Supplies,5000.0,12,High,Referral,0,0.26462384624274493,26.462384624274492,Low
4116,Automotive,Indore,Small,Food Ingredients,5000.0,9,Critical,Referral,0,0.2645624955612112,26.45624955612112,Low
7919,Wholesale,Bengaluru,Small,Auto Parts,5746.18,10,High,Marketplace Search,0,0.26429205965877417,26.42920596587742,Low
16659,Wholesale,Hyderabad,Small,Textile Machinery,16898.12,4,Medium,Direct Inquiry,1,0.26421272964093057,26.421272964093056,Low
10174,Construction,Hyderabad,Small,Industrial Equipment,77938.53,30,Medium,Direct Inquiry,0,0.26407341582166544,26.407341582166545,Low
3451,Automotive,Delhi NCR,Micro,Packaging,5000.0,8,Low,Direct Inquiry,1,0.2640385237483481,26.40385237483481,Low
16271,Chemicals,Indore,Small,Textile Machinery,6826.43,9,Medium,Marketplace Search,1,0.2640012217911034,26.40012217911034,Low
11111,Wholesale,Hyderabad,Small,Construction Materials,12394.08,7,High,Organic Search,0,0.26386641223852986,26.386641223852987,Low
5113,Electronics,Ahmedabad,Medium,Packaging,5000.0,4,High,Organic Search,0,0.26374294661761005,26.374294661761006,Low
8441,Retail,Delhi NCR,Medium,Chemicals,11602.77,6,Medium,Referral,0,0.26373117787729855,26.373117787729853,Low
17683,Electronics,Hyderabad,Small,Steel & Metal,35559.83,8,Medium,Marketplace Search,1,0.2637247568213968,26.37247568213968,Low
14006,Electronics,Delhi NCR,Micro,Steel & Metal,17672.62,8,Medium,Referral,0,0.26370287824870975,26.370287824870974,Low
11040,Chemicals,Chennai,Micro,Food Ingredients,15016.26,7,Critical,Organic Search,0,0.26363025958465564,26.363025958465563,Low
7756,Manufacturing,Kolkata,Micro,Textile Machinery,5000.0,5,Low,Referral,0,0.263521779189533,26.352177918953302,Low
14089,Construction,Ahmedabad,Micro,Chemicals,36846.82,15,Medium,Marketplace Search,1,0.2633336688076214,26.33336688076214,Low
7548,Manufacturing,Hyderabad,Small,Steel & Metal,62150.69,43,Low,Marketplace Search,0,0.263311284343635,26.3311284343635,Low
1631,Electronics,Jaipur,Micro,Office Supplies,26057.29,50,High,Direct Inquiry,0,0.2629967754673758,26.29967754673758,Low
15253,Construction,Mumbai,Small,Auto Parts,5000.0,2,Low,Referral,1,0.2629128767623693,26.29128767623693,Low
4287,Construction,Bengaluru,Small,Chemicals,5824.15,4,Medium,Marketplace Search,0,0.26288703146609765,26.288703146609766,Low
10874,Chemicals,Mumbai,Medium,Chemicals,18437.72,14,Medium,Referral,0,0.2628225325746859,26.28225325746859,Low
19436,Pharmaceuticals,Delhi NCR,Small,Packaging,6162.32,14,Medium,Email Campaign,1,0.2627706403785198,26.277064037851982,Low
17240,Construction,Mumbai,Medium,Packaging,6258.41,7,Medium,Organic Search,1,0.2626548334656842,26.26548334656842,Low
19977,Retail,Jaipur,Large,Textile Machinery,5265.71,2,Medium,Marketplace Search,1,0.2625908696270872,26.25908696270872,Low
6420,Retail,Mumbai,Small,Food Ingredients,17401.26,19,High,Direct Inquiry,0,0.2623706854185879,26.23706854185879,Low
6742,Manufacturing,Bengaluru,Medium,Chemicals,92460.29,69,Low,Organic Search,0,0.2621285759389287,26.21285759389287,Low
2968,Automotive,Bengaluru,Small,Steel & Metal,5000.0,3,Medium,Direct Inquiry,1,0.26208543718452904,26.208543718452905,Low
3999,Construction,Chennai,Micro,Chemicals,6710.33,9,Medium,Organic Search,0,0.2620470815887039,26.20470815887039,Low
15503,Chemicals,Chennai,Small,Steel & Metal,8779.64,3,Low,Direct Inquiry,1,0.26196342869331696,26.196342869331694,Low
13035,Pharmaceuticals,Mumbai,Medium,Steel & Metal,22717.55,33,High,Marketplace Search,0,0.26192731318916807,26.192731318916806,Low
4860,Wholesale,Delhi NCR,Micro,Steel & Metal,55311.72,29,Medium,Paid Search,0,0.2619007543507139,26.190075435071392,Low
8172,Automotive,Bengaluru,Medium,Industrial Equipment,24256.45,11,Low,Referral,0,0.26186707841597373,26.18670784159737,Low
18389,Textiles,Indore,Medium,Chemicals,24551.29,15,Low,Referral,0,0.2617752147066684,26.177521470666843,Low
18118,Retail,Kolkata,Small,Food Ingredients,5000.0,3,Low,Referral,0,0.26174349112028356,26.174349112028356,Low
14675,Manufacturing,Hyderabad,Medium,Construction Materials,8178.18,8,Medium,Direct Inquiry,0,0.2615536070227579,26.155360702275786,Low
10529,Wholesale,Chennai,Micro,Office Supplies,10265.47,8,Medium,Referral,0,0.2614907890895893,26.149078908958927,Low
19467,Chemicals,Jaipur,Small,Chemicals,68947.72,33,Medium,Direct Inquiry,0,0.2614284369610805,26.14284369610805,Low
17732,Food & Beverage,Delhi NCR,Micro,Chemicals,24300.23,34,Medium,Organic Search,0,0.2613669414397328,26.136694143973283,Low
4967,Retail,Indore,Medium,Steel & Metal,14465.16,14,Medium,Marketplace Search,0,0.2611321558932955,26.113215589329553,Low
5777,Automotive,Indore,Large,Office Supplies,14839.14,28,High,Direct Inquiry,0,0.26102233037386274,26.102233037386274,Low
13680,Construction,Jaipur,Small,Packaging,10483.43,4,High,Marketplace Search,0,0.260962852185048,26.0962852185048,Low
151,Electronics,Jaipur,Small,Food Ingredients,43174.12,35,Low,Organic Search,0,0.2605364723519866,26.053647235198664,Low
8909,Construction,Kolkata,Medium,Electrical Components,8205.83,13,Medium,Direct Inquiry,0,0.2605329578684003,26.05329578684003,Low
10376,Automotive,Ahmedabad,Medium,Food Ingredients,5000.0,1,Low,Marketplace Search,1,0.2605322406563621,26.05322406563621,Low
744,Wholesale,Mumbai,Small,Industrial Equipment,6009.4,9,Medium,Marketplace Search,0,0.2604191574356569,26.041915743565692,Low
14441,Pharmaceuticals,Delhi NCR,Medium,Textile Machinery,19363.99,13,Medium,Paid Search,1,0.26030691426354075,26.030691426354075,Low
14028,Food & Beverage,Mumbai,Medium,Food Ingredients,5000.0,1,Low,Direct Inquiry,0,0.26027930682297246,26.027930682297246,Low
15105,Pharmaceuticals,Hyderabad,Small,Textile Machinery,5000.0,2,Low,Paid Search,1,0.2602721367598819,26.027213675988193,Low
7122,Chemicals,Bengaluru,Small,Chemicals,15296.65,10,High,Marketplace Search,0,0.2602105786710355,26.021057867103547,Low
15941,Pharmaceuticals,Mumbai,Small,Packaging,5000.0,7,Medium,Organic Search,0,0.26005160587014137,26.005160587014135,Low
14982,Electronics,Chennai,Medium,Construction Materials,13701.64,7,Low,Direct Inquiry,1,0.2600442185337527,26.00442185337527,Low
2178,Construction,Jaipur,Small,Construction Materials,5431.32,3,Medium,Organic Search,1,0.2599698269168749,25.996982691687492,Low
16808,Pharmaceuticals,Pune,Large,Chemicals,10887.25,7,Medium,Direct Inquiry,0,0.25955886248294996,25.955886248294995,Low
13270,Retail,Pune,Micro,Industrial Equipment,21449.14,7,Critical,Email Campaign,0,0.25950420415788356,25.950420415788354,Low
4082,Food & Beverage,Bengaluru,Micro,Steel & Metal,5000.0,2,Critical,Direct Inquiry,0,0.25931521736636354,25.931521736636356,Low
17681,Wholesale,Jaipur,Small,Office Supplies,5000.0,2,Medium,Organic Search,0,0.2592762303508951,25.92762303508951,Low
14469,Electronics,Pune,Medium,Office Supplies,11761.24,50,Medium,Direct Inquiry,0,0.2591600703553203,25.91600703553203,Low
9838,Textiles,Delhi NCR,Medium,Office Supplies,5095.46,8,High,Marketplace Search,0,0.25906788262450225,25.906788262450224,Low
18475,Construction,Indore,Large,Food Ingredients,5000.0,2,Low,Direct Inquiry,1,0.2585917301067293,25.859173010672933,Low
4914,Retail,Indore,Micro,Industrial Equipment,8462.22,8,Low,Referral,0,0.25852945588968596,25.852945588968595,Low
5601,Manufacturing,Bengaluru,Small,Auto Parts,14922.96,9,High,Direct Inquiry,0,0.25828336672618923,25.828336672618924,Low
6124,Manufacturing,Chennai,Large,Industrial Equipment,23234.77,11,Medium,Direct Inquiry,0,0.2580086221004392,25.800862210043917,Low
13162,Textiles,Delhi NCR,Medium,Textile Machinery,16592.94,9,High,Email Campaign,0,0.25798944699960424,25.798944699960423,Low
3751,Wholesale,Jaipur,Micro,Electrical Components,7645.95,8,Medium,Referral,0,0.257950666043506,25.795066604350602,Low
17360,Chemicals,Jaipur,Small,Industrial Equipment,6945.52,2,Medium,Marketplace Search,0,0.257943529251656,25.794352925165597,Low
10048,Chemicals,Indore,Medium,Packaging,15135.74,25,Medium,Referral,0,0.25763717086015453,25.763717086015454,Low
17739,Automotive,Delhi NCR,Medium,Construction Materials,6563.39,4,Low,Organic Search,0,0.2576058822323547,25.76058822323547,Low
5273,Textiles,Pune,Micro,Office Supplies,5655.34,7,High,Paid Search,0,0.2575809601558114,25.75809601558114,Low
3734,Construction,Chennai,Small,Chemicals,10697.89,8,Medium,Organic Search,0,0.25738470911149436,25.738470911149435,Low
1431,Automotive,Delhi NCR,Medium,Chemicals,20319.08,16,Medium,Email Campaign,0,0.25697745865362476,25.697745865362474,Low
17613,Automotive,Delhi NCR,Small,Office Supplies,8311.41,9,Medium,Marketplace Search,0,0.256841726262496,25.6841726262496,Low
10756,Textiles,Pune,Micro,Industrial Equipment,10177.66,12,High,Referral,0,0.2564453131635055,25.644531316350548,Low
2436,Automotive,Hyderabad,Micro,Textile Machinery,5747.44,5,High,Organic Search,0,0.25642812207171506,25.642812207171506,Low
9653,Pharmaceuticals,Mumbai,Small,Textile Machinery,25166.05,12,High,Marketplace Search,0,0.256080498625833,25.6080498625833,Low
7866,Manufacturing,Jaipur,Medium,Steel & Metal,5000.0,2,Medium,Organic Search,1,0.25595512304022666,25.595512304022666,Low
8230,Construction,Indore,Micro,Food Ingredients,5000.0,4,High,Paid Search,0,0.25575484491236583,25.575484491236583,Low
13812,Pharmaceuticals,Kolkata,Small,Office Supplies,5000.0,3,High,Marketplace Search,0,0.2557459386285304,25.57459386285304,Low
17431,Construction,Bengaluru,Micro,Electrical Components,24397.22,12,High,Referral,0,0.2556130104943152,25.561301049431517,Low
8091,Manufacturing,Delhi NCR,Medium,Electrical Components,9362.02,8,Medium,Organic Search,1,0.25561296747045115,25.561296747045116,Low
10455,Food & Beverage,Ahmedabad,Micro,Office Supplies,5000.0,7,Medium,Paid Search,0,0.255510371642139,25.551037164213902,Low
6871,Automotive,Mumbai,Small,Office Supplies,5224.35,9,Low,Marketplace Search,1,0.2555066063788722,25.55066063788722,Low
10933,Wholesale,Jaipur,Large,Food Ingredients,16310.69,7,Low,Paid Search,1,0.2554790833660881,25.54790833660881,Low
7158,Construction,Mumbai,Small,Auto Parts,12251.15,6,Medium,Marketplace Search,1,0.2552362911950495,25.52362911950495,Low
504,Automotive,Mumbai,Small,Food Ingredients,21341.03,33,Medium,Marketplace Search,0,0.25501904508996864,25.501904508996866,Low
6756,Textiles,Pune,Micro,Office Supplies,9620.66,6,Medium,Marketplace Search,1,0.25496132944988603,25.496132944988602,Low
3248,Electronics,Hyderabad,Micro,Auto Parts,20725.7,15,High,Email Campaign,0,0.2548976488011989,25.489764880119893,Low
17379,Wholesale,Ahmedabad,Medium,Steel & Metal,19064.41,11,Medium,Marketplace Search,0,0.25469810319752983,25.469810319752984,Low
2450,Pharmaceuticals,Hyderabad,Small,Food Ingredients,43865.64,31,High,Marketplace Search,0,0.25463946989800695,25.463946989800696,Low
9759,Construction,Bengaluru,Small,Steel & Metal,9020.96,4,High,Referral,0,0.2539076056082759,25.39076056082759,Low
3527,Manufacturing,Delhi NCR,Medium,Electrical Components,10972.32,10,High,Email Campaign,0,0.25376258827327486,25.376258827327487,Low
15517,Automotive,Hyderabad,Small,Food Ingredients,23002.93,20,Low,Marketplace Search,1,0.25368459751080047,25.368459751080046,Low
13648,Manufacturing,Jaipur,Micro,Construction Materials,18370.17,23,Medium,Direct Inquiry,0,0.25365023343315585,25.365023343315585,Low
9196,Automotive,Jaipur,Medium,Auto Parts,9205.3,4,Low,Marketplace Search,1,0.25338551428745004,25.338551428745003,Low
5295,Automotive,Bengaluru,Micro,Construction Materials,6406.38,6,Medium,Organic Search,1,0.2533650473396041,25.336504733960407,Low
15943,Food & Beverage,Ahmedabad,Large,Textile Machinery,6140.84,3,Low,Paid Search,1,0.2533342380172418,25.33342380172418,Low
6681,Electronics,Kolkata,Medium,Food Ingredients,12958.97,11,Low,Email Campaign,0,0.2532117909898383,25.32117909898383,Low
8333,Automotive,Jaipur,Medium,Construction Materials,5000.0,3,Medium,Direct Inquiry,0,0.2531736804331464,25.31736804331464,Low
15487,Automotive,Indore,Small,Textile Machinery,7807.55,4,High,Referral,0,0.2529214213701725,25.292142137017247,Low
15342,Automotive,Pune,Medium,Food Ingredients,26015.67,21,Critical,Marketplace Search,0,0.25265747950769996,25.265747950769995,Low
8789,Textiles,Chennai,Small,Electrical Components,15187.03,11,Medium,Marketplace Search,0,0.25263794992694477,25.26379499269448,Low
12508,Textiles,Mumbai,Micro,Auto Parts,24491.12,15,Medium,Email Campaign,1,0.2524604999454371,25.24604999454371,Low
7054,Manufacturing,Pune,Small,Auto Parts,28509.54,39,Low,Direct Inquiry,0,0.25235092299409134,25.235092299409136,Low
14404,Electronics,Mumbai,Micro,Packaging,5000.0,4,Low,Organic Search,0,0.2522608132593089,25.22608132593089,Low
11181,Manufacturing,Indore,Micro,Auto Parts,5000.0,3,Low,Marketplace Search,1,0.25193874401683963,25.193874401683964,Low
3081,Manufacturing,Kolkata,Micro,Packaging,29797.13,27,Low,Referral,0,0.25166588715095206,25.166588715095205,Low
14924,Manufacturing,Delhi NCR,Small,Steel & Metal,5000.0,1,High,Paid Search,0,0.25160197417668395,25.160197417668396,Low
22,Chemicals,Hyderabad,Small,Steel & Metal,7009.16,4,High,Paid Search,0,0.2514199527570184,25.141995275701838,Low
16116,Construction,Bengaluru,Micro,Food Ingredients,5000.0,4,Low,Direct Inquiry,1,0.25141761241955657,25.141761241955656,Low
18438,Construction,Indore,Large,Industrial Equipment,13836.08,2,Medium,Email Campaign,1,0.25140022502817766,25.140022502817764,Low
13156,Wholesale,Hyderabad,Medium,Textile Machinery,78878.64,22,Medium,Referral,0,0.2511713226089446,25.117132260894458,Low
17054,Wholesale,Jaipur,Small,Packaging,44389.63,17,Medium,Direct Inquiry,0,0.2511559689019124,25.115596890191238,Low
11004,Food & Beverage,Pune,Micro,Construction Materials,5000.0,4,Medium,Paid Search,1,0.25108412956051235,25.108412956051236,Low
12579,Wholesale,Mumbai,Small,Textile Machinery,5000.0,2,Medium,Organic Search,1,0.2509726811275905,25.097268112759053,Low
6212,Retail,Hyderabad,Small,Office Supplies,19589.64,36,Medium,Email Campaign,1,0.250900362182977,25.0900362182977,Low
17785,Construction,Delhi NCR,Medium,Electrical Components,38229.61,28,Medium,Organic Search,0,0.2506232684173137,25.06232684173137,Low
6942,Automotive,Ahmedabad,Small,Steel & Metal,17830.72,11,Low,Direct Inquiry,0,0.2505712829356595,25.05712829356595,Low
81,Wholesale,Indore,Small,Textile Machinery,50817.94,30,High,Marketplace Search,0,0.2504734059347528,25.04734059347528,Low
13988,Textiles,Delhi NCR,Large,Construction Materials,5000.0,2,Medium,Referral,1,0.2503920146713133,25.039201467131328,Low
2042,Pharmaceuticals,Mumbai,Large,Textile Machinery,5000.0,6,High,Referral,0,0.2503508406768395,25.03508406768395,Low
3981,Wholesale,Delhi NCR,Small,Electrical Components,5000.0,2,Low,Referral,0,0.2503343842034238,25.033438420342378,Low
18884,Retail,Pune,Small,Electrical Components,34210.66,21,Medium,Email Campaign,0,0.2503309842522405,25.033098425224047,Low
9207,Wholesale,Chennai,Medium,Food Ingredients,12320.89,24,Low,Email Campaign,0,0.2501031065816916,25.01031065816916,Low
10992,Automotive,Delhi NCR,Large,Auto Parts,33201.68,9,Medium,Direct Inquiry,0,0.25001604685528167,25.001604685528168,Low
18445,Manufacturing,Delhi NCR,Small,Steel & Metal,29562.83,14,Low,Paid Search,0,0.24952463310002562,24.952463310002564,Low
19461,Textiles,Ahmedabad,Small,Construction Materials,5000.0,3,Medium,Organic Search,0,0.24934279788917707,24.934279788917706,Low
1952,Food & Beverage,Ahmedabad,Micro,Textile Machinery,14656.88,8,High,Paid Search,0,0.24932907425453366,24.932907425453365,Low
11247,Wholesale,Bengaluru,Medium,Textile Machinery,5000.0,1,High,Marketplace Search,0,0.24931607499841751,24.93160749984175,Low
13484,Retail,Ahmedabad,Small,Construction Materials,8398.58,2,Low,Referral,0,0.24900512859010346,24.900512859010345,Low
13365,Construction,Kolkata,Small,Auto Parts,5000.0,3,High,Marketplace Search,0,0.24899754179554057,24.89975417955406,Low
7470,Construction,Indore,Small,Industrial Equipment,72133.6,16,High,Direct Inquiry,0,0.2487988044334838,24.87988044334838,Low
4063,Automotive,Pune,Micro,Industrial Equipment,18813.12,6,Critical,Direct Inquiry,0,0.24875279030269362,24.87527903026936,Low
14444,Automotive,Chennai,Micro,Office Supplies,11215.98,15,Medium,Organic Search,1,0.24870634588043988,24.870634588043988,Low
4871,Construction,Bengaluru,Medium,Electrical Components,5000.0,3,Medium,Direct Inquiry,0,0.2486807198783529,24.86807198783529,Low
19592,Retail,Chennai,Medium,Packaging,5949.25,6,High,Marketplace Search,0,0.24852033516639502,24.8520335166395,Low
2060,Chemicals,Ahmedabad,Medium,Auto Parts,5000.0,3,Low,Paid Search,1,0.24833917518498266,24.833917518498268,Low
8532,Construction,Chennai,Medium,Packaging,9000.45,4,Critical,Organic Search,0,0.24828168829031333,24.828168829031334,Low
10461,Pharmaceuticals,Jaipur,Medium,Industrial Equipment,22422.9,16,High,Marketplace Search,0,0.24786898770311555,24.786898770311556,Low
14377,Automotive,Bengaluru,Small,Electrical Components,75150.45,51,Medium,Marketplace Search,0,0.2478053197193137,24.780531971931367,Low
1771,Food & Beverage,Pune,Micro,Construction Materials,5000.0,3,Critical,Paid Search,0,0.24769245872488654,24.769245872488654,Low
9187,Automotive,Jaipur,Small,Industrial Equipment,20475.81,11,Low,Direct Inquiry,1,0.2476287658347669,24.76287658347669,Low
12496,Wholesale,Jaipur,Micro,Packaging,5000.0,4,Low,Direct Inquiry,0,0.24738039968615783,24.738039968615784,Low
9024,Food & Beverage,Hyderabad,Medium,Textile Machinery,20591.54,11,High,Marketplace Search,0,0.24727726401628594,24.727726401628594,Low
560,Manufacturing,Delhi NCR,Small,Industrial Equipment,5000.0,2,High,Marketplace Search,0,0.24711776246060332,24.71177624606033,Low
8002,Construction,Pune,Small,Textile Machinery,13005.12,10,Medium,Marketplace Search,0,0.24708202315998573,24.708202315998573,Low
17707,Construction,Indore,Small,Electrical Components,5000.0,5,High,Marketplace Search,0,0.24705448822080947,24.705448822080946,Low
8328,Textiles,Delhi NCR,Micro,Auto Parts,61007.35,22,High,Paid Search,0,0.2466539836457605,24.66539836457605,Low
7047,Retail,Hyderabad,Small,Chemicals,29242.65,23,Medium,Marketplace Search,0,0.24663713050819153,24.66371305081915,Low
11262,Automotive,Ahmedabad,Small,Packaging,7059.66,3,Medium,Referral,0,0.24659853679405647,24.659853679405646,Low
9015,Textiles,Mumbai,Micro,Food Ingredients,6817.36,12,Medium,Email Campaign,1,0.2465940673271141,24.65940673271141,Low
5769,Food & Beverage,Delhi NCR,Medium,Industrial Equipment,5000.0,2,High,Referral,0,0.2464817940747468,24.64817940747468,Low
17644,Construction,Pune,Micro,Construction Materials,5000.0,6,High,Direct Inquiry,1,0.24625767173806698,24.625767173806697,Low
7004,Electronics,Delhi NCR,Micro,Office Supplies,10251.33,20,Medium,Referral,0,0.2462371347043138,24.62371347043138,Low
18195,Wholesale,Pune,Micro,Steel & Metal,14953.37,4,Medium,Marketplace Search,0,0.24614799008434504,24.614799008434503,Low
3783,Construction,Indore,Large,Auto Parts,5000.0,3,Medium,Paid Search,0,0.24583794289791575,24.583794289791573,Low
19298,Retail,Kolkata,Small,Chemicals,29496.55,14,Low,Direct Inquiry,0,0.24562265974127434,24.562265974127435,Low
9365,Construction,Chennai,Medium,Construction Materials,14027.25,6,Low,Organic Search,0,0.24550451441176405,24.550451441176406,Low
16552,Food & Beverage,Indore,Small,Construction Materials,35006.82,9,Low,Marketplace Search,0,0.24550402282712253,24.550402282712252,Low
1235,Manufacturing,Jaipur,Medium,Industrial Equipment,25847.2,15,Medium,Organic Search,0,0.2452295343652906,24.52295343652906,Low
7005,Wholesale,Delhi NCR,Micro,Industrial Equipment,5000.0,1,High,Organic Search,0,0.24474584772754557,24.474584772754557,Low
9076,Textiles,Mumbai,Medium,Industrial Equipment,5000.0,2,High,Paid Search,0,0.24427647530921942,24.42764753092194,Low
2177,Textiles,Jaipur,Micro,Office Supplies,5000.0,10,Medium,Marketplace Search,1,0.24401667132805474,24.401667132805475,Low
19246,Manufacturing,Bengaluru,Medium,Electrical Components,26678.05,14,Medium,Marketplace Search,0,0.2440159379591642,24.40159379591642,Low
16205,Automotive,Jaipur,Micro,Construction Materials,8093.55,19,Low,Referral,0,0.243996668638798,24.399666863879798,Low
9725,Textiles,Indore,Medium,Electrical Components,5000.0,5,Medium,Email Campaign,0,0.24381785802931155,24.381785802931155,Low
14540,Textiles,Mumbai,Large,Construction Materials,5000.0,2,Medium,Marketplace Search,1,0.24346346393979892,24.346346393979893,Low
13064,Retail,Ahmedabad,Micro,Office Supplies,5000.0,3,Medium,Referral,0,0.24335334752851515,24.335334752851516,Low
8618,Construction,Chennai,Micro,Construction Materials,7886.55,9,High,Direct Inquiry,0,0.24333646251622384,24.333646251622383,Low
11199,Manufacturing,Indore,Small,Steel & Metal,5000.0,9,High,Paid Search,0,0.24329490693692857,24.329490693692858,Low
9311,Automotive,Ahmedabad,Micro,Auto Parts,5000.0,3,Medium,Marketplace Search,1,0.24324600278215605,24.324600278215605,Low
776,Automotive,Indore,Small,Auto Parts,5000.0,3,Low,Direct Inquiry,1,0.24316541184950322,24.31654118495032,Low
8159,Retail,Hyderabad,Small,Construction Materials,18204.99,25,Critical,Email Campaign,0,0.24315251434203844,24.315251434203844,Low
8887,Automotive,Hyderabad,Micro,Steel & Metal,5000.0,5,Low,Email Campaign,1,0.24302362960388943,24.302362960388944,Low
7636,Wholesale,Jaipur,Large,Textile Machinery,44327.52,7,Low,Email Campaign,1,0.24285970556213396,24.285970556213396,Low
635,Manufacturing,Hyderabad,Small,Food Ingredients,11198.51,14,Medium,Referral,0,0.24285779642911554,24.285779642911553,Low
5127,Construction,Mumbai,Micro,Textile Machinery,5503.93,3,Medium,Email Campaign,1,0.24274286931431255,24.274286931431256,Low
9868,Construction,Ahmedabad,Medium,Chemicals,23917.43,17,Low,Organic Search,0,0.242424396584759,24.242439658475902,Low
17949,Electronics,Bengaluru,Small,Industrial Equipment,9903.56,4,Medium,Marketplace Search,1,0.24235915556930684,24.235915556930685,Low
15604,Automotive,Pune,Small,Packaging,20975.16,43,Low,Direct Inquiry,0,0.2423077114200318,24.230771142003178,Low
11803,Food & Beverage,Mumbai,Small,Office Supplies,47817.44,47,Critical,Marketplace Search,0,0.24229009082554628,24.22900908255463,Low
10247,Retail,Jaipur,Large,Chemicals,23622.66,10,Medium,Paid Search,0,0.24228262566760203,24.228262566760204,Low
4851,Food & Beverage,Indore,Small,Electrical Components,10060.71,19,Critical,Marketplace Search,0,0.2419133182888978,24.19133182888978,Low
8062,Automotive,Chennai,Small,Office Supplies,9205.75,6,Low,Marketplace Search,0,0.2418176137847041,24.18176137847041,Low
18943,Automotive,Bengaluru,Medium,Steel & Metal,41774.11,13,Medium,Organic Search,0,0.24165057523094197,24.165057523094198,Low
14814,Manufacturing,Hyderabad,Micro,Office Supplies,5000.0,4,Low,Organic Search,1,0.24156098953772756,24.156098953772755,Low
19794,Textiles,Delhi NCR,Large,Food Ingredients,15038.33,8,Medium,Paid Search,0,0.2414873526494786,24.14873526494786,Low
11733,Manufacturing,Hyderabad,Medium,Construction Materials,27910.01,11,Medium,Paid Search,0,0.24147016686860182,24.14701668686018,Low
17388,Automotive,Chennai,Large,Food Ingredients,5000.0,3,Low,Organic Search,0,0.24139542506096034,24.139542506096035,Low
8852,Manufacturing,Ahmedabad,Micro,Steel & Metal,5593.24,2,Low,Direct Inquiry,0,0.24137934725488328,24.13793472548833,Low
7543,Chemicals,Mumbai,Large,Textile Machinery,5000.0,3,Low,Direct Inquiry,1,0.2412973165922101,24.129731659221008,Low
691,Electronics,Indore,Large,Office Supplies,5000.0,4,Medium,Marketplace Search,1,0.24114648007543465,24.114648007543465,Low
6150,Textiles,Pune,Micro,Auto Parts,5000.0,3,Low,Referral,0,0.24084804129005216,24.084804129005217,Low
10317,Wholesale,Delhi NCR,Medium,Chemicals,15087.78,5,Medium,Direct Inquiry,0,0.24084284798735486,24.084284798735485,Low
19797,Construction,Ahmedabad,Medium,Steel & Metal,16357.19,10,High,Direct Inquiry,0,0.24073966249862783,24.07396624986278,Low
4498,Textiles,Chennai,Micro,Chemicals,5000.0,5,High,Referral,0,0.2403928208300065,24.03928208300065,Low
7517,Pharmaceuticals,Bengaluru,Medium,Construction Materials,5000.0,2,Medium,Email Campaign,0,0.24015309184412906,24.015309184412907,Low
3705,Manufacturing,Mumbai,Micro,Packaging,5000.0,10,Medium,Organic Search,0,0.23998491369958083,23.99849136995808,Low
11076,Manufacturing,Ahmedabad,Small,Food Ingredients,5000.0,3,Medium,Paid Search,0,0.2399529777269723,23.99529777269723,Low
17410,Food & Beverage,Chennai,Micro,Construction Materials,28770.44,8,Medium,Marketplace Search,0,0.23984662298896242,23.984662298896243,Low
19272,Food & Beverage,Ahmedabad,Medium,Packaging,6937.23,7,Medium,Organic Search,0,0.239778273837003,23.9778273837003,Low
1893,Manufacturing,Hyderabad,Small,Steel & Metal,5000.0,1,High,Direct Inquiry,0,0.2395742360636377,23.95742360636377,Low
14246,Automotive,Chennai,Medium,Packaging,22063.03,12,Low,Paid Search,0,0.23948195243644232,23.948195243644232,Low
14442,Manufacturing,Hyderabad,Small,Chemicals,6239.5,8,Low,Marketplace Search,1,0.2390005731612733,23.90005731612733,Low
602,Electronics,Hyderabad,Large,Packaging,26695.19,18,High,Direct Inquiry,0,0.23884251218478994,23.884251218478994,Low
5774,Construction,Ahmedabad,Micro,Office Supplies,12705.19,30,Medium,Direct Inquiry,0,0.23863053537023332,23.863053537023333,Low
14750,Construction,Chennai,Medium,Electrical Components,59143.44,27,Medium,Marketplace Search,0,0.2384698049903517,23.84698049903517,Low
2002,Chemicals,Jaipur,Small,Office Supplies,5000.0,4,High,Direct Inquiry,0,0.23827757949050513,23.82775794905051,Low
2943,Construction,Ahmedabad,Small,Office Supplies,5000.0,4,Medium,Direct Inquiry,1,0.2380131521574263,23.80131521574263,Low
2663,Construction,Delhi NCR,Medium,Electrical Components,19812.91,6,Medium,Organic Search,0,0.2376634183253586,23.766341832535858,Low
3455,Food & Beverage,Jaipur,Medium,Steel & Metal,5000.0,1,Low,Marketplace Search,0,0.2376488144721568,23.76488144721568,Low
235,Textiles,Delhi NCR,Micro,Electrical Components,5000.0,1,Medium,Marketplace Search,1,0.23761678332074943,23.761678332074943,Low
5104,Textiles,Delhi NCR,Micro,Packaging,5000.0,7,Medium,Organic Search,0,0.23760657376442898,23.760657376442897,Low
3976,Manufacturing,Mumbai,Medium,Steel & Metal,14620.6,9,Medium,Email Campaign,1,0.2375724111978347,23.75724111978347,Low
5224,Wholesale,Kolkata,Micro,Packaging,5000.0,7,Low,Email Campaign,0,0.2373598015482754,23.73598015482754,Low
2600,Wholesale,Ahmedabad,Medium,Electrical Components,5000.0,3,High,Marketplace Search,0,0.2368199569627043,23.68199569627043,Low
9388,Construction,Chennai,Small,Auto Parts,5000.0,1,Medium,Paid Search,0,0.23651268222605504,23.651268222605502,Low
7926,Construction,Mumbai,Small,Steel & Metal,26347.61,9,Medium,Paid Search,1,0.23628668453655377,23.628668453655376,Low
10484,Construction,Pune,Medium,Textile Machinery,15469.78,3,Medium,Organic Search,0,0.23615024109220703,23.615024109220702,Low
16681,Automotive,Ahmedabad,Medium,Food Ingredients,5000.0,11,High,Direct Inquiry,0,0.23614603541771578,23.61460354177158,Low
13863,Wholesale,Kolkata,Small,Construction Materials,15577.58,13,Low,Organic Search,0,0.23588261717708017,23.58826171770802,Low
4504,Manufacturing,Mumbai,Large,Auto Parts,16184.74,14,Low,Marketplace Search,0,0.23557475490425767,23.557475490425766,Low
10714,Automotive,Mumbai,Medium,Packaging,8537.9,10,Medium,Organic Search,0,0.23548212275269445,23.548212275269446,Low
10755,Wholesale,Jaipur,Small,Office Supplies,5000.0,6,High,Organic Search,0,0.2354320561519497,23.54320561519497,Low
12294,Pharmaceuticals,Kolkata,Micro,Construction Materials,6943.23,2,Low,Marketplace Search,0,0.23542527547969522,23.54252754796952,Low
16521,Construction,Mumbai,Small,Steel & Metal,10815.4,7,High,Marketplace Search,0,0.2351159766482379,23.511597664823793,Low
9994,Retail,Bengaluru,Micro,Textile Machinery,9093.86,11,Low,Marketplace Search,0,0.23504494642598975,23.504494642598974,Low
19919,Electronics,Indore,Micro,Textile Machinery,30995.76,23,High,Organic Search,0,0.23481250804846218,23.48125080484622,Low
11344,Pharmaceuticals,Mumbai,Micro,Chemicals,7749.36,7,Low,Marketplace Search,0,0.23460282266890853,23.460282266890854,Low
8309,Chemicals,Pune,Medium,Auto Parts,5000.0,4,Medium,Organic Search,0,0.2345989112931902,23.45989112931902,Low
2917,Textiles,Ahmedabad,Small,Steel & Metal,8483.44,6,Medium,Direct Inquiry,0,0.2345433942951158,23.45433942951158,Low
17242,Manufacturing,Kolkata,Small,Packaging,5000.0,8,Medium,Marketplace Search,0,0.2345232339558477,23.45232339558477,Low
13894,Construction,Pune,Large,Packaging,5000.0,2,High,Paid Search,0,0.23385125820461203,23.3851258204612,Low
13228,Construction,Indore,Micro,Auto Parts,21337.92,20,High,Referral,0,0.23382108389225173,23.382108389225174,Low
983,Wholesale,Hyderabad,Micro,Auto Parts,8434.83,11,Medium,Paid Search,0,0.23378274478054603,23.378274478054603,Low
18609,Electronics,Delhi NCR,Small,Construction Materials,5000.0,4,Medium,Marketplace Search,1,0.23366941163554866,23.366941163554866,Low
15169,Pharmaceuticals,Jaipur,Medium,Industrial Equipment,20859.33,10,High,Marketplace Search,0,0.23330763166632035,23.330763166632035,Low
18540,Food & Beverage,Indore,Micro,Textile Machinery,49227.26,18,Medium,Direct Inquiry,0,0.23314693350545163,23.314693350545163,Low
11494,Pharmaceuticals,Delhi NCR,Small,Food Ingredients,5000.0,8,Medium,Direct Inquiry,0,0.23286144961690172,23.286144961690173,Low
9243,Construction,Bengaluru,Small,Auto Parts,9535.34,4,High,Marketplace Search,0,0.23280748621691738,23.28074862169174,Low
9372,Pharmaceuticals,Delhi NCR,Small,Food Ingredients,7848.47,20,Low,Marketplace Search,0,0.2325412109634697,23.25412109634697,Low
4674,Pharmaceuticals,Bengaluru,Micro,Electrical Components,35327.75,21,Medium,Direct Inquiry,0,0.2323895711992502,23.23895711992502,Low
8497,Electronics,Hyderabad,Medium,Textile Machinery,5000.0,3,Critical,Marketplace Search,0,0.23235616017932856,23.235616017932855,Low
5153,Construction,Chennai,Medium,Chemicals,5000.0,3,Medium,Referral,0,0.23217878572267425,23.217878572267423,Low
14081,Manufacturing,Jaipur,Micro,Auto Parts,30679.38,8,Low,Organic Search,0,0.23209017554498937,23.20901755449894,Low
11784,Pharmaceuticals,Mumbai,Medium,Textile Machinery,44975.34,17,High,Organic Search,0,0.23204345499673373,23.204345499673373,Low
10941,Electronics,Indore,Small,Food Ingredients,29255.19,26,Medium,Marketplace Search,0,0.2320381127951681,23.20381127951681,Low
17770,Electronics,Chennai,Medium,Construction Materials,5162.61,5,Medium,Marketplace Search,0,0.231897140740469,23.1897140740469,Low
15194,Automotive,Jaipur,Micro,Chemicals,7443.09,22,Low,Referral,0,0.23184037660018378,23.18403766001838,Low
15557,Construction,Bengaluru,Medium,Food Ingredients,5000.0,1,Low,Referral,0,0.2318386535430379,23.18386535430379,Low
19712,Automotive,Ahmedabad,Micro,Office Supplies,5000.0,1,Medium,Organic Search,0,0.23159467082555144,23.159467082555143,Low
17034,Retail,Ahmedabad,Micro,Office Supplies,5484.96,22,Low,Marketplace Search,0,0.231415400820279,23.141540082027902,Low
3118,Construction,Indore,Micro,Construction Materials,12327.64,19,Medium,Marketplace Search,0,0.23094564217093486,23.094564217093485,Low
10629,Automotive,Ahmedabad,Medium,Food Ingredients,36636.25,21,Medium,Organic Search,0,0.23070497134290788,23.070497134290786,Low
5215,Wholesale,Jaipur,Micro,Electrical Components,13880.79,18,Medium,Referral,0,0.23063770943277812,23.063770943277813,Low
10612,Electronics,Indore,Medium,Packaging,11516.06,15,Low,Direct Inquiry,0,0.23055522610035545,23.055522610035545,Low
16533,Electronics,Delhi NCR,Micro,Office Supplies,10667.98,33,Medium,Referral,0,0.23050624805714742,23.050624805714744,Low
3767,Retail,Indore,Medium,Electrical Components,5000.0,8,Medium,Marketplace Search,0,0.2304215435041817,23.04215435041817,Low
18571,Automotive,Kolkata,Large,Chemicals,48130.92,25,High,Marketplace Search,0,0.23013870037653308,23.01387003765331,Low
7006,Textiles,Kolkata,Medium,Steel & Metal,9172.74,7,Medium,Referral,0,0.22930293042135574,22.930293042135574,Low
8632,Manufacturing,Kolkata,Medium,Chemicals,17898.43,10,Critical,Paid Search,0,0.2292242477348899,22.922424773488988,Low
615,Food & Beverage,Bengaluru,Micro,Steel & Metal,8284.8,3,Medium,Email Campaign,0,0.22905040419520548,22.905040419520546,Low
1942,Wholesale,Mumbai,Micro,Packaging,5000.0,3,Low,Referral,0,0.22903039221590057,22.903039221590056,Low
5682,Construction,Ahmedabad,Small,Chemicals,9521.69,9,Medium,Direct Inquiry,0,0.22879626287086724,22.879626287086722,Low
19293,Manufacturing,Ahmedabad,Medium,Office Supplies,9404.75,8,Low,Marketplace Search,1,0.228689682314694,22.8689682314694,Low
11071,Manufacturing,Pune,Small,Office Supplies,5000.0,3,Medium,Organic Search,0,0.22868095274771402,22.868095274771402,Low
10622,Electronics,Chennai,Small,Steel & Metal,11418.69,8,Medium,Referral,0,0.2284822470112865,22.84822470112865,Low
325,Pharmaceuticals,Chennai,Small,Textile Machinery,5000.0,2,Medium,Organic Search,0,0.22837527439404748,22.83752743940475,Low
17161,Pharmaceuticals,Jaipur,Medium,Textile Machinery,6485.58,7,Medium,Direct Inquiry,0,0.22821651033783116,22.821651033783116,Low
3079,Construction,Delhi NCR,Small,Auto Parts,5000.0,4,Low,Organic Search,0,0.2279432391901772,22.79432391901772,Low
15931,Wholesale,Delhi NCR,Medium,Packaging,5000.0,4,Medium,Paid Search,0,0.22789685377123572,22.789685377123572,Low
3963,Construction,Pune,Medium,Food Ingredients,17463.78,11,Medium,Organic Search,0,0.2277529058422929,22.77529058422929,Low
497,Pharmaceuticals,Delhi NCR,Large,Textile Machinery,20447.99,5,Medium,Email Campaign,0,0.22763558844169565,22.763558844169566,Low
12822,Manufacturing,Pune,Small,Textile Machinery,60387.19,29,Medium,Direct Inquiry,0,0.22755468097967085,22.755468097967086,Low
3025,Manufacturing,Indore,Small,Food Ingredients,43947.36,15,Low,Paid Search,0,0.22713662835715917,22.713662835715915,Low
4211,Retail,Indore,Micro,Electrical Components,8430.66,13,Critical,Paid Search,0,0.22663570815390155,22.663570815390155,Low
4957,Construction,Chennai,Small,Office Supplies,5764.08,8,Low,Marketplace Search,0,0.2265853049442154,22.658530494421537,Low
11133,Chemicals,Delhi NCR,Medium,Construction Materials,5000.0,3,Medium,Direct Inquiry,0,0.22658205937482542,22.658205937482542,Low
19097,Wholesale,Mumbai,Micro,Food Ingredients,5000.0,1,Medium,Direct Inquiry,0,0.22653462845491312,22.653462845491312,Low
2243,Construction,Bengaluru,Micro,Electrical Components,15232.93,14,Medium,Marketplace Search,0,0.2264651732216571,22.64651732216571,Low
10504,Food & Beverage,Hyderabad,Small,Packaging,24874.01,10,Medium,Marketplace Search,0,0.22642181643337997,22.642181643337995,Low
8874,Manufacturing,Pune,Large,Textile Machinery,7331.91,5,High,Paid Search,0,0.22617212581301835,22.617212581301835,Low
7363,Textiles,Delhi NCR,Small,Packaging,5000.0,2,Critical,Organic Search,0,0.22580892564932364,22.580892564932363,Low
14605,Textiles,Hyderabad,Medium,Steel & Metal,22890.9,7,Low,Direct Inquiry,1,0.22576544847963778,22.576544847963778,Low
19315,Manufacturing,Chennai,Medium,Industrial Equipment,5000.0,3,High,Paid Search,0,0.2253893173509517,22.53893173509517,Low
12495,Electronics,Hyderabad,Medium,Auto Parts,9884.31,12,Low,Paid Search,0,0.2253578750481929,22.53578750481929,Low
5110,Construction,Indore,Medium,Office Supplies,5000.0,7,Medium,Marketplace Search,1,0.22526209830217195,22.526209830217194,Low
18217,Construction,Delhi NCR,Small,Chemicals,31401.24,19,Low,Email Campaign,0,0.2250455109806593,22.50455109806593,Low
15567,Automotive,Ahmedabad,Large,Industrial Equipment,65381.81,16,High,Marketplace Search,0,0.2250360767797051,22.50360767797051,Low
6263,Food & Beverage,Kolkata,Small,Steel & Metal,8564.53,5,Low,Direct Inquiry,0,0.22488814621285816,22.488814621285815,Low
3858,Food & Beverage,Delhi NCR,Small,Electrical Components,18075.75,23,Low,Marketplace Search,0,0.22483709142255384,22.483709142255385,Low
12286,Automotive,Delhi NCR,Medium,Electrical Components,40198.34,14,Medium,Paid Search,0,0.22476862703081407,22.47686270308141,Low
7253,Automotive,Delhi NCR,Medium,Office Supplies,5000.0,7,Medium,Referral,0,0.22451652442936343,22.451652442936343,Low
18281,Retail,Jaipur,Small,Food Ingredients,6513.47,8,High,Marketplace Search,0,0.22431224577972556,22.431224577972557,Low
1767,Manufacturing,Delhi NCR,Small,Steel & Metal,5000.0,2,High,Paid Search,0,0.2242994675314368,22.429946753143682,Low
1688,Automotive,Chennai,Medium,Food Ingredients,8172.94,7,Medium,Organic Search,0,0.2238202065358279,22.382020653582792,Low
14280,Wholesale,Indore,Micro,Construction Materials,8185.38,9,Low,Direct Inquiry,1,0.22362162418077594,22.362162418077595,Low
1292,Automotive,Bengaluru,Small,Auto Parts,5000.0,2,High,Email Campaign,0,0.22340396371951546,22.340396371951545,Low
18054,Manufacturing,Delhi NCR,Large,Packaging,12363.46,9,High,Email Campaign,0,0.22326329303341366,22.326329303341367,Low
6701,Pharmaceuticals,Ahmedabad,Small,Steel & Metal,5000.0,2,Low,Marketplace Search,0,0.2230299859249311,22.302998592493108,Low
17961,Electronics,Chennai,Medium,Industrial Equipment,25140.03,18,Low,Paid Search,0,0.22294575989382315,22.294575989382317,Low
11202,Pharmaceuticals,Hyderabad,Small,Steel & Metal,5000.0,5,Medium,Direct Inquiry,0,0.22292025810819288,22.29202581081929,Low
7829,Construction,Bengaluru,Micro,Industrial Equipment,88965.42,14,Low,Marketplace Search,0,0.22262535290872146,22.262535290872147,Low
15495,Pharmaceuticals,Bengaluru,Small,Food Ingredients,27922.46,11,High,Paid Search,0,0.2224907210079859,22.24907210079859,Low
3199,Electronics,Indore,Small,Electrical Components,9067.36,6,High,Paid Search,0,0.2222907954806662,22.22907954806662,Low
10102,Electronics,Pune,Micro,Construction Materials,5000.0,3,Critical,Marketplace Search,0,0.22212385519117034,22.212385519117035,Low
18199,Manufacturing,Pune,Small,Chemicals,28521.58,27,Medium,Organic Search,0,0.22203427859600197,22.203427859600197,Low
11044,Automotive,Chennai,Micro,Packaging,5000.0,1,Medium,Email Campaign,1,0.22188059360990856,22.188059360990856,Low
16388,Pharmaceuticals,Chennai,Micro,Industrial Equipment,56113.57,15,Medium,Paid Search,0,0.22188050223830524,22.188050223830523,Low
19419,Textiles,Indore,Small,Electrical Components,5000.0,3,Medium,Direct Inquiry,0,0.221876563229046,22.1876563229046,Low
6518,Construction,Ahmedabad,Micro,Textile Machinery,21496.83,7,Medium,Marketplace Search,0,0.2216352846626306,22.16352846626306,Low
8009,Automotive,Pune,Small,Textile Machinery,8585.95,7,Medium,Organic Search,0,0.22158147232538378,22.15814723253838,Low
12454,Automotive,Jaipur,Micro,Construction Materials,10705.81,4,High,Marketplace Search,0,0.22141789201596523,22.141789201596524,Low
11304,Food & Beverage,Mumbai,Small,Electrical Components,25470.63,18,Low,Paid Search,0,0.22134784916392974,22.134784916392974,Low
13096,Manufacturing,Delhi NCR,Micro,Construction Materials,11236.24,7,Medium,Referral,0,0.2212329000172678,22.12329000172678,Low
650,Wholesale,Pune,Medium,Construction Materials,5000.0,2,Medium,Organic Search,0,0.22098096487830474,22.098096487830475,Low
13277,Chemicals,Ahmedabad,Small,Packaging,31333.94,34,Medium,Paid Search,0,0.22095059466139472,22.09505946613947,Low
10790,Electronics,Delhi NCR,Medium,Auto Parts,7779.92,6,Low,Organic Search,0,0.22090531823053464,22.090531823053464,Low
10353,Food & Beverage,Hyderabad,Micro,Textile Machinery,45592.8,26,Medium,Paid Search,0,0.220809816180242,22.0809816180242,Low
1360,Pharmaceuticals,Indore,Micro,Chemicals,24328.16,11,High,Marketplace Search,0,0.22075360882934425,22.075360882934426,Low
9722,Wholesale,Ahmedabad,Small,Packaging,5000.0,1,Medium,Referral,0,0.22066621273185244,22.066621273185245,Low
7176,Manufacturing,Jaipur,Small,Steel & Metal,85604.05,22,Medium,Paid Search,0,0.22061714476716385,22.061714476716386,Low
5450,Manufacturing,Hyderabad,Medium,Packaging,5000.0,2,High,Paid Search,0,0.22041400467649014,22.041400467649012,Low
7225,Manufacturing,Indore,Small,Textile Machinery,47159.19,46,Medium,Referral,0,0.22038688642372192,22.038688642372193,Low
3920,Construction,Jaipur,Micro,Textile Machinery,5000.0,2,High,Marketplace Search,0,0.22036374261762168,22.036374261762166,Low
17,Manufacturing,Kolkata,Micro,Auto Parts,5960.28,12,Medium,Marketplace Search,0,0.22028314892173037,22.028314892173036,Low
7003,Automotive,Hyderabad,Micro,Office Supplies,6079.92,19,Medium,Marketplace Search,0,0.22027419315029717,22.027419315029718,Low
4214,Automotive,Bengaluru,Small,Office Supplies,8427.62,19,High,Marketplace Search,0,0.22022283538760057,22.022283538760057,Low
12974,Manufacturing,Mumbai,Medium,Electrical Components,23744.43,11,High,Paid Search,0,0.22012220460537021,22.012220460537023,Low
12945,Wholesale,Bengaluru,Micro,Industrial Equipment,14425.4,7,Medium,Organic Search,0,0.2201073225666499,22.010732256664987,Low
6813,Manufacturing,Kolkata,Micro,Industrial Equipment,11713.93,10,Medium,Marketplace Search,0,0.22005061426701145,22.005061426701143,Low
19904,Automotive,Ahmedabad,Micro,Textile Machinery,14121.61,6,Critical,Paid Search,0,0.2199659796785115,21.99659796785115,Low
14768,Construction,Ahmedabad,Micro,Textile Machinery,87345.47,14,Medium,Referral,0,0.21982293275395987,21.982293275395985,Low
3180,Electronics,Pune,Micro,Construction Materials,5785.16,10,Critical,Paid Search,0,0.21978680930318753,21.978680930318752,Low
10637,Electronics,Jaipur,Small,Electrical Components,6233.5,3,Low,Direct Inquiry,0,0.21957942590930712,21.957942590930713,Low
14411,Manufacturing,Delhi NCR,Micro,Chemicals,14031.2,22,High,Paid Search,0,0.21904028214306553,21.904028214306553,Low
2982,Manufacturing,Indore,Small,Office Supplies,15448.18,12,Low,Direct Inquiry,0,0.21898733400412856,21.898733400412855,Low
12589,Food & Beverage,Indore,Small,Auto Parts,15276.41,26,Medium,Marketplace Search,0,0.21898444833097416,21.898444833097415,Low
19400,Pharmaceuticals,Delhi NCR,Small,Auto Parts,5000.0,5,High,Marketplace Search,0,0.21886441280890745,21.886441280890743,Low
2994,Automotive,Jaipur,Medium,Industrial Equipment,18647.33,11,Medium,Marketplace Search,0,0.2188011284247194,21.88011284247194,Low
15664,Construction,Bengaluru,Medium,Auto Parts,5000.0,2,Medium,Email Campaign,0,0.21862961004893441,21.862961004893442,Low
15349,Retail,Mumbai,Micro,Auto Parts,5000.0,3,Low,Referral,0,0.21859894742597502,21.8598947425975,Low
17792,Retail,Bengaluru,Medium,Electrical Components,5000.0,1,Medium,Email Campaign,0,0.21852843264285893,21.852843264285895,Low
1910,Manufacturing,Hyderabad,Micro,Electrical Components,27771.74,16,Medium,Organic Search,0,0.21851590712405028,21.851590712405027,Low
10732,Food & Beverage,Pune,Micro,Packaging,5000.0,4,Low,Organic Search,0,0.2184035718669936,21.84035718669936,Low
4828,Food & Beverage,Ahmedabad,Micro,Construction Materials,5000.0,3,Medium,Organic Search,0,0.21826367881474204,21.826367881474205,Low
8812,Automotive,Pune,Micro,Packaging,5000.0,3,Medium,Marketplace Search,0,0.2178459632382483,21.784596323824832,Low
13711,Automotive,Bengaluru,Micro,Auto Parts,12202.71,18,Low,Email Campaign,0,0.21761649496228974,21.761649496228973,Low
12317,Automotive,Delhi NCR,Small,Office Supplies,10830.84,13,High,Direct Inquiry,0,0.21749877773840565,21.749877773840566,Low
16485,Chemicals,Bengaluru,Small,Construction Materials,22763.13,8,Low,Organic Search,0,0.21701205759318062,21.70120575931806,Low
10989,Electronics,Delhi NCR,Medium,Industrial Equipment,5000.0,2,Low,Organic Search,0,0.2169673402554624,21.69673402554624,Low
2638,Textiles,Mumbai,Small,Auto Parts,6838.41,4,Medium,Marketplace Search,0,0.21695780286475458,21.695780286475458,Low
10169,Manufacturing,Ahmedabad,Micro,Electrical Components,5030.14,6,Critical,Direct Inquiry,0,0.21683551382782087,21.68355138278209,Low
12861,Electronics,Ahmedabad,Micro,Steel & Metal,5000.0,1,Medium,Marketplace Search,1,0.21679906933019152,21.67990693301915,Low
19971,Textiles,Mumbai,Micro,Textile Machinery,11400.22,11,Medium,Organic Search,1,0.2164741836855242,21.647418368552422,Low
10684,Pharmaceuticals,Jaipur,Medium,Packaging,14194.26,18,High,Marketplace Search,0,0.21641213531660697,21.641213531660696,Low
9836,Construction,Hyderabad,Micro,Electrical Components,20239.48,6,Low,Marketplace Search,0,0.21623616213252436,21.623616213252436,Low
17768,Construction,Delhi NCR,Medium,Chemicals,13731.57,5,Medium,Paid Search,0,0.2161907727013248,21.61907727013248,Low
4245,Construction,Indore,Micro,Construction Materials,7397.27,4,Medium,Marketplace Search,1,0.21611832385939253,21.611832385939252,Low
15837,Electronics,Hyderabad,Micro,Food Ingredients,5000.0,5,High,Direct Inquiry,0,0.21609958788777434,21.609958788777433,Low
4371,Manufacturing,Delhi NCR,Small,Chemicals,5000.0,3,Medium,Marketplace Search,0,0.2158826158401399,21.588261584013992,Low
13984,Chemicals,Jaipur,Micro,Packaging,14060.94,12,Medium,Organic Search,0,0.21585840183442817,21.585840183442816,Low
11468,Textiles,Pune,Micro,Food Ingredients,6489.76,9,Medium,Direct Inquiry,0,0.21567206709651535,21.567206709651536,Low
10688,Wholesale,Kolkata,Medium,Industrial Equipment,26332.5,3,Medium,Marketplace Search,0,0.21558197904962936,21.558197904962935,Low
15438,Chemicals,Indore,Medium,Industrial Equipment,6490.56,4,Medium,Email Campaign,0,0.21552727132050484,21.552727132050485,Low
2138,Food & Beverage,Indore,Medium,Chemicals,13220.98,10,Low,Marketplace Search,0,0.21532682782108925,21.532682782108925,Low
15891,Pharmaceuticals,Jaipur,Micro,Construction Materials,5000.0,3,Critical,Direct Inquiry,0,0.215319982153729,21.531998215372898,Low
16190,Construction,Bengaluru,Medium,Food Ingredients,5000.0,8,High,Marketplace Search,0,0.2149804470088121,21.49804470088121,Low
9255,Construction,Chennai,Micro,Food Ingredients,19845.54,15,Medium,Marketplace Search,0,0.21445641066350116,21.445641066350117,Low
16917,Manufacturing,Jaipur,Small,Food Ingredients,5000.0,5,Low,Organic Search,0,0.2142832253534869,21.42832253534869,Low
18358,Manufacturing,Bengaluru,Micro,Steel & Metal,7292.05,5,Medium,Organic Search,0,0.2142575814109523,21.42575814109523,Low
15525,Pharmaceuticals,Indore,Micro,Electrical Components,5000.0,4,Low,Organic Search,0,0.21418132306237184,21.418132306237183,Low
17982,Electronics,Delhi NCR,Medium,Textile Machinery,123537.37,26,Medium,Marketplace Search,0,0.21388211024758064,21.388211024758064,Low
11988,Electronics,Indore,Medium,Industrial Equipment,36844.78,10,High,Direct Inquiry,0,0.21381363781666604,21.381363781666604,Low
19263,Retail,Pune,Small,Chemicals,14059.97,4,Medium,Direct Inquiry,0,0.21367742695824374,21.367742695824372,Low
14169,Food & Beverage,Pune,Micro,Industrial Equipment,27817.72,15,Medium,Email Campaign,0,0.213373331255849,21.3373331255849,Low
15335,Manufacturing,Jaipur,Micro,Textile Machinery,5000.0,7,Medium,Organic Search,0,0.2132319587312318,21.32319587312318,Low
14362,Chemicals,Mumbai,Small,Textile Machinery,5000.0,2,Medium,Organic Search,0,0.21314800243290263,21.314800243290264,Low
16973,Manufacturing,Pune,Small,Electrical Components,25128.52,16,Low,Organic Search,0,0.21296282789562174,21.296282789562174,Low
2977,Food & Beverage,Mumbai,Micro,Industrial Equipment,14801.14,11,Low,Marketplace Search,0,0.21283692280450958,21.283692280450957,Low
18017,Retail,Hyderabad,Small,Textile Machinery,5000.0,3,Low,Organic Search,0,0.2125266615695563,21.25266615695563,Low
5202,Construction,Bengaluru,Large,Construction Materials,11159.47,8,Medium,Marketplace Search,1,0.21225461726481007,21.225461726481008,Low
10030,Automotive,Delhi NCR,Small,Food Ingredients,5000.0,8,Medium,Marketplace Search,0,0.21201431121494552,21.20143112149455,Low
700,Construction,Pune,Medium,Food Ingredients,5000.0,3,Medium,Marketplace Search,0,0.21146975885814245,21.146975885814246,Low
14867,Manufacturing,Indore,Small,Textile Machinery,7305.71,2,Low,Organic Search,0,0.211389186539635,21.1389186539635,Low
4832,Pharmaceuticals,Kolkata,Micro,Chemicals,12077.6,6,Medium,Direct Inquiry,0,0.21136564616303957,21.136564616303957,Low
10949,Construction,Jaipur,Large,Auto Parts,5981.82,5,Medium,Marketplace Search,1,0.21129094214440078,21.129094214440077,Low
12602,Electronics,Chennai,Small,Packaging,5000.0,5,Low,Email Campaign,0,0.21081838949001558,21.081838949001558,Low
10491,Wholesale,Indore,Small,Textile Machinery,5325.42,8,Low,Marketplace Search,0,0.21064276524276626,21.064276524276625,Low
18250,Construction,Kolkata,Small,Textile Machinery,5000.0,4,Medium,Direct Inquiry,0,0.21057612729786768,21.05761272978677,Low
1682,Food & Beverage,Kolkata,Micro,Packaging,5000.0,5,Medium,Marketplace Search,0,0.21052722205552618,21.05272220555262,Low
5183,Pharmaceuticals,Chennai,Micro,Textile Machinery,27095.02,22,Medium,Email Campaign,0,0.210341824700694,21.0341824700694,Low
14447,Pharmaceuticals,Ahmedabad,Micro,Textile Machinery,7437.74,7,Medium,Marketplace Search,0,0.21019490620304035,21.019490620304033,Low
10706,Chemicals,Hyderabad,Micro,Food Ingredients,5000.0,11,Low,Direct Inquiry,0,0.2101436789718702,21.014367897187018,Low
5596,Electronics,Delhi NCR,Large,Office Supplies,5557.0,19,Low,Referral,0,0.21006069466657312,21.006069466657312,Low
2988,Construction,Delhi NCR,Large,Textile Machinery,40094.17,19,High,Paid Search,0,0.2094733307979432,20.94733307979432,Low
3731,Electronics,Mumbai,Large,Auto Parts,8287.93,4,High,Direct Inquiry,0,0.20913822226396594,20.913822226396594,Low
19337,Electronics,Ahmedabad,Small,Chemicals,5000.0,3,Medium,Direct Inquiry,0,0.20897487939572276,20.897487939572276,Low
10362,Construction,Pune,Medium,Electrical Components,9894.68,7,Medium,Direct Inquiry,0,0.20869389465034366,20.869389465034367,Low
5762,Food & Beverage,Jaipur,Small,Packaging,8139.61,4,Medium,Referral,0,0.20864687758616726,20.864687758616725,Low
10131,Manufacturing,Hyderabad,Large,Electrical Components,7122.88,3,Medium,Marketplace Search,0,0.20794526253585136,20.794526253585136,Low
16520,Textiles,Mumbai,Medium,Food Ingredients,5000.0,2,High,Marketplace Search,0,0.20782118487866616,20.782118487866615,Low
16654,Manufacturing,Indore,Large,Textile Machinery,15076.65,10,Medium,Email Campaign,0,0.20740890799110304,20.740890799110304,Low
4284,Electronics,Ahmedabad,Medium,Electrical Components,11811.32,6,Low,Marketplace Search,0,0.2071242165690404,20.71242165690404,Low
2804,Manufacturing,Jaipur,Medium,Food Ingredients,5000.0,3,Medium,Direct Inquiry,0,0.207123305311771,20.712330531177102,Low
2288,Construction,Kolkata,Small,Chemicals,15725.82,4,Medium,Marketplace Search,0,0.2068575386994666,20.68575386994666,Low
3590,Textiles,Hyderabad,Micro,Auto Parts,10730.35,8,Medium,Referral,0,0.2064464373346085,20.64464373346085,Low
3889,Construction,Mumbai,Micro,Construction Materials,14396.09,15,Medium,Marketplace Search,1,0.20607481777202233,20.60748177720223,Low
8049,Pharmaceuticals,Pune,Micro,Packaging,13304.63,13,Low,Marketplace Search,0,0.20587891057205052,20.587891057205052,Low
16199,Retail,Jaipur,Medium,Industrial Equipment,19702.87,11,Low,Marketplace Search,0,0.2057135636009555,20.57135636009555,Low
17583,Retail,Indore,Medium,Industrial Equipment,5000.0,4,Medium,Organic Search,0,0.20565229306540248,20.565229306540246,Low
14753,Electronics,Chennai,Micro,Food Ingredients,5000.0,11,Medium,Marketplace Search,0,0.20562588196750986,20.562588196750987,Low
16619,Food & Beverage,Indore,Micro,Industrial Equipment,29493.04,13,Low,Marketplace Search,0,0.20506271610291582,20.50627161029158,Low
19735,Automotive,Delhi NCR,Medium,Steel & Metal,8801.9,4,Medium,Organic Search,0,0.20486765258053272,20.48676525805327,Low
13072,Automotive,Delhi NCR,Small,Packaging,11350.1,9,Low,Direct Inquiry,0,0.20484951531276702,20.484951531276703,Low
5698,Textiles,Ahmedabad,Large,Office Supplies,5000.0,4,Medium,Paid Search,0,0.20425582574107565,20.425582574107565,Low
1270,Chemicals,Kolkata,Medium,Auto Parts,10261.54,4,Medium,Marketplace Search,0,0.2040379840434065,20.40379840434065,Low
3421,Retail,Kolkata,Small,Construction Materials,6114.85,4,Low,Marketplace Search,0,0.20396543661315658,20.396543661315658,Low
3148,Textiles,Indore,Micro,Steel & Metal,12756.46,11,Medium,Marketplace Search,0,0.20367785219412007,20.367785219412006,Low
6097,Automotive,Indore,Medium,Textile Machinery,15723.08,6,High,Organic Search,0,0.20367211754213055,20.367211754213056,Low
10746,Wholesale,Mumbai,Micro,Office Supplies,6510.47,10,Low,Marketplace Search,0,0.20351129658999956,20.351129658999955,Low
17713,Wholesale,Chennai,Micro,Construction Materials,5000.0,3,Medium,Referral,0,0.20349100351584506,20.349100351584507,Low
8826,Food & Beverage,Hyderabad,Medium,Textile Machinery,6653.09,9,Low,Marketplace Search,0,0.20330263622363795,20.330263622363795,Low
1318,Food & Beverage,Jaipur,Medium,Electrical Components,35203.01,18,Medium,Paid Search,0,0.20299689249665098,20.2996892496651,Low
756,Retail,Delhi NCR,Micro,Office Supplies,21363.24,28,Low,Marketplace Search,0,0.20296809556058412,20.296809556058413,Low
11623,Pharmaceuticals,Delhi NCR,Medium,Electrical Components,5000.0,1,Medium,Paid Search,0,0.20266337385529878,20.26633738552988,Low
16781,Textiles,Jaipur,Small,Construction Materials,5000.0,2,Medium,Referral,0,0.2023557241968569,20.235572419685692,Low
18600,Electronics,Pune,Medium,Electrical Components,8214.98,8,Medium,Referral,0,0.20217522367382704,20.217522367382703,Low
7183,Retail,Ahmedabad,Small,Textile Machinery,20603.61,12,Low,Direct Inquiry,0,0.20217427571098567,20.21742757109857,Low
19410,Textiles,Jaipur,Small,Food Ingredients,12494.87,13,Medium,Email Campaign,0,0.20214550415372323,20.214550415372322,Low
17201,Manufacturing,Delhi NCR,Medium,Textile Machinery,5000.0,2,High,Paid Search,0,0.20213011385482182,20.213011385482183,Low
11423,Manufacturing,Mumbai,Large,Steel & Metal,18573.6,7,Low,Direct Inquiry,0,0.20185778954858305,20.185778954858304,Low
4416,Automotive,Indore,Small,Industrial Equipment,36631.63,14,Medium,Marketplace Search,0,0.20164671430979134,20.164671430979134,Low
9424,Automotive,Delhi NCR,Small,Industrial Equipment,5000.0,2,Medium,Marketplace Search,0,0.2015965254191007,20.15965254191007,Low
19426,Textiles,Hyderabad,Micro,Food Ingredients,7983.6,6,High,Organic Search,0,0.2015681917487505,20.15681917487505,Low
18244,Construction,Hyderabad,Small,Electrical Components,5574.72,10,Medium,Marketplace Search,0,0.20134455946867694,20.134455946867693,Low
10208,Construction,Pune,Small,Chemicals,5000.0,6,Low,Marketplace Search,0,0.20129791892400556,20.129791892400554,Low
10823,Wholesale,Jaipur,Micro,Textile Machinery,23954.1,13,Low,Marketplace Search,0,0.20129784781336768,20.129784781336767,Low
1238,Construction,Delhi NCR,Medium,Industrial Equipment,7180.12,2,Low,Marketplace Search,0,0.20110680038846213,20.110680038846212,Low
10703,Pharmaceuticals,Delhi NCR,Micro,Textile Machinery,6994.1,11,Medium,Email Campaign,0,0.20070212730799072,20.07021273079907,Low
10451,Electronics,Jaipur,Small,Textile Machinery,11124.87,9,High,Paid Search,0,0.20069278426942813,20.069278426942812,Low
17205,Electronics,Hyderabad,Micro,Industrial Equipment,21175.13,14,Medium,Email Campaign,0,0.2006213814427093,20.06213814427093,Low
15654,Manufacturing,Pune,Small,Food Ingredients,15924.87,13,Low,Organic Search,0,0.20052718217248433,20.052718217248433,Low
16878,Retail,Bengaluru,Small,Auto Parts,5000.0,1,Medium,Organic Search,0,0.20046595007653015,20.046595007653014,Low
1379,Wholesale,Hyderabad,Medium,Food Ingredients,5000.0,3,Low,Marketplace Search,0,0.19956497914634716,19.956497914634717,Low
3723,Wholesale,Indore,Micro,Food Ingredients,6075.44,7,Medium,Paid Search,0,0.1994001729115543,19.940017291155428,Low
17475,Pharmaceuticals,Hyderabad,Medium,Chemicals,22263.39,9,Low,Email Campaign,0,0.19927732344648202,19.927732344648202,Low
18602,Construction,Pune,Micro,Packaging,5000.0,5,Low,Email Campaign,0,0.19915205845011677,19.915205845011677,Low
13184,Automotive,Ahmedabad,Micro,Office Supplies,5000.0,1,High,Paid Search,0,0.19908700445642347,19.908700445642346,Low
14669,Construction,Indore,Micro,Office Supplies,8956.45,12,Medium,Marketplace Search,0,0.19900968972888772,19.900968972888773,Low
13101,Construction,Chennai,Micro,Electrical Components,5000.0,3,High,Organic Search,0,0.1989994429219423,19.89994429219423,Low
16006,Food & Beverage,Pune,Large,Steel & Metal,30904.6,13,Low,Email Campaign,0,0.198809068890407,19.880906889040702,Low
12710,Pharmaceuticals,Delhi NCR,Small,Industrial Equipment,9286.2,5,Medium,Marketplace Search,0,0.19873808860852157,19.873808860852158,Low
10215,Automotive,Jaipur,Small,Steel & Metal,44074.78,17,Medium,Marketplace Search,0,0.19866239991493534,19.866239991493533,Low
9405,Automotive,Bengaluru,Micro,Food Ingredients,5000.0,3,High,Marketplace Search,0,0.19862871749280184,19.862871749280185,Low
18006,Electronics,Bengaluru,Micro,Textile Machinery,15075.81,8,Medium,Organic Search,0,0.19836340072278513,19.836340072278514,Low
12060,Manufacturing,Hyderabad,Large,Packaging,9963.15,9,Low,Direct Inquiry,0,0.19833342749192273,19.833342749192273,Low
11159,Construction,Indore,Micro,Office Supplies,12755.23,23,Critical,Paid Search,0,0.19832095126273497,19.832095126273497,Low
9025,Automotive,Indore,Medium,Food Ingredients,5000.0,6,Low,Marketplace Search,0,0.19822805942405666,19.822805942405665,Low
9944,Retail,Ahmedabad,Small,Chemicals,7636.78,8,Low,Marketplace Search,0,0.19796620077753332,19.79662007775333,Low
7077,Chemicals,Indore,Small,Textile Machinery,5000.0,2,High,Marketplace Search,0,0.19753983862516522,19.75398386251652,Low
19101,Wholesale,Indore,Micro,Steel & Metal,5000.0,2,Low,Direct Inquiry,0,0.19749997031766217,19.749997031766217,Low
7405,Manufacturing,Hyderabad,Medium,Packaging,14192.61,19,Low,Direct Inquiry,0,0.197467804334624,19.746780433462398,Low
5206,Manufacturing,Pune,Micro,Industrial Equipment,17577.57,7,High,Email Campaign,0,0.19738691063844632,19.738691063844634,Low
7314,Retail,Ahmedabad,Micro,Office Supplies,6078.05,8,Low,Marketplace Search,0,0.1972407457168616,19.72407457168616,Low
12839,Chemicals,Delhi NCR,Medium,Electrical Components,5000.0,1,Low,Organic Search,0,0.19703470625167332,19.703470625167334,Low
1783,Manufacturing,Bengaluru,Medium,Electrical Components,46213.67,13,Low,Marketplace Search,0,0.1969944148537191,19.69944148537191,Low
10307,Manufacturing,Bengaluru,Micro,Industrial Equipment,15566.17,8,Low,Direct Inquiry,0,0.196705069958508,19.6705069958508,Low
16807,Manufacturing,Chennai,Medium,Electrical Components,6970.76,4,High,Paid Search,0,0.19627073939503006,19.627073939503006,Low
14367,Electronics,Jaipur,Micro,Packaging,11723.7,5,Medium,Organic Search,0,0.19596799804956624,19.596799804956625,Low
9470,Pharmaceuticals,Pune,Small,Industrial Equipment,8827.03,5,Medium,Direct Inquiry,0,0.1959651449679917,19.59651449679917,Low
12519,Construction,Hyderabad,Micro,Steel & Metal,5000.0,2,High,Email Campaign,0,0.19591662913501418,19.591662913501416,Low
17082,Wholesale,Bengaluru,Micro,Construction Materials,28072.14,21,Medium,Marketplace Search,0,0.19565915516112078,19.565915516112078,Low
11011,Textiles,Mumbai,Micro,Chemicals,38838.94,10,Medium,Organic Search,0,0.19554230662116776,19.554230662116776,Low
13447,Manufacturing,Mumbai,Medium,Packaging,30592.14,13,High,Marketplace Search,0,0.19537767969390682,19.537767969390682,Low
16330,Construction,Chennai,Small,Food Ingredients,5000.0,4,High,Paid Search,0,0.1953200266038891,19.532002660388912,Low
19982,Pharmaceuticals,Mumbai,Medium,Chemicals,5000.0,3,Low,Direct Inquiry,0,0.19475583373132316,19.475583373132316,Low
7087,Construction,Indore,Small,Office Supplies,5580.54,11,Medium,Direct Inquiry,0,0.19436536477417826,19.436536477417825,Low
12407,Construction,Mumbai,Medium,Textile Machinery,41890.76,13,Medium,Direct Inquiry,0,0.1942625387438173,19.42625387438173,Low
14482,Textiles,Ahmedabad,Micro,Food Ingredients,19893.95,20,Low,Paid Search,0,0.19421819600041243,19.421819600041243,Low
18934,Food & Beverage,Mumbai,Micro,Food Ingredients,5000.0,6,Medium,Marketplace Search,0,0.19414856016875776,19.414856016875774,Low
11722,Automotive,Jaipur,Micro,Office Supplies,16858.75,47,Low,Organic Search,0,0.19387883236637948,19.387883236637947,Low
15015,Electronics,Kolkata,Large,Auto Parts,33995.54,19,Low,Marketplace Search,0,0.19381686306989088,19.38168630698909,Low
9229,Retail,Jaipur,Medium,Office Supplies,5000.0,11,Medium,Direct Inquiry,0,0.19375189256417066,19.375189256417066,Low
16716,Automotive,Chennai,Small,Auto Parts,7683.63,5,Medium,Email Campaign,0,0.19328010703511025,19.328010703511026,Low
19395,Food & Beverage,Kolkata,Small,Packaging,5000.0,2,Medium,Marketplace Search,0,0.19323315888671336,19.323315888671335,Low
8628,Wholesale,Jaipur,Small,Office Supplies,5000.0,3,Medium,Marketplace Search,0,0.19309066427547456,19.309066427547457,Low
5337,Pharmaceuticals,Pune,Small,Textile Machinery,9464.44,3,High,Marketplace Search,0,0.19285401293335297,19.285401293335298,Low
14462,Pharmaceuticals,Hyderabad,Medium,Auto Parts,21472.6,14,Low,Direct Inquiry,0,0.19275815719262757,19.275815719262756,Low
15757,Manufacturing,Chennai,Large,Steel & Metal,16213.82,6,Low,Email Campaign,0,0.19172191602594219,19.172191602594218,Low
16212,Construction,Mumbai,Micro,Chemicals,9576.88,9,Medium,Marketplace Search,0,0.19144534332166444,19.144534332166444,Low
14430,Retail,Indore,Small,Construction Materials,8118.48,4,Medium,Paid Search,0,0.19143253776175845,19.143253776175843,Low
14930,Retail,Delhi NCR,Small,Packaging,10153.04,16,Low,Marketplace Search,0,0.19111580833820777,19.111580833820778,Low
1147,Textiles,Kolkata,Micro,Packaging,5000.0,1,Medium,Marketplace Search,0,0.1900202757983031,19.00202757983031,Low
10274,Construction,Hyderabad,Micro,Chemicals,8143.25,14,Medium,Marketplace Search,0,0.18994220982281793,18.994220982281792,Low
8267,Construction,Delhi NCR,Small,Textile Machinery,5000.0,1,Medium,Email Campaign,0,0.1886985311755042,18.86985311755042,Low
10310,Manufacturing,Mumbai,Small,Steel & Metal,7570.0,5,Medium,Marketplace Search,0,0.18832238634239604,18.832238634239605,Low
10249,Electronics,Indore,Micro,Auto Parts,5000.0,8,High,Referral,0,0.18743385385464031,18.74338538546403,Low
8314,Construction,Indore,Medium,Packaging,10839.4,10,Medium,Paid Search,0,0.18723443768812842,18.723443768812842,Low
8191,Textiles,Jaipur,Micro,Steel & Metal,9240.9,5,Medium,Marketplace Search,0,0.18650553511622853,18.650553511622853,Low
18763,Retail,Jaipur,Micro,Auto Parts,5000.0,5,Medium,Direct Inquiry,0,0.18615142929841844,18.615142929841845,Low
12371,Construction,Mumbai,Medium,Chemicals,5000.0,2,Low,Direct Inquiry,0,0.18597665905653632,18.59766590565363,Low
15908,Retail,Jaipur,Small,Steel & Metal,10984.18,8,Low,Marketplace Search,0,0.18594408323893896,18.594408323893894,Low
2058,Manufacturing,Ahmedabad,Medium,Packaging,5000.0,4,Medium,Marketplace Search,0,0.18573240220956302,18.573240220956304,Low
12284,Pharmaceuticals,Bengaluru,Medium,Packaging,7321.58,7,Low,Direct Inquiry,0,0.18434943536878803,18.434943536878805,Low
4779,Pharmaceuticals,Indore,Micro,Steel & Metal,5000.0,2,Low,Referral,0,0.18407202850212653,18.407202850212652,Low
3453,Manufacturing,Indore,Micro,Packaging,7689.43,9,Medium,Marketplace Search,0,0.18387524092362934,18.387524092362934,Low
4609,Chemicals,Kolkata,Micro,Industrial Equipment,7867.73,5,Medium,Marketplace Search,0,0.18353710830507214,18.353710830507215,Low
7706,Construction,Pune,Small,Electrical Components,5000.0,9,Low,Direct Inquiry,0,0.18353367550923486,18.353367550923487,Low
7465,Manufacturing,Kolkata,Micro,Electrical Components,7174.77,5,Low,Marketplace Search,0,0.18304203439070266,18.304203439070264,Low
1013,Chemicals,Mumbai,Small,Construction Materials,8398.01,3,Medium,Marketplace Search,0,0.18272564088993795,18.272564088993796,Low
18517,Chemicals,Jaipur,Large,Chemicals,5000.0,2,Medium,Direct Inquiry,0,0.1825542124751682,18.25542124751682,Low
1627,Construction,Pune,Small,Food Ingredients,7643.09,14,Medium,Organic Search,0,0.18195546680905822,18.19554668090582,Low
9853,Manufacturing,Delhi NCR,Micro,Chemicals,11470.73,10,Medium,Direct Inquiry,0,0.1810362207426295,18.10362207426295,Low
15703,Textiles,Indore,Large,Food Ingredients,5932.17,8,Medium,Email Campaign,0,0.18101317873433648,18.101317873433647,Low
10972,Electronics,Pune,Small,Industrial Equipment,5000.0,1,Medium,Marketplace Search,0,0.18064919979120267,18.064919979120265,Low
1094,Automotive,Mumbai,Large,Construction Materials,16551.64,12,Low,Marketplace Search,0,0.1795975222236674,17.95975222236674,Low
12133,Textiles,Pune,Small,Industrial Equipment,5199.65,3,Low,Email Campaign,0,0.1795807790172072,17.95807790172072,Low
13028,Construction,Indore,Micro,Textile Machinery,21584.84,12,Medium,Paid Search,0,0.17935165777638767,17.93516577763877,Low
8115,Electronics,Delhi NCR,Micro,Chemicals,10917.06,9,Medium,Referral,0,0.17868965540060214,17.868965540060213,Low
3457,Electronics,Ahmedabad,Small,Office Supplies,5000.0,12,Low,Direct Inquiry,0,0.17857021112524973,17.857021112524972,Low
1062,Construction,Bengaluru,Medium,Textile Machinery,9930.82,4,Medium,Referral,0,0.17850567690771843,17.850567690771843,Low
17487,Construction,Bengaluru,Micro,Electrical Components,5000.0,4,Medium,Paid Search,0,0.1784647735919921,17.84647735919921,Low
10185,Manufacturing,Chennai,Micro,Textile Machinery,7939.49,10,Medium,Direct Inquiry,0,0.17840769029746031,17.84076902974603,Low
7213,Automotive,Chennai,Small,Packaging,5136.7,5,Low,Paid Search,0,0.17804736881861294,17.804736881861295,Low
11608,Manufacturing,Kolkata,Micro,Construction Materials,5000.0,4,Low,Paid Search,0,0.17782894470686272,17.782894470686273,Low
12448,Textiles,Delhi NCR,Micro,Construction Materials,5000.0,2,Medium,Organic Search,0,0.17766039194342995,17.766039194342994,Low
8529,Construction,Jaipur,Micro,Food Ingredients,5000.0,8,Low,Direct Inquiry,0,0.17735776508153986,17.735776508153986,Low
9622,Chemicals,Jaipur,Small,Auto Parts,5000.0,3,Medium,Marketplace Search,0,0.17660028558536187,17.660028558536187,Low
7254,Automotive,Indore,Large,Auto Parts,5000.0,1,Low,Referral,0,0.17610907331231496,17.610907331231495,Low
9337,Automotive,Hyderabad,Medium,Office Supplies,25151.4,24,Medium,Marketplace Search,0,0.1759836420685075,17.59836420685075,Low
15936,Electronics,Hyderabad,Micro,Electrical Components,5000.0,7,Medium,Marketplace Search,0,0.17542429529736864,17.542429529736864,Low
12860,Automotive,Jaipur,Micro,Construction Materials,6022.69,8,Medium,Direct Inquiry,0,0.1751727933229467,17.51727933229467,Low
17350,Construction,Indore,Micro,Electrical Components,9304.9,12,Medium,Marketplace Search,0,0.17486273209722683,17.486273209722683,Low
4434,Automotive,Mumbai,Large,Industrial Equipment,16612.53,6,Medium,Marketplace Search,0,0.17458269855361028,17.458269855361028,Low
16139,Chemicals,Jaipur,Micro,Electrical Components,17507.06,17,Medium,Direct Inquiry,0,0.17419056209594316,17.419056209594316,Low
9392,Automotive,Indore,Micro,Industrial Equipment,5810.91,3,Low,Paid Search,0,0.17289723371717192,17.28972337171719,Low
2712,Construction,Chennai,Small,Auto Parts,7189.18,12,Low,Marketplace Search,0,0.17261598787964563,17.261598787964562,Low
8783,Construction,Mumbai,Small,Electrical Components,8391.91,6,Medium,Marketplace Search,0,0.17237809686794275,17.237809686794275,Low
13416,Electronics,Pune,Micro,Auto Parts,16719.02,17,Medium,Email Campaign,0,0.17161032162221598,17.1610321622216,Low
9402,Automotive,Chennai,Medium,Textile Machinery,16210.12,11,Medium,Marketplace Search,0,0.17076298739133702,17.0762987391337,Low
11606,Pharmaceuticals,Mumbai,Micro,Office Supplies,5000.0,6,Medium,Organic Search,0,0.16963333711884956,16.963333711884957,Low
3109,Electronics,Mumbai,Micro,Textile Machinery,5510.8,4,Medium,Marketplace Search,0,0.1687136951880809,16.87136951880809,Low
1656,Construction,Hyderabad,Micro,Construction Materials,12938.43,18,Medium,Organic Search,0,0.16788277490370207,16.788277490370206,Low
16710,Construction,Jaipur,Large,Auto Parts,22726.37,4,Medium,Direct Inquiry,0,0.16683724309645287,16.683724309645285,Low
8717,Manufacturing,Jaipur,Small,Packaging,5005.91,6,Low,Marketplace Search,0,0.1667649073742296,16.67649073742296,Low
9913,Construction,Mumbai,Large,Textile Machinery,7521.73,2,Medium,Organic Search,0,0.1666978840657274,16.66978840657274,Low
13460,Manufacturing,Kolkata,Medium,Chemicals,5000.0,1,Medium,Marketplace Search,0,0.1663519170226032,16.63519170226032,Low
12356,Electronics,Pune,Medium,Packaging,5000.0,2,Low,Organic Search,0,0.16632654345680495,16.632654345680496,Low
3154,Construction,Bengaluru,Micro,Chemicals,14861.54,7,High,Marketplace Search,0,0.16574041099566464,16.574041099566465,Low
1872,Chemicals,Jaipur,Small,Construction Materials,18923.47,14,Medium,Direct Inquiry,0,0.16542637376387706,16.542637376387706,Low
16043,Construction,Hyderabad,Small,Packaging,5000.0,3,High,Marketplace Search,0,0.16536745299194863,16.536745299194862,Low
1535,Wholesale,Mumbai,Small,Auto Parts,8834.47,18,Medium,Email Campaign,0,0.16530082756812536,16.530082756812536,Low
5388,Wholesale,Mumbai,Micro,Construction Materials,8679.41,7,Medium,Marketplace Search,0,0.1619830968730172,16.19830968730172,Low
8247,Manufacturing,Jaipur,Large,Construction Materials,5000.0,3,Low,Direct Inquiry,0,0.16119163629438135,16.119163629438134,Low
7559,Electronics,Pune,Micro,Textile Machinery,13990.03,7,Medium,Marketplace Search,0,0.15975737273016574,15.975737273016573,Low
6397,Manufacturing,Indore,Micro,Textile Machinery,5625.3,3,Medium,Marketplace Search,0,0.15909617579029958,15.909617579029959,Low
3099,Construction,Hyderabad,Micro,Food Ingredients,5281.04,18,Medium,Email Campaign,0,0.15708059855020207,15.708059855020206,Low
4251,Manufacturing,Mumbai,Micro,Chemicals,12106.56,8,Low,Marketplace Search,0,0.15554395760709175,15.554395760709175,Low
17921,Electronics,Bengaluru,Medium,Construction Materials,5000.0,1,Medium,Organic Search,0,0.15441032177472236,15.441032177472236,Low
5348,Pharmaceuticals,Indore,Micro,Auto Parts,5756.01,13,Medium,Marketplace Search,0,0.15384975733082912,15.384975733082912,Low
15946,Manufacturing,Kolkata,Micro,Steel & Metal,18219.0,9,Low,Marketplace Search,0,0.15316467190021218,15.316467190021218,Low
2051,Manufacturing,Chennai,Small,Packaging,5000.0,4,Low,Marketplace Search,0,0.1522842683798538,15.22842683798538,Low
7755,Electronics,Indore,Medium,Industrial Equipment,17718.06,6,Medium,Paid Search,0,0.15066288484081786,15.066288484081786,Low
18648,Manufacturing,Chennai,Small,Textile Machinery,11259.35,10,Medium,Marketplace Search,0,0.1505894980856175,15.05894980856175,Low
4293,Automotive,Indore,Micro,Steel & Metal,5000.0,3,Low,Marketplace Search,0,0.150582327319384,15.0582327319384,Low
16171,Manufacturing,Hyderabad,Micro,Packaging,5000.0,10,Low,Marketplace Search,0,0.1504200054127157,15.04200054127157,Low
17689,Construction,Bengaluru,Micro,Auto Parts,5000.0,4,Low,Organic Search,0,0.14929202168499087,14.929202168499087,Low
18557,Construction,Chennai,Micro,Construction Materials,5000.0,1,Low,Marketplace Search,0,0.1491643270578798,14.91643270578798,Low
7594,Automotive,Chennai,Micro,Food Ingredients,13705.17,22,Low,Paid Search,0,0.14751711500599413,14.751711500599413,Low
10485,Pharmaceuticals,Mumbai,Small,Packaging,5000.0,5,Low,Marketplace Search,0,0.14698453153919191,14.698453153919191,Low
5356,Automotive,Bengaluru,Micro,Construction Materials,12520.81,11,Low,Paid Search,0,0.14667632413473472,14.667632413473472,Low
16598,Textiles,Pune,Micro,Textile Machinery,10285.05,10,Medium,Marketplace Search,0,0.14537006720804996,14.537006720804996,Low
9578,Manufacturing,Bengaluru,Medium,Office Supplies,16657.72,10,Medium,Email Campaign,0,0.1427463339823675,14.27463339823675,Low
3720,Pharmaceuticals,Jaipur,Medium,Steel & Metal,6060.45,2,Low,Marketplace Search,0,0.14063195434344253,14.063195434344253,Low
854,Construction,Mumbai,Micro,Packaging,5000.0,2,Low,Referral,0,0.13902315706746166,13.902315706746165,Low
7927,Wholesale,Indore,Small,Food Ingredients,5000.0,6,Medium,Paid Search,0,0.13604844867813068,13.604844867813068,Low
2065,Electronics,Delhi NCR,Micro,Office Supplies,5000.0,3,Medium,Marketplace Search,0,0.13493283345749368,13.493283345749369,Low
10157,Textiles,Indore,Micro,Industrial Equipment,5000.0,4,Medium,Email Campaign,0,0.13425278015847425,13.425278015847425,Low
1164,Manufacturing,Mumbai,Micro,Food Ingredients,5000.0,13,Medium,Marketplace Search,0,0.13123317739086351,13.123317739086351,Low
15555,Automotive,Mumbai,Micro,Office Supplies,5000.0,5,Low,Email Campaign,0,0.12817968326203566,12.817968326203566,Low
10379,Manufacturing,Mumbai,Micro,Packaging,7423.36,11,Low,Email Campaign,0,0.12003421642809887,12.003421642809888,Low
